https://raw.githubusercontent.com/AlephAITech/WorkBuddyGuide/814ec835e9dae4a89da368fe208425ff50e121fe/docs/bluebook/第一篇 使用手册：先把 WorkBuddy 用起来/第 1 章 初识 WorkBuddy/assets/001_image_Ve9kbu40Eo.png	/mirror/1f/1fbf64481d2b4c650f8b7ec72b5106d61c127942.webp
https://raw.githubusercontent.com/AlephAITech/WorkBuddyGuide/814ec835e9dae4a89da368fe208425ff50e121fe/docs/bluebook/第一篇 使用手册：先把 WorkBuddy 用起来/第 1 章 初识 WorkBuddy/assets/002_image_IaB9bqqj6o.png	/mirror/91/91286c8222ac204da8fefc6d3e90c91b352fb537.webp
https://raw.githubusercontent.com/AlephAITech/WorkBuddyGuide/814ec835e9dae4a89da368fe208425ff50e121fe/docs/bluebook/第一篇 使用手册：先把 WorkBuddy 用起来/第 1 章 初识 WorkBuddy/assets/003_image_Idhdsahdl.png	/mirror/70/704f627245dd3a64a78bc9b6826400d416f1e06c.webp
https://raw.githubusercontent.com/AlephAITech/WorkBuddyGuide/814ec835e9dae4a89da368fe208425ff50e121fe/docs/bluebook/第一篇 使用手册：先把 WorkBuddy 用起来/第 2 章 WorkBuddy的下载、安装、登录与更新/assets/001_image_GGeabJkE2o.png	/mirror/67/6732a6623f6f093807fb3b0c3eda5325de433834.webp
https://raw.githubusercontent.com/AlephAITech/WorkBuddyGuide/814ec835e9dae4a89da368fe208425ff50e121fe/docs/bluebook/第一篇 使用手册：先把 WorkBuddy 用起来/第 2 章 WorkBuddy的下载、安装、登录与更新/assets/002_image_HaXcbwaJXo.png	/mirror/40/408ee6dd0582cf6f0f23683f4355ccb71eb3a00c.webp
https://raw.githubusercontent.com/AlephAITech/WorkBuddyGuide/814ec835e9dae4a89da368fe208425ff50e121fe/docs/bluebook/第一篇 使用手册：先把 WorkBuddy 用起来/第 2 章 WorkBuddy的下载、安装、登录与更新/assets/003_image_Ehpebt4Eso.png	/mirror/63/63f769d098abe23c653c04c8978a1f8357f68708.webp
https://raw.githubusercontent.com/AlephAITech/WorkBuddyGuide/814ec835e9dae4a89da368fe208425ff50e121fe/docs/bluebook/第一篇 使用手册：先把 WorkBuddy 用起来/第 2 章 WorkBuddy的下载、安装、登录与更新/assets/004_image_LG3MbcWpvo.png	/mirror/a3/a3f99566530a2708ea3ae2adb9a8ebbfa1b5ef44.webp
https://raw.githubusercontent.com/AlephAITech/WorkBuddyGuide/814ec835e9dae4a89da368fe208425ff50e121fe/docs/bluebook/第一篇 使用手册：先把 WorkBuddy 用起来/第 2 章 WorkBuddy的下载、安装、登录与更新/assets/005_image_CMvYbYWFOo.png	/mirror/d1/d18579a5e21fe1cf5df0ed32c949298e6bd499e2.webp
https://raw.githubusercontent.com/AlephAITech/WorkBuddyGuide/814ec835e9dae4a89da368fe208425ff50e121fe/docs/bluebook/第一篇 使用手册：先把 WorkBuddy 用起来/第 2 章 WorkBuddy的下载、安装、登录与更新/assets/006_image_Wujkbd9eTo.png	/mirror/03/039abbf21be22deda79e563fb8f5cd175ce2fff4.webp
https://raw.githubusercontent.com/AlephAITech/WorkBuddyGuide/814ec835e9dae4a89da368fe208425ff50e121fe/docs/bluebook/第一篇 使用手册：先把 WorkBuddy 用起来/第 2 章 WorkBuddy的下载、安装、登录与更新/assets/007_image_V9L2bhWF2o.png	/mirror/1d/1d368d6d5d0d1b84669371ecd0a92eb46891bc02.webp
https://raw.githubusercontent.com/AlephAITech/WorkBuddyGuide/814ec835e9dae4a89da368fe208425ff50e121fe/docs/bluebook/第一篇 使用手册：先把 WorkBuddy 用起来/第 2 章 WorkBuddy的下载、安装、登录与更新/assets/008_image_DjcGbKYJSo.png	/mirror/25/2535159a8729890cd67a06f78132c8742b3318a6.webp
https://raw.githubusercontent.com/AlephAITech/WorkBuddyGuide/814ec835e9dae4a89da368fe208425ff50e121fe/docs/bluebook/第一篇 使用手册：先把 WorkBuddy 用起来/第 2 章 WorkBuddy的下载、安装、登录与更新/assets/009_image_Q0l3bAkUPo.png	/mirror/4e/4ef4cc9d73a765e207522982ab7723e73198ae59.webp
https://raw.githubusercontent.com/AlephAITech/WorkBuddyGuide/814ec835e9dae4a89da368fe208425ff50e121fe/docs/bluebook/第一篇 使用手册：先把 WorkBuddy 用起来/第 2 章 WorkBuddy的下载、安装、登录与更新/assets/010_image_TmYPbu7Ibo.png	/mirror/d1/d16c377a867044102a8b199a7b9c2c9333fc7dd0.webp
https://raw.githubusercontent.com/AlephAITech/WorkBuddyGuide/814ec835e9dae4a89da368fe208425ff50e121fe/docs/bluebook/第一篇 使用手册：先把 WorkBuddy 用起来/第 2 章 WorkBuddy的下载、安装、登录与更新/assets/011_image_UlJcbVqX7o.png	/mirror/8d/8d5a9cf2c04f20b8c90e276b455907783fc32964.webp
https://raw.githubusercontent.com/AlephAITech/WorkBuddyGuide/814ec835e9dae4a89da368fe208425ff50e121fe/docs/bluebook/第一篇 使用手册：先把 WorkBuddy 用起来/第 2 章 WorkBuddy的下载、安装、登录与更新/assets/012_image_LtqPbQ2z6o.png	/mirror/5f/5f0befd3fa84aac468f408a074610ae3c85dcde4.webp
https://raw.githubusercontent.com/AlephAITech/WorkBuddyGuide/814ec835e9dae4a89da368fe208425ff50e121fe/docs/bluebook/第一篇 使用手册：先把 WorkBuddy 用起来/第 2 章 WorkBuddy的下载、安装、登录与更新/assets/013_image_MMIXbZJafo.png	/mirror/39/397945ef5688b3f423d8bfbeab92c3fef5c4cc34.webp
https://raw.githubusercontent.com/AlephAITech/WorkBuddyGuide/814ec835e9dae4a89da368fe208425ff50e121fe/docs/bluebook/第一篇 使用手册：先把 WorkBuddy 用起来/第 2 章 WorkBuddy的下载、安装、登录与更新/assets/014_image_MdmYbB2Avo.png	/mirror/fb/fbbdb7d3672553cdb34544e2eac89e32b2c20a5f.webp
https://raw.githubusercontent.com/AlephAITech/WorkBuddyGuide/814ec835e9dae4a89da368fe208425ff50e121fe/docs/bluebook/第一篇 使用手册：先把 WorkBuddy 用起来/第 2 章 WorkBuddy的下载、安装、登录与更新/assets/015_image_WZrBbbWono.png	/mirror/7d/7d6bed02c655fd881bece295ca00116f4c4314bc.webp
https://raw.githubusercontent.com/AlephAITech/WorkBuddyGuide/814ec835e9dae4a89da368fe208425ff50e121fe/docs/bluebook/第一篇 使用手册：先把 WorkBuddy 用起来/第 2 章 WorkBuddy的下载、安装、登录与更新/assets/016_image_Pmh8b7xc8o.png	/mirror/2d/2dc9687bfdd6e4190b7228146b693d0d4c12f14a.webp
https://raw.githubusercontent.com/AlephAITech/WorkBuddyGuide/814ec835e9dae4a89da368fe208425ff50e121fe/docs/bluebook/第一篇 使用手册：先把 WorkBuddy 用起来/第 2 章 WorkBuddy的下载、安装、登录与更新/assets/017_image_Qt1gbb7J3o.png	/mirror/11/116fe0cb1878f15b752b2b1f8c3ba9c565a038ce.webp
https://raw.githubusercontent.com/AlephAITech/WorkBuddyGuide/814ec835e9dae4a89da368fe208425ff50e121fe/docs/bluebook/第一篇 使用手册：先把 WorkBuddy 用起来/第 3 章 WorkBuddy 的主界面、任务与工作区/assets/001_image_MuLCbdPyDo.png	/mirror/ec/ec02527c8ded0d0afb9c42a6572269db7aa0998e.webp
https://raw.githubusercontent.com/AlephAITech/WorkBuddyGuide/814ec835e9dae4a89da368fe208425ff50e121fe/docs/bluebook/第一篇 使用手册：先把 WorkBuddy 用起来/第 3 章 WorkBuddy 的主界面、任务与工作区/assets/002_image_DtASbQcrto.png	/mirror/97/97694a17472631f9b8f6968ae3c81e99e6df5f1f.webp
https://raw.githubusercontent.com/AlephAITech/WorkBuddyGuide/814ec835e9dae4a89da368fe208425ff50e121fe/docs/bluebook/第一篇 使用手册：先把 WorkBuddy 用起来/第 3 章 WorkBuddy 的主界面、任务与工作区/assets/003_image_W7VqbwVeJo.png	/mirror/35/35aecb464284e0d31c04dd39a365165714212cc1.webp
https://raw.githubusercontent.com/AlephAITech/WorkBuddyGuide/814ec835e9dae4a89da368fe208425ff50e121fe/docs/bluebook/第一篇 使用手册：先把 WorkBuddy 用起来/第 3 章 WorkBuddy 的主界面、任务与工作区/assets/004_image_OzThbMYn5o.png	/mirror/ba/baccd2492b5775300fef8bbc8775768964860328.webp
https://raw.githubusercontent.com/AlephAITech/WorkBuddyGuide/814ec835e9dae4a89da368fe208425ff50e121fe/docs/bluebook/第三篇 进阶篇：把案例变成自己的工作系统/第 22 章 打造skill：将书和视频蒸馏为可执行 Skill/assets/001_image_WcJzb4b7Yo.png	/mirror/a5/a55598b0f9c9e459433e11f21171ceea15a3244c.webp
https://raw.githubusercontent.com/AlephAITech/WorkBuddyGuide/814ec835e9dae4a89da368fe208425ff50e121fe/docs/bluebook/第三篇 进阶篇：把案例变成自己的工作系统/第 22 章 打造skill：将书和视频蒸馏为可执行 Skill/assets/002_image_M0YFbAywgo.png	/mirror/60/60a091c45b3e030adceeb56b9d2dab455b715085.webp
https://raw.githubusercontent.com/AlephAITech/WorkBuddyGuide/814ec835e9dae4a89da368fe208425ff50e121fe/docs/bluebook/第三篇 进阶篇：把案例变成自己的工作系统/第 22 章 打造skill：将书和视频蒸馏为可执行 Skill/assets/003_image_N5i2bw6V5o.png	/mirror/4f/4ff1f9dd8a50cd44c6dc2dbcf3a89b72406f4f21.webp
https://raw.githubusercontent.com/AlephAITech/WorkBuddyGuide/814ec835e9dae4a89da368fe208425ff50e121fe/docs/bluebook/第三篇 进阶篇：把案例变成自己的工作系统/第 22 章 打造skill：将书和视频蒸馏为可执行 Skill/assets/004_image_FiYybAIEQo.png	/mirror/30/3043ab20b6095b817800375aca6d9e4db3a5f1ef.webp
https://raw.githubusercontent.com/AlephAITech/WorkBuddyGuide/814ec835e9dae4a89da368fe208425ff50e121fe/docs/bluebook/第三篇 进阶篇：把案例变成自己的工作系统/第 22 章 打造skill：将书和视频蒸馏为可执行 Skill/assets/005_image_NaOwbuAcQo.png	/mirror/48/48e929872ba9138217c4ed9ea8d6bf8361148fe2.webp
https://raw.githubusercontent.com/AlephAITech/WorkBuddyGuide/814ec835e9dae4a89da368fe208425ff50e121fe/docs/bluebook/第三篇 进阶篇：把案例变成自己的工作系统/第 22 章 打造skill：将书和视频蒸馏为可执行 Skill/assets/006_image_F5Ngb4vd5o.png	/mirror/9e/9e89877d7c85357b0de09ad2b8f507559ac00a15.webp
https://raw.githubusercontent.com/AlephAITech/WorkBuddyGuide/814ec835e9dae4a89da368fe208425ff50e121fe/docs/bluebook/第三篇 进阶篇：把案例变成自己的工作系统/第 22 章 打造skill：将书和视频蒸馏为可执行 Skill/assets/007_image_QMdJbhsm0o.png	/mirror/29/292b75bce81ee75c30860386a30d5f7412a48c5a.webp
https://raw.githubusercontent.com/AlephAITech/WorkBuddyGuide/814ec835e9dae4a89da368fe208425ff50e121fe/docs/bluebook/第三篇 进阶篇：把案例变成自己的工作系统/第 22 章 打造skill：将书和视频蒸馏为可执行 Skill/assets/008_image_D7z7b4DWvo.png	/mirror/2f/2fd0f8688c260ed0a05d0dd8cb49c2753332350e.webp
https://raw.githubusercontent.com/AlephAITech/WorkBuddyGuide/814ec835e9dae4a89da368fe208425ff50e121fe/docs/bluebook/第三篇 进阶篇：把案例变成自己的工作系统/第 22 章 打造skill：将书和视频蒸馏为可执行 Skill/assets/009_image_XXrkbXOymo.png	/mirror/6c/6c90917e8bbbcc9216314adcd45f200a7495cd13.webp
https://raw.githubusercontent.com/AlephAITech/WorkBuddyGuide/814ec835e9dae4a89da368fe208425ff50e121fe/docs/bluebook/第三篇 进阶篇：把案例变成自己的工作系统/第 22 章 打造skill：将书和视频蒸馏为可执行 Skill/assets/010_image_BXYeb8ld7o.png	/mirror/c5/c565ded34397636b8aff1b04bf68f1b47af6bc31.webp
https://raw.githubusercontent.com/AlephAITech/WorkBuddyGuide/814ec835e9dae4a89da368fe208425ff50e121fe/docs/bluebook/第三篇 进阶篇：把案例变成自己的工作系统/第 22 章 打造skill：将书和视频蒸馏为可执行 Skill/assets/011_image_NwvvbJkuco.png	/mirror/b2/b269a2b16ecedaddb23a6253e7eebc75ec4c11c7.webp
https://raw.githubusercontent.com/AlephAITech/WorkBuddyGuide/814ec835e9dae4a89da368fe208425ff50e121fe/docs/bluebook/第三篇 进阶篇：把案例变成自己的工作系统/第 22 章 打造skill：将书和视频蒸馏为可执行 Skill/assets/012_image_LEKGbkn2Go.png	/mirror/45/45f4a5077fd9e5e4306da4152ff38f747df649ec.webp
https://raw.githubusercontent.com/AlephAITech/WorkBuddyGuide/814ec835e9dae4a89da368fe208425ff50e121fe/docs/bluebook/第三篇 进阶篇：把案例变成自己的工作系统/第 22 章 打造skill：将书和视频蒸馏为可执行 Skill/assets/013_image_Mp0ZbEmn7o.png	/mirror/15/1522804946fe170a9929c14150566ef1ac34b45c.webp
https://raw.githubusercontent.com/AlephAITech/WorkBuddyGuide/814ec835e9dae4a89da368fe208425ff50e121fe/docs/bluebook/第三篇 进阶篇：把案例变成自己的工作系统/第 22 章 打造skill：将书和视频蒸馏为可执行 Skill/assets/014_image_C1aCbJYz3o.png	/mirror/f6/f6ccd6783c0ff7b761425785e12477a9a86c5691.webp
https://raw.githubusercontent.com/AlephAITech/WorkBuddyGuide/814ec835e9dae4a89da368fe208425ff50e121fe/docs/bluebook/第三篇 进阶篇：把案例变成自己的工作系统/第 22 章 打造skill：将书和视频蒸馏为可执行 Skill/assets/015_image_MG56bW6jlo.png	/mirror/a3/a38fa91ec73bd7af1a31ee1918ea8dd3e29b5eab.webp
https://raw.githubusercontent.com/AlephAITech/WorkBuddyGuide/814ec835e9dae4a89da368fe208425ff50e121fe/docs/bluebook/第三篇 进阶篇：把案例变成自己的工作系统/第 22 章 打造skill：将书和视频蒸馏为可执行 Skill/assets/016_image_HoW7bnRYFo.png	/mirror/2c/2c557d3e787f4416474acd0598feeeb871caddc9.webp
https://raw.githubusercontent.com/AlephAITech/WorkBuddyGuide/814ec835e9dae4a89da368fe208425ff50e121fe/docs/bluebook/第三篇 进阶篇：把案例变成自己的工作系统/第 23 章 其他用法补充：WorkBuddy 实操案例集/assets/001_01_app_templates_To5yb29RMo.gif	/mirror/3d/3ddffbcce78eae7be923f5401587bdcd288168fc.webp
https://raw.githubusercontent.com/AlephAITech/WorkBuddyGuide/814ec835e9dae4a89da368fe208425ff50e121fe/docs/bluebook/第三篇 进阶篇：把案例变成自己的工作系统/第 23 章 其他用法补充：WorkBuddy 实操案例集/assets/002_image_F4BfbagcFo.png	/mirror/2b/2b1dbf795034c3d992e8afbd7278a8b6368cf5b5.webp
https://raw.githubusercontent.com/AlephAITech/WorkBuddyGuide/814ec835e9dae4a89da368fe208425ff50e121fe/docs/bluebook/第三篇 进阶篇：把案例变成自己的工作系统/第 23 章 其他用法补充：WorkBuddy 实操案例集/assets/004_03_website_design_WX9gb8dBMo.gif	/mirror/04/04ecd3c64a20dbcfaad00d8d85a801d6de26d421.webp
https://raw.githubusercontent.com/AlephAITech/WorkBuddyGuide/814ec835e9dae4a89da368fe208425ff50e121fe/docs/bluebook/第三篇 进阶篇：把案例变成自己的工作系统/第 23 章 其他用法补充：WorkBuddy 实操案例集/assets/005_04_skill_music_GxX3brlGeo.png	/mirror/fc/fc2e8ab9d7cd3fb3dab4091430aace52bc21ca48.webp
https://raw.githubusercontent.com/AlephAITech/WorkBuddyGuide/814ec835e9dae4a89da368fe208425ff50e121fe/docs/bluebook/第三篇 进阶篇：把案例变成自己的工作系统/第 24 章 如何进行多 Agent 系统设计/assets/001_image_AkBibtRBOo.png	/mirror/42/421f195db6c2b59596ca38320051ac739db6523d.webp
https://raw.githubusercontent.com/AlephAITech/WorkBuddyGuide/814ec835e9dae4a89da368fe208425ff50e121fe/docs/bluebook/第三篇 进阶篇：把案例变成自己的工作系统/第 24 章 如何进行多 Agent 系统设计/assets/002_image_WdfWbMN9Do.png	/mirror/07/0786d59143f994e3b2b7830b42e037016bc13410.webp
https://raw.githubusercontent.com/AlephAITech/WorkBuddyGuide/814ec835e9dae4a89da368fe208425ff50e121fe/docs/bluebook/第三篇 进阶篇：把案例变成自己的工作系统/第 24 章 如何进行多 Agent 系统设计/assets/003_image_NhwLbBH33o.png	/mirror/cf/cfa00dc57ae34f70ac95836c1fd524c1cd3ab63b.webp
https://raw.githubusercontent.com/AlephAITech/WorkBuddyGuide/814ec835e9dae4a89da368fe208425ff50e121fe/docs/bluebook/第三篇 进阶篇：把案例变成自己的工作系统/第 24 章 如何进行多 Agent 系统设计/assets/004_image_MdzDbUKmlo.png	/mirror/50/50b668c5e8bccbbd43b2607aa5ddaab7d66db67d.webp
https://raw.githubusercontent.com/AlephAITech/WorkBuddyGuide/814ec835e9dae4a89da368fe208425ff50e121fe/docs/bluebook/第三篇 进阶篇：把案例变成自己的工作系统/第 24 章 如何进行多 Agent 系统设计/assets/005_image_QASabZlKzo.png	/mirror/2b/2b436a995d99c5e2fe3b5be85f91347299254196.webp
https://raw.githubusercontent.com/AlephAITech/WorkBuddyGuide/814ec835e9dae4a89da368fe208425ff50e121fe/docs/bluebook/第三篇 进阶篇：把案例变成自己的工作系统/第 24 章 如何进行多 Agent 系统设计/assets/007_image_BNYQbIE2no.png	/mirror/ab/ab98d17f6ca24131074a59233a4272157797f21a.webp
https://raw.githubusercontent.com/AlephAITech/WorkBuddyGuide/814ec835e9dae4a89da368fe208425ff50e121fe/docs/bluebook/第三篇 进阶篇：把案例变成自己的工作系统/第 24 章 如何进行多 Agent 系统设计/assets/008_image_KXwlbyY7Oo.png	/mirror/d4/d4503a96ee4da49c07511ec21d030a350c910a21.webp
https://raw.githubusercontent.com/AlephAITech/WorkBuddyGuide/814ec835e9dae4a89da368fe208425ff50e121fe/docs/bluebook/第三篇 进阶篇：把案例变成自己的工作系统/第 24 章 如何进行多 Agent 系统设计/assets/009_image_HDlMbAHGTo.png	/mirror/b4/b4f31e984bbade485047804669ab10fccf2d3769.webp
https://raw.githubusercontent.com/AlephAITech/WorkBuddyGuide/814ec835e9dae4a89da368fe208425ff50e121fe/docs/bluebook/第三篇 进阶篇：把案例变成自己的工作系统/第 25 章 自动化工作流的可靠性/assets/001_image_FGBhb1udco.png	/mirror/34/34d754c57f520feea5422ee2f063da86da0620ab.webp
https://raw.githubusercontent.com/AlephAITech/WorkBuddyGuide/814ec835e9dae4a89da368fe208425ff50e121fe/docs/bluebook/第三篇 进阶篇：把案例变成自己的工作系统/第 25 章 自动化工作流的可靠性/assets/002_image_Yuucbmf9So.png	/mirror/14/14b3df242647a471a827c679191bb687193191cc.webp
https://raw.githubusercontent.com/AlephAITech/WorkBuddyGuide/814ec835e9dae4a89da368fe208425ff50e121fe/docs/bluebook/第三篇 进阶篇：把案例变成自己的工作系统/第 25 章 自动化工作流的可靠性/assets/003_image_RNrFb50Tqo.png	/mirror/03/0330d7fa9f023f91d8e055042a6db678aff296e7.webp
https://raw.githubusercontent.com/AlephAITech/WorkBuddyGuide/814ec835e9dae4a89da368fe208425ff50e121fe/docs/bluebook/第三篇 进阶篇：把案例变成自己的工作系统/第 25 章 自动化工作流的可靠性/assets/004_image_IPtlb5D3Zo.png	/mirror/f7/f77746797cba4b6aa40c77da244f7c6077caadc2.webp
https://raw.githubusercontent.com/AlephAITech/WorkBuddyGuide/814ec835e9dae4a89da368fe208425ff50e121fe/docs/bluebook/第三篇 进阶篇：把案例变成自己的工作系统/第 25 章 自动化工作流的可靠性/assets/005_image_A6Jmbe0tao.png	/mirror/18/18f1e3d9d36db459e502f46570b605f60c059e9c.webp
https://raw.githubusercontent.com/AlephAITech/WorkBuddyGuide/814ec835e9dae4a89da368fe208425ff50e121fe/docs/bluebook/第二篇 案例篇：从一项任务到一支 AI 团队/第 11 章 办公三件套：Word、Excel、PPT/assets/001_image_PhFMbu3kTo.png	/mirror/d0/d03146182410abd1da487c015c898b81e34d1816.webp
https://raw.githubusercontent.com/AlephAITech/WorkBuddyGuide/814ec835e9dae4a89da368fe208425ff50e121fe/docs/bluebook/第二篇 案例篇：从一项任务到一支 AI 团队/第 11 章 办公三件套：Word、Excel、PPT/assets/002_image_UVm5bKLrZo.png	/mirror/41/41f4eb3c30b3adb51c4d6e0524b8adf7a040b187.webp
https://raw.githubusercontent.com/AlephAITech/WorkBuddyGuide/814ec835e9dae4a89da368fe208425ff50e121fe/docs/bluebook/第二篇 案例篇：从一项任务到一支 AI 团队/第 11 章 办公三件套：Word、Excel、PPT/assets/003_image_IoOLbfEcvo.png	/mirror/8b/8b82b3ab248c606a528a22d69a036a6b64f7ae96.webp
https://raw.githubusercontent.com/AlephAITech/WorkBuddyGuide/814ec835e9dae4a89da368fe208425ff50e121fe/docs/bluebook/第二篇 案例篇：从一项任务到一支 AI 团队/第 11 章 办公三件套：Word、Excel、PPT/assets/004_image_V1RpbVGuno.png	/mirror/7b/7b881fdac3b3b03ce0804e914f63a397ecef045d.webp
https://raw.githubusercontent.com/AlephAITech/WorkBuddyGuide/814ec835e9dae4a89da368fe208425ff50e121fe/docs/bluebook/第二篇 案例篇：从一项任务到一支 AI 团队/第 11 章 办公三件套：Word、Excel、PPT/assets/005_image_I118b7wyUo.png	/mirror/a5/a5eabb8cd7f454b76e92bf1637131302c4aa31a8.webp
https://raw.githubusercontent.com/AlephAITech/WorkBuddyGuide/814ec835e9dae4a89da368fe208425ff50e121fe/docs/bluebook/第二篇 案例篇：从一项任务到一支 AI 团队/第 11 章 办公三件套：Word、Excel、PPT/assets/006_image_BWkRb60JPo.png	/mirror/61/616d3306eb2371abe061b3efab504ba6472719f5.webp
https://raw.githubusercontent.com/AlephAITech/WorkBuddyGuide/814ec835e9dae4a89da368fe208425ff50e121fe/docs/bluebook/第二篇 案例篇：从一项任务到一支 AI 团队/第 11 章 办公三件套：Word、Excel、PPT/assets/007_image_XtfQbkCqio.png	/mirror/39/39e28c66fb62227dec5fc427758060a43280e186.webp
https://raw.githubusercontent.com/AlephAITech/WorkBuddyGuide/814ec835e9dae4a89da368fe208425ff50e121fe/docs/bluebook/第二篇 案例篇：从一项任务到一支 AI 团队/第 11 章 办公三件套：Word、Excel、PPT/assets/008_image_ABXObcQeeo.png	/mirror/54/543313d98ab6437e9e98847b658c0c3470065afd.webp
https://raw.githubusercontent.com/AlephAITech/WorkBuddyGuide/814ec835e9dae4a89da368fe208425ff50e121fe/docs/bluebook/第二篇 案例篇：从一项任务到一支 AI 团队/第 11 章 办公三件套：Word、Excel、PPT/assets/009_image_UNEqbRnJfo.png	/mirror/fd/fdd8b2eb38a4af78a05cc37841c315288ade10b5.webp
https://raw.githubusercontent.com/AlephAITech/WorkBuddyGuide/814ec835e9dae4a89da368fe208425ff50e121fe/docs/bluebook/第二篇 案例篇：从一项任务到一支 AI 团队/第 11 章 办公三件套：Word、Excel、PPT/assets/010_image_L25tbHIUeo.png	/mirror/b4/b4dc950ce9914ce5a23fb3939922f0b69f3c8b83.webp
https://raw.githubusercontent.com/AlephAITech/WorkBuddyGuide/814ec835e9dae4a89da368fe208425ff50e121fe/docs/bluebook/第二篇 案例篇：从一项任务到一支 AI 团队/第 11 章 办公三件套：Word、Excel、PPT/assets/011_image_HqbtbVTw3o.png	/mirror/4b/4bb6370f5677f659dc37eb370710267254dec603.webp
https://raw.githubusercontent.com/AlephAITech/WorkBuddyGuide/814ec835e9dae4a89da368fe208425ff50e121fe/docs/bluebook/第二篇 案例篇：从一项任务到一支 AI 团队/第 11 章 办公三件套：Word、Excel、PPT/assets/012_image_MhArbb6Woo.png	/mirror/ec/ecbe0688d4d2886c513d9898066222fbc138470a.webp
https://raw.githubusercontent.com/AlephAITech/WorkBuddyGuide/814ec835e9dae4a89da368fe208425ff50e121fe/docs/bluebook/第二篇 案例篇：从一项任务到一支 AI 团队/第 12 章 从整理桌面文件这些小事做起/assets/001_image_J9BUbk5hHo.png	/mirror/16/16048db2d76621df9147e311603a1fd488c0102a.webp
https://raw.githubusercontent.com/AlephAITech/WorkBuddyGuide/814ec835e9dae4a89da368fe208425ff50e121fe/docs/bluebook/第二篇 案例篇：从一项任务到一支 AI 团队/第 13 章 远程控制你的电脑，不用发愁不在电脑前/assets/001_26MfTlZV_KWt4b43Mbo.jpg	/mirror/14/14f516eb8b43aa9a1f7d764610e173c877a79990.webp
https://raw.githubusercontent.com/AlephAITech/WorkBuddyGuide/814ec835e9dae4a89da368fe208425ff50e121fe/docs/bluebook/第二篇 案例篇：从一项任务到一支 AI 团队/第 13 章 远程控制你的电脑，不用发愁不在电脑前/assets/002_workbuddy-local-cloud-mode_CsMMbNpDWo.jpg	/mirror/fd/fd1e848050f7ba3f0757e00055b3315568d325b7.webp
https://raw.githubusercontent.com/AlephAITech/WorkBuddyGuide/814ec835e9dae4a89da368fe208425ff50e121fe/docs/bluebook/第二篇 案例篇：从一项任务到一支 AI 团队/第 13 章 远程控制你的电脑，不用发愁不在电脑前/assets/003_workbuddy-remote-ppt-search_TKo1bTVF0o.jpg	/mirror/46/46f2bda0aa5c2975d70b8b2e09ab240bd5916bbe.webp
https://raw.githubusercontent.com/AlephAITech/WorkBuddyGuide/814ec835e9dae4a89da368fe208425ff50e121fe/docs/bluebook/第二篇 案例篇：从一项任务到一支 AI 团队/第 13 章 远程控制你的电脑，不用发愁不在电脑前/assets/004_p8IJTS7o_AFVJb6OkJo.jpg	/mirror/55/55675ef14a0076b2d15796e80bd00b22d60650cc.webp
https://raw.githubusercontent.com/AlephAITech/WorkBuddyGuide/814ec835e9dae4a89da368fe208425ff50e121fe/docs/bluebook/第二篇 案例篇：从一项任务到一支 AI 团队/第 13 章 远程控制你的电脑，不用发愁不在电脑前/assets/005_workbuddy-remote-task-execute_Aw3vbvuLho.jpg	/mirror/af/af0d400b171d0afd99d02e785f6e7db71b8e5f33.webp
https://raw.githubusercontent.com/AlephAITech/WorkBuddyGuide/814ec835e9dae4a89da368fe208425ff50e121fe/docs/bluebook/第二篇 案例篇：从一项任务到一支 AI 团队/第 13 章 远程控制你的电脑，不用发愁不在电脑前/assets/006_image_GvG6bCfUyo.png	/mirror/08/089789d8a051bcdf8ba1a396bd63966eceafad85.webp
https://raw.githubusercontent.com/AlephAITech/WorkBuddyGuide/814ec835e9dae4a89da368fe208425ff50e121fe/docs/bluebook/第二篇 案例篇：从一项任务到一支 AI 团队/第 14 章 生活助手的价值，是减少琐碎/assets/001_image_AmSUbvzAjo.png	/mirror/92/9203c9a17e625310e03e960af67864ff33bed9eb.webp
https://raw.githubusercontent.com/AlephAITech/WorkBuddyGuide/814ec835e9dae4a89da368fe208425ff50e121fe/docs/bluebook/第二篇 案例篇：从一项任务到一支 AI 团队/第 14 章 生活助手的价值，是减少琐碎/assets/002_image_HJNdbxfvOo.png	/mirror/6d/6dc0ad38a534f14fbcb30daf0c7b7e0da99fe079.webp
https://raw.githubusercontent.com/AlephAITech/WorkBuddyGuide/814ec835e9dae4a89da368fe208425ff50e121fe/docs/bluebook/第二篇 案例篇：从一项任务到一支 AI 团队/第 14 章 生活助手的价值，是减少琐碎/assets/003_image_IO4lbaAS1o.png	/mirror/5c/5c39c1a41de67e69dae81b6cd6faf8cee131fe2d.webp
https://raw.githubusercontent.com/AlephAITech/WorkBuddyGuide/814ec835e9dae4a89da368fe208425ff50e121fe/docs/bluebook/第二篇 案例篇：从一项任务到一支 AI 团队/第 14 章 生活助手的价值，是减少琐碎/assets/004_image_JEOObotZfo.png	/mirror/c0/c0724c639e57300e10706f7bf5e3dd7554e8b844.webp
https://raw.githubusercontent.com/AlephAITech/WorkBuddyGuide/814ec835e9dae4a89da368fe208425ff50e121fe/docs/bluebook/第二篇 案例篇：从一项任务到一支 AI 团队/第 14 章 生活助手的价值，是减少琐碎/assets/005_image_TCPXbvZ9Bo.png	/mirror/5f/5f7bd8297fa210fe0de7e241b723e059d98ac565.webp
https://raw.githubusercontent.com/AlephAITech/WorkBuddyGuide/814ec835e9dae4a89da368fe208425ff50e121fe/docs/bluebook/第二篇 案例篇：从一项任务到一支 AI 团队/第 14 章 生活助手的价值，是减少琐碎/assets/006_image_Fu9EbJOqWo.png	/mirror/fb/fbf3a3afbb36f9f98712c097ac1a439d836b49e5.webp
https://raw.githubusercontent.com/AlephAITech/WorkBuddyGuide/814ec835e9dae4a89da368fe208425ff50e121fe/docs/bluebook/第二篇 案例篇：从一项任务到一支 AI 团队/第 14 章 生活助手的价值，是减少琐碎/assets/007_image_CYQ7b2c1Ho.png	/mirror/49/4982d87eda9f0f274bc94bc4325582941d044931.webp
https://raw.githubusercontent.com/AlephAITech/WorkBuddyGuide/814ec835e9dae4a89da368fe208425ff50e121fe/docs/bluebook/第二篇 案例篇：从一项任务到一支 AI 团队/第 14 章 生活助手的价值，是减少琐碎/assets/008_image_WNlYbFucxo.png	/mirror/19/19ed8439c56c916f6b21b6cc620af2af1d36b10b.webp
https://raw.githubusercontent.com/AlephAITech/WorkBuddyGuide/814ec835e9dae4a89da368fe208425ff50e121fe/docs/bluebook/第二篇 案例篇：从一项任务到一支 AI 团队/第 14 章 生活助手的价值，是减少琐碎/assets/009_image_AS0HbQeP7o.png	/mirror/af/af6b34bef3bd737e892786b29fbe5737f1a7eb54.webp
https://raw.githubusercontent.com/AlephAITech/WorkBuddyGuide/814ec835e9dae4a89da368fe208425ff50e121fe/docs/bluebook/第二篇 案例篇：从一项任务到一支 AI 团队/第 14 章 生活助手的价值，是减少琐碎/assets/010_image_IOAgbitrRo.png	/mirror/cc/cc91d061bc1903c86b8aa7268537a8238a04b6c8.webp
https://raw.githubusercontent.com/AlephAITech/WorkBuddyGuide/814ec835e9dae4a89da368fe208425ff50e121fe/docs/bluebook/第二篇 案例篇：从一项任务到一支 AI 团队/第 14 章 生活助手的价值，是减少琐碎/assets/011_image_Oar6b1pIjo.png	/mirror/87/879f3e0a328d14195dab054714d08688a8cdc57f.webp
https://raw.githubusercontent.com/AlephAITech/WorkBuddyGuide/814ec835e9dae4a89da368fe208425ff50e121fe/docs/bluebook/第二篇 案例篇：从一项任务到一支 AI 团队/第 15 章 资讯整合：把信息流变成每日通知/assets/001_skillhub-info-skills_IzOlb7IQbo.png	/mirror/f7/f789238703678892ca0af48e01edb8ab790cd807.webp
https://raw.githubusercontent.com/AlephAITech/WorkBuddyGuide/814ec835e9dae4a89da368fe208425ff50e121fe/docs/bluebook/第二篇 案例篇：从一项任务到一支 AI 团队/第 15 章 资讯整合：把信息流变成每日通知/assets/002_image_Y8tcbQ5zXo.png	/mirror/15/15e7e4769b83d825fdf20862bbffc66f19420203.webp
https://raw.githubusercontent.com/AlephAITech/WorkBuddyGuide/814ec835e9dae4a89da368fe208425ff50e121fe/docs/bluebook/第二篇 案例篇：从一项任务到一支 AI 团队/第 15 章 资讯整合：把信息流变成每日通知/assets/003_image_QIV7b3XORo.png	/mirror/de/defe248731d5f7ffd3914e982dd4bd9f1911bf0f.webp
https://raw.githubusercontent.com/AlephAITech/WorkBuddyGuide/814ec835e9dae4a89da368fe208425ff50e121fe/docs/bluebook/第二篇 案例篇：从一项任务到一支 AI 团队/第 15 章 资讯整合：把信息流变成每日通知/assets/004_image_CG3xbVWBlo.png	/mirror/43/43f4e577f9c8f9f4f1fe96130c69897166fe5711.webp
https://raw.githubusercontent.com/AlephAITech/WorkBuddyGuide/814ec835e9dae4a89da368fe208425ff50e121fe/docs/bluebook/第二篇 案例篇：从一项任务到一支 AI 团队/第 15 章 资讯整合：把信息流变成每日通知/assets/005_image_HKdRbaqczo.png	/mirror/60/60278f78a7ffb1c86fdec54f6816cd3a9b6f19ef.webp
https://raw.githubusercontent.com/AlephAITech/WorkBuddyGuide/814ec835e9dae4a89da368fe208425ff50e121fe/docs/bluebook/第二篇 案例篇：从一项任务到一支 AI 团队/第 15 章 资讯整合：把信息流变成每日通知/assets/006_image_ZQW0bUCBso.png	/mirror/76/76e8dbf6629fd35844663178f96f88746252ca8e.webp
https://raw.githubusercontent.com/AlephAITech/WorkBuddyGuide/814ec835e9dae4a89da368fe208425ff50e121fe/docs/bluebook/第二篇 案例篇：从一项任务到一支 AI 团队/第 16 章 收藏不是知识管理，能再次用起来才是/assets/001_image_M29JbJQ3po.png	/mirror/ad/ad544e96437996282e4de3a260365339fad35fd3.webp
https://raw.githubusercontent.com/AlephAITech/WorkBuddyGuide/814ec835e9dae4a89da368fe208425ff50e121fe/docs/bluebook/第二篇 案例篇：从一项任务到一支 AI 团队/第 16 章 收藏不是知识管理，能再次用起来才是/assets/002_byKl8HZ2_TtombzmOwo.jpg	/mirror/f6/f6efb89c9a066d44f8bd850b8a0c40016475b7c4.webp
https://raw.githubusercontent.com/AlephAITech/WorkBuddyGuide/814ec835e9dae4a89da368fe208425ff50e121fe/docs/bluebook/第二篇 案例篇：从一项任务到一支 AI 团队/第 16 章 收藏不是知识管理，能再次用起来才是/assets/003_image_D0c8blIsEo.png	/mirror/a0/a06fb646c981b175ec9978d92c43224dd0031bd3.webp
https://raw.githubusercontent.com/AlephAITech/WorkBuddyGuide/814ec835e9dae4a89da368fe208425ff50e121fe/docs/bluebook/第二篇 案例篇：从一项任务到一支 AI 团队/第 16 章 收藏不是知识管理，能再次用起来才是/assets/004_test_SSsAbxS8po.jpg	/mirror/df/df94e93cd65679d97eee1ce488df62b2cdfd14c3.webp
https://raw.githubusercontent.com/AlephAITech/WorkBuddyGuide/814ec835e9dae4a89da368fe208425ff50e121fe/docs/bluebook/第二篇 案例篇：从一项任务到一支 AI 团队/第 17 章 会议结束不是终点，工作才刚刚开始/assets/001_image_AXyxbhbcqo.png	/mirror/a0/a0b6c82aadbc9a3bbe64d7323eb7c784cec91e38.webp
https://raw.githubusercontent.com/AlephAITech/WorkBuddyGuide/814ec835e9dae4a89da368fe208425ff50e121fe/docs/bluebook/第二篇 案例篇：从一项任务到一支 AI 团队/第 17 章 会议结束不是终点，工作才刚刚开始/assets/002_image_AqEYbLlgUo.png	/mirror/63/635e2e054593daad065be0ac722810d7e6143de7.webp
https://raw.githubusercontent.com/AlephAITech/WorkBuddyGuide/814ec835e9dae4a89da368fe208425ff50e121fe/docs/bluebook/第二篇 案例篇：从一项任务到一支 AI 团队/第 17 章 会议结束不是终点，工作才刚刚开始/assets/003_image_N3UabeCFBo.png	/mirror/57/57e6253a46326b2d01eb4fcf0c2eac184bb82adf.webp
https://raw.githubusercontent.com/AlephAITech/WorkBuddyGuide/814ec835e9dae4a89da368fe208425ff50e121fe/docs/bluebook/第二篇 案例篇：从一项任务到一支 AI 团队/第 17 章 会议结束不是终点，工作才刚刚开始/assets/004_image_Ne3BbzhZco.png	/mirror/82/82bf5b2e61071d10b0ba0612d97fb18f8e96a36d.webp
https://raw.githubusercontent.com/AlephAITech/WorkBuddyGuide/814ec835e9dae4a89da368fe208425ff50e121fe/docs/bluebook/第二篇 案例篇：从一项任务到一支 AI 团队/第 17 章 会议结束不是终点，工作才刚刚开始/assets/005_image_YK5Ebuvyto.png	/mirror/0c/0cda006c134a379983bee299b5b0882c38b637b8.webp
https://raw.githubusercontent.com/AlephAITech/WorkBuddyGuide/814ec835e9dae4a89da368fe208425ff50e121fe/docs/bluebook/第二篇 案例篇：从一项任务到一支 AI 团队/第 17 章 会议结束不是终点，工作才刚刚开始/assets/006_image_DYjgbWFlGo.png	/mirror/a0/a09ee5acd731de5b91141480252d8a79e614a6ba.webp
https://raw.githubusercontent.com/AlephAITech/WorkBuddyGuide/814ec835e9dae4a89da368fe208425ff50e121fe/docs/bluebook/第二篇 案例篇：从一项任务到一支 AI 团队/第 17 章 会议结束不是终点，工作才刚刚开始/assets/011_image_CIeub9uEro.png	/mirror/3c/3cbd00206ccc76ae7c0c141a881bf1922d610aab.webp
https://raw.githubusercontent.com/AlephAITech/WorkBuddyGuide/814ec835e9dae4a89da368fe208425ff50e121fe/docs/bluebook/第二篇 案例篇：从一项任务到一支 AI 团队/第 18 章 把投资分析变成你的日常/assets/001_CleanShot 2026-07-10 at 00.14.28@2x_Lxy0b4axOo.png	/mirror/27/27aba760146dd3555bf8aca277ed7b325dc80fdb.webp
https://raw.githubusercontent.com/AlephAITech/WorkBuddyGuide/814ec835e9dae4a89da368fe208425ff50e121fe/docs/bluebook/第二篇 案例篇：从一项任务到一支 AI 团队/第 18 章 把投资分析变成你的日常/assets/002_image_TphobTIRXo.png	/mirror/29/2930c91cfbfc32cef6d8c3392746067f4d530d8c.webp
https://raw.githubusercontent.com/AlephAITech/WorkBuddyGuide/814ec835e9dae4a89da368fe208425ff50e121fe/docs/bluebook/第二篇 案例篇：从一项任务到一支 AI 团队/第 18 章 把投资分析变成你的日常/assets/003_image_CrgibiDW3o.png	/mirror/98/986e228a5b6a52634e83d1c07494d072f682aae9.webp
https://raw.githubusercontent.com/AlephAITech/WorkBuddyGuide/814ec835e9dae4a89da368fe208425ff50e121fe/docs/bluebook/第二篇 案例篇：从一项任务到一支 AI 团队/第 18 章 把投资分析变成你的日常/assets/004_image_WX6WbFC9Oo.png	/mirror/ee/ee3d28545deebffdd7dc8555e0eeed2d4fb8cc8a.webp
https://raw.githubusercontent.com/AlephAITech/WorkBuddyGuide/814ec835e9dae4a89da368fe208425ff50e121fe/docs/bluebook/第二篇 案例篇：从一项任务到一支 AI 团队/第 18 章 把投资分析变成你的日常/assets/005_image_LKNibvYSCo.png	/mirror/c6/c64526b6da541785b808efc6a539bfcdd6935757.webp
https://raw.githubusercontent.com/AlephAITech/WorkBuddyGuide/814ec835e9dae4a89da368fe208425ff50e121fe/docs/bluebook/第二篇 案例篇：从一项任务到一支 AI 团队/第 18 章 把投资分析变成你的日常/assets/006_image_DvVSbW5D4o.png	/mirror/2e/2efeee9391537b3da1b595f4812b2ca861feefef.webp
https://raw.githubusercontent.com/AlephAITech/WorkBuddyGuide/814ec835e9dae4a89da368fe208425ff50e121fe/docs/bluebook/第二篇 案例篇：从一项任务到一支 AI 团队/第 18 章 把投资分析变成你的日常/assets/007_image_CScebfl1io.png	/mirror/e9/e993082842b305ed63b02717da9066a978654cd3.webp
https://raw.githubusercontent.com/AlephAITech/WorkBuddyGuide/814ec835e9dae4a89da368fe208425ff50e121fe/docs/bluebook/第二篇 案例篇：从一项任务到一支 AI 团队/第 18 章 把投资分析变成你的日常/assets/008_image_I6uBbecypo.png	/mirror/a5/a50da8dd2579c60b24965b9ac7f2df09821b0cd9.webp
https://raw.githubusercontent.com/AlephAITech/WorkBuddyGuide/814ec835e9dae4a89da368fe208425ff50e121fe/docs/bluebook/第二篇 案例篇：从一项任务到一支 AI 团队/第 18 章 把投资分析变成你的日常/assets/009_image_XpbYbptp8o.png	/mirror/6e/6e1591b407372fdc7eff4a5222c47f00314c2f41.webp
https://raw.githubusercontent.com/AlephAITech/WorkBuddyGuide/814ec835e9dae4a89da368fe208425ff50e121fe/docs/bluebook/第二篇 案例篇：从一项任务到一支 AI 团队/第 18 章 把投资分析变成你的日常/assets/010_image_FFsNbG1dYo.png	/mirror/af/af206e78535d16172fba69c6e255fa9b555e0506.webp
https://raw.githubusercontent.com/AlephAITech/WorkBuddyGuide/814ec835e9dae4a89da368fe208425ff50e121fe/docs/bluebook/第二篇 案例篇：从一项任务到一支 AI 团队/第 18 章 把投资分析变成你的日常/assets/011_image_LuArbEta0o.png	/mirror/b2/b2a06fc5759eb3ea02731d4e10884edf9dfc488f.webp
https://raw.githubusercontent.com/AlephAITech/WorkBuddyGuide/814ec835e9dae4a89da368fe208425ff50e121fe/docs/bluebook/第二篇 案例篇：从一项任务到一支 AI 团队/第 18 章 把投资分析变成你的日常/assets/012_image_IUTibzqkPo.png	/mirror/7b/7bf994c6a1fd40a71307f027198a49f3830699e6.webp
https://raw.githubusercontent.com/AlephAITech/WorkBuddyGuide/814ec835e9dae4a89da368fe208425ff50e121fe/docs/bluebook/第二篇 案例篇：从一项任务到一支 AI 团队/第 18 章 把投资分析变成你的日常/assets/013_image_Nm2MbK8LDo.png	/mirror/10/10b7b99406d69c83ca577fceb9eb81b4a721fbf3.webp
https://raw.githubusercontent.com/AlephAITech/WorkBuddyGuide/814ec835e9dae4a89da368fe208425ff50e121fe/docs/bluebook/第二篇 案例篇：从一项任务到一支 AI 团队/第 18 章 把投资分析变成你的日常/assets/014_image_RQxfbNMGzo.png	/mirror/b4/b43779d0f2ebc3976942101524af2c2e7f509c07.webp
https://raw.githubusercontent.com/AlephAITech/WorkBuddyGuide/814ec835e9dae4a89da368fe208425ff50e121fe/docs/bluebook/第二篇 案例篇：从一项任务到一支 AI 团队/第 18 章 把投资分析变成你的日常/assets/015_image_Y0yvbzLRto.png	/mirror/62/62b4b5763699e5d826fd0c206c21e5c3c8b9afca.webp
https://raw.githubusercontent.com/AlephAITech/WorkBuddyGuide/814ec835e9dae4a89da368fe208425ff50e121fe/docs/bluebook/第二篇 案例篇：从一项任务到一支 AI 团队/第 18 章 把投资分析变成你的日常/assets/016_image_DOOhbmIIeo.png	/mirror/6e/6e27da5a462c17d877c5e8661680aede19e07b69.webp
https://raw.githubusercontent.com/AlephAITech/WorkBuddyGuide/814ec835e9dae4a89da368fe208425ff50e121fe/docs/bluebook/第二篇 案例篇：从一项任务到一支 AI 团队/第 18 章 把投资分析变成你的日常/assets/017_image_LPupbY4lGo.png	/mirror/3b/3b73a401e89e078dcdd33f8e2030facd3c06ed75.webp
https://raw.githubusercontent.com/AlephAITech/WorkBuddyGuide/814ec835e9dae4a89da368fe208425ff50e121fe/docs/bluebook/第二篇 案例篇：从一项任务到一支 AI 团队/第 19 章 一句话召唤 AI 视频团队/assets/001_video-work-is-hard_Jn32bhqaho.png	/mirror/33/33ff3e3ad343fd63f4c1222015710f166e3ad553.webp
https://raw.githubusercontent.com/AlephAITech/WorkBuddyGuide/814ec835e9dae4a89da368fe208425ff50e121fe/docs/bluebook/第二篇 案例篇：从一项任务到一支 AI 团队/第 19 章 一句话召唤 AI 视频团队/assets/002_two-ai-video-teams_SXcUb9mpMo.png	/mirror/21/21dba5d0fadec61b6c15341250cbb3e2e27defaf.webp
https://raw.githubusercontent.com/AlephAITech/WorkBuddyGuide/814ec835e9dae4a89da368fe208425ff50e121fe/docs/bluebook/第二篇 案例篇：从一项任务到一支 AI 团队/第 19 章 一句话召唤 AI 视频团队/assets/003_summon-expert-team-pc_FHrNbNCiBo.png	/mirror/46/46d0b7282e0f89318ff411df4cc6e54d0d86cdf5.webp
https://raw.githubusercontent.com/AlephAITech/WorkBuddyGuide/814ec835e9dae4a89da368fe208425ff50e121fe/docs/bluebook/第二篇 案例篇：从一项任务到一支 AI 团队/第 19 章 一句话召唤 AI 视频团队/assets/004_video-team-roles_ZOJ8b7aQ7o.png	/mirror/78/788f76aa7f2c9d1d83fe35961dc2a7d2d26c2333.webp
https://raw.githubusercontent.com/AlephAITech/WorkBuddyGuide/814ec835e9dae4a89da368fe208425ff50e121fe/docs/bluebook/第二篇 案例篇：从一项任务到一支 AI 团队/第 19 章 一句话召唤 AI 视频团队/assets/005_multi-agent-team-overview_NzPHbTGH2o.png	/mirror/47/47ce3e32f3ef0eaa504aeebcf558a02b64eed3c0.webp
https://raw.githubusercontent.com/AlephAITech/WorkBuddyGuide/814ec835e9dae4a89da368fe208425ff50e121fe/docs/bluebook/第二篇 案例篇：从一项任务到一支 AI 团队/第 19 章 一句话召唤 AI 视频团队/assets/006_hyperframes-engine_Uj4hbc6Tzo.png	/mirror/77/777d8288f8fea6c7acf7b1ee85b724d5194d2014.webp
https://raw.githubusercontent.com/AlephAITech/WorkBuddyGuide/814ec835e9dae4a89da368fe208425ff50e121fe/docs/bluebook/第二篇 案例篇：从一项任务到一支 AI 团队/第 19 章 一句话召唤 AI 视频团队/assets/007_collection-report_KPn1bXgYQo.png	/mirror/2f/2f15cfd7ad240548bb4f33eac7b732884233c33c.webp
https://raw.githubusercontent.com/AlephAITech/WorkBuddyGuide/814ec835e9dae4a89da368fe208425ff50e121fe/docs/bluebook/第二篇 案例篇：从一项任务到一支 AI 团队/第 19 章 一句话召唤 AI 视频团队/assets/008_planner-full_YPM3boyNTo.png	/mirror/a9/a98358462e6fa2588519555d02a091ebca901a2a.webp
https://raw.githubusercontent.com/AlephAITech/WorkBuddyGuide/814ec835e9dae4a89da368fe208425ff50e121fe/docs/bluebook/第二篇 案例篇：从一项任务到一支 AI 团队/第 19 章 一句话召唤 AI 视频团队/assets/009_video-producer_PohnbE1jKo.png	/mirror/e1/e1ec48dd3fb2bd9432249f7e24c6d4636693ae39.webp
https://raw.githubusercontent.com/AlephAITech/WorkBuddyGuide/814ec835e9dae4a89da368fe208425ff50e121fe/docs/bluebook/第二篇 案例篇：从一项任务到一支 AI 团队/第 19 章 一句话召唤 AI 视频团队/assets/010_workbuddy-flow_FSJzb5xLQo.png	/mirror/73/733f4a54ba0c85832181453d7174f4cd1decb518.webp
https://raw.githubusercontent.com/AlephAITech/WorkBuddyGuide/814ec835e9dae4a89da368fe208425ff50e121fe/docs/bluebook/第二篇 案例篇：从一项任务到一支 AI 团队/第 19 章 一句话召唤 AI 视频团队/assets/011_publish-demo_DdTYbbBxLo.png	/mirror/a6/a6d25726588202523548d16b7b27f4e0b3a4a7ed.webp
https://raw.githubusercontent.com/AlephAITech/WorkBuddyGuide/814ec835e9dae4a89da368fe208425ff50e121fe/docs/bluebook/第二篇 案例篇：从一项任务到一支 AI 团队/第 19 章 一句话召唤 AI 视频团队/assets/012_publish-result_Qpz2bvBwTo.png	/mirror/ed/edfb0b628fce952f134d77e587e3de8eb93884da.webp
https://raw.githubusercontent.com/AlephAITech/WorkBuddyGuide/814ec835e9dae4a89da368fe208425ff50e121fe/docs/bluebook/第二篇 案例篇：从一项任务到一支 AI 团队/第 19 章 一句话召唤 AI 视频团队/assets/013_anatomy-team_OI1Ubltu1o.png	/mirror/a0/a00af51cebaf94a8e058cd3c35d6a21fb6429583.webp
https://raw.githubusercontent.com/AlephAITech/WorkBuddyGuide/814ec835e9dae4a89da368fe208425ff50e121fe/docs/bluebook/第二篇 案例篇：从一项任务到一支 AI 团队/第 19 章 一句话召唤 AI 视频团队/assets/014_anatomy-demo_PJuybCsQao.png	/mirror/4c/4c416fb189dd71d4dd0940280386d5832d5b2302.webp
https://raw.githubusercontent.com/AlephAITech/WorkBuddyGuide/814ec835e9dae4a89da368fe208425ff50e121fe/docs/bluebook/第二篇 案例篇：从一项任务到一支 AI 团队/第 19 章 一句话召唤 AI 视频团队/assets/015_anatomy-flow_CuFcbaM9Ao.png	/mirror/90/90bfbd61d05cdccc13b2f4c49fd80e4d4502a4ff.webp
https://raw.githubusercontent.com/AlephAITech/WorkBuddyGuide/814ec835e9dae4a89da368fe208425ff50e121fe/docs/bluebook/第二篇 案例篇：从一项任务到一支 AI 团队/第 19 章 一句话召唤 AI 视频团队/assets/016_audio-extract_EijVbt25mo.png	/mirror/90/9083fc51b778297e3176a9be7f55ad6374934bfc.webp
https://raw.githubusercontent.com/AlephAITech/WorkBuddyGuide/814ec835e9dae4a89da368fe208425ff50e121fe/docs/bluebook/第二篇 案例篇：从一项任务到一支 AI 团队/第 19 章 一句话召唤 AI 视频团队/assets/017_transcript-result_Zyc0bjAhTo.png	/mirror/7b/7b320abbc789f7283b530719631b074c420944b1.webp
https://raw.githubusercontent.com/AlephAITech/WorkBuddyGuide/814ec835e9dae4a89da368fe208425ff50e121fe/docs/bluebook/第二篇 案例篇：从一项任务到一支 AI 团队/第 19 章 一句话召唤 AI 视频团队/assets/018_video-understand_VwxLb62b1o.png	/mirror/23/23f3e06dbaeaa5e9227b9cda381849ebbb19e749.webp
https://raw.githubusercontent.com/AlephAITech/WorkBuddyGuide/814ec835e9dae4a89da368fe208425ff50e121fe/docs/bluebook/第二篇 案例篇：从一项任务到一支 AI 团队/第 19 章 一句话召唤 AI 视频团队/assets/019_clip-cut_HAWrbELZIo.png	/mirror/a3/a38849aa904ead0ebabcc3522c698cc73ba66b68.webp
https://raw.githubusercontent.com/AlephAITech/WorkBuddyGuide/814ec835e9dae4a89da368fe208425ff50e121fe/docs/bluebook/第二篇 案例篇：从一项任务到一支 AI 团队/第 20 章 自媒体不只是靠努力，而是一条增长闭环/assets/001_image_TBeUbtO5Uo.png	/mirror/c0/c00cc265d3ef807632119b2b40552abc0e05b65f.webp
https://raw.githubusercontent.com/AlephAITech/WorkBuddyGuide/814ec835e9dae4a89da368fe208425ff50e121fe/docs/bluebook/第二篇 案例篇：从一项任务到一支 AI 团队/第 20 章 自媒体不只是靠努力，而是一条增长闭环/assets/002_image_UsfnbdO18o.png	/mirror/e1/e137e0f6cb0061bcc424fa3a866e2a18512ace7b.webp
https://raw.githubusercontent.com/AlephAITech/WorkBuddyGuide/814ec835e9dae4a89da368fe208425ff50e121fe/docs/bluebook/第二篇 案例篇：从一项任务到一支 AI 团队/第 20 章 自媒体不只是靠努力，而是一条增长闭环/assets/003_image_D9dBbor45o.png	/mirror/66/66f953425d97cb69c7de262d28a8bc23e065d50d.webp
https://raw.githubusercontent.com/AlephAITech/WorkBuddyGuide/814ec835e9dae4a89da368fe208425ff50e121fe/docs/bluebook/第二篇 案例篇：从一项任务到一支 AI 团队/第 20 章 自媒体不只是靠努力，而是一条增长闭环/assets/004_image_SgdBbN3bXo.png	/mirror/b0/b076b8069d8eb293c228ca774f8e08b1422d62b6.webp
https://raw.githubusercontent.com/AlephAITech/WorkBuddyGuide/814ec835e9dae4a89da368fe208425ff50e121fe/docs/bluebook/第二篇 案例篇：从一项任务到一支 AI 团队/第 20 章 自媒体不只是靠努力，而是一条增长闭环/assets/005_image_IrhFbSsgxo.png	/mirror/3c/3cba3f00d639ffa06604e51559da77ab8115c927.webp
https://raw.githubusercontent.com/AlephAITech/WorkBuddyGuide/814ec835e9dae4a89da368fe208425ff50e121fe/docs/bluebook/第二篇 案例篇：从一项任务到一支 AI 团队/第 20 章 自媒体不只是靠努力，而是一条增长闭环/assets/006_image_OmoDbu7rBo.png	/mirror/7b/7bc27fe360e0747de676ef3aec1892ca48db1af3.webp
https://raw.githubusercontent.com/AlephAITech/WorkBuddyGuide/814ec835e9dae4a89da368fe208425ff50e121fe/docs/bluebook/第二篇 案例篇：从一项任务到一支 AI 团队/第 20 章 自媒体不只是靠努力，而是一条增长闭环/assets/007_image_YCTubyoc3o.png	/mirror/ab/ab74ae1887a61d2bcebd2bc4a88fbb49f478f484.webp
https://raw.githubusercontent.com/AlephAITech/WorkBuddyGuide/814ec835e9dae4a89da368fe208425ff50e121fe/docs/bluebook/第二篇 案例篇：从一项任务到一支 AI 团队/第 20 章 自媒体不只是靠努力，而是一条增长闭环/assets/008_image_Cezibb1uao.png	/mirror/06/06e0169d6d85f5ee53c0109bdf4fedfc628250e3.webp
https://raw.githubusercontent.com/AlephAITech/WorkBuddyGuide/814ec835e9dae4a89da368fe208425ff50e121fe/docs/bluebook/第二篇 案例篇：从一项任务到一支 AI 团队/第 20 章 自媒体不只是靠努力，而是一条增长闭环/assets/009_image_YB8xbAm4Zo.png	/mirror/65/65a364b7de765aef48eb07e3c2da53be40afabf7.webp
https://raw.githubusercontent.com/AlephAITech/WorkBuddyGuide/814ec835e9dae4a89da368fe208425ff50e121fe/docs/bluebook/第二篇 案例篇：从一项任务到一支 AI 团队/第 20 章 自媒体不只是靠努力，而是一条增长闭环/assets/010_image_FUCAbuw08o.png	/mirror/07/07532b299a5db0c7822466197968311c9dcb7644.webp
https://raw.githubusercontent.com/AlephAITech/WorkBuddyGuide/814ec835e9dae4a89da368fe208425ff50e121fe/docs/bluebook/第二篇 案例篇：从一项任务到一支 AI 团队/第 20 章 自媒体不只是靠努力，而是一条增长闭环/assets/011_image_VrCsbV8TPo.png	/mirror/df/dfadc81014e07673150b3567a026aaf3ab5279b3.webp
https://raw.githubusercontent.com/AlephAITech/WorkBuddyGuide/814ec835e9dae4a89da368fe208425ff50e121fe/docs/bluebook/第二篇 案例篇：从一项任务到一支 AI 团队/第 20 章 自媒体不只是靠努力，而是一条增长闭环/assets/012_image_WzaxbhMT7o.png	/mirror/a2/a2f5582efd8995818776df44d8f6de66b2f823f7.webp
https://raw.githubusercontent.com/AlephAITech/WorkBuddyGuide/814ec835e9dae4a89da368fe208425ff50e121fe/docs/bluebook/第二篇 案例篇：从一项任务到一支 AI 团队/第 20 章 自媒体不只是靠努力，而是一条增长闭环/assets/013_image_KqQsbAw8Ho.png	/mirror/0b/0bc0752259fc24d1964a1d09e999bd4333115fa8.webp
https://raw.githubusercontent.com/AlephAITech/WorkBuddyGuide/814ec835e9dae4a89da368fe208425ff50e121fe/docs/bluebook/第二篇 案例篇：从一项任务到一支 AI 团队/第 20 章 自媒体不只是靠努力，而是一条增长闭环/assets/014_image_GUBtbiSfao.png	/mirror/09/09703b2678ec0577396829d5a79f930194aebe13.webp
https://raw.githubusercontent.com/AlephAITech/WorkBuddyGuide/814ec835e9dae4a89da368fe208425ff50e121fe/docs/bluebook/第二篇 案例篇：从一项任务到一支 AI 团队/第 20 章 自媒体不只是靠努力，而是一条增长闭环/assets/015_image_QHmHbuB4Ro.png	/mirror/f3/f3ab2a55d7eac7db15950c482c2713135f781500.webp
https://raw.githubusercontent.com/AlephAITech/WorkBuddyGuide/814ec835e9dae4a89da368fe208425ff50e121fe/docs/bluebook/第二篇 案例篇：从一项任务到一支 AI 团队/第 20 章 自媒体不只是靠努力，而是一条增长闭环/assets/016_image_NtnjbhJRHo.png	/mirror/5a/5aa72bfa3a64e1f128fc94b6c0314b1693e0f9ea.webp
https://raw.githubusercontent.com/AlephAITech/WorkBuddyGuide/814ec835e9dae4a89da368fe208425ff50e121fe/docs/bluebook/第二篇 案例篇：从一项任务到一支 AI 团队/第 21 章 WorkBuddy也能做GEO专家/assets/001_geo-expert-market_Aq5vbw1zpo.png	/mirror/92/921aa3f580d938bcf115d14b1767e7aeb20e1974.webp
https://raw.githubusercontent.com/AlephAITech/WorkBuddyGuide/814ec835e9dae4a89da368fe208425ff50e121fe/docs/bluebook/第二篇 案例篇：从一项任务到一支 AI 团队/第 21 章 WorkBuddy也能做GEO专家/assets/002_geo-wesight-input_Igu2bhBHto.jpg	/mirror/bd/bde07a60d93ebf561c615407dbdbf8a352bbc5ae.webp
https://raw.githubusercontent.com/AlephAITech/WorkBuddyGuide/814ec835e9dae4a89da368fe208425ff50e121fe/docs/bluebook/第二篇 案例篇：从一项任务到一支 AI 团队/第 21 章 WorkBuddy也能做GEO专家/assets/003_geo-wesight-running-report_NPbHbLzS1o.jpg	/mirror/27/27a92c14a6d3b9eb039f08e7167667a72ccf9c50.webp
https://raw.githubusercontent.com/AlephAITech/WorkBuddyGuide/814ec835e9dae4a89da368fe208425ff50e121fe/docs/bluebook/第二篇 案例篇：从一项任务到一支 AI 团队/第 21 章 WorkBuddy也能做GEO专家/assets/004_geo-overview-risk_F7TdbI1vDo.png	/mirror/3d/3d845b4316ade5fd68a2edb1df371298d4945bff.webp
https://raw.githubusercontent.com/AlephAITech/WorkBuddyGuide/814ec835e9dae4a89da368fe208425ff50e121fe/docs/bluebook/第二篇 案例篇：从一项任务到一支 AI 团队/第 21 章 WorkBuddy也能做GEO专家/assets/005_geo-aivo-score_IeIfb25yLo.png	/mirror/2f/2fedde5a806ccd9a299ab70b1e8e832aa1319111.webp
https://raw.githubusercontent.com/AlephAITech/WorkBuddyGuide/814ec835e9dae4a89da368fe208425ff50e121fe/docs/bluebook/第二篇 案例篇：从一项任务到一支 AI 团队/第 21 章 WorkBuddy也能做GEO专家/assets/006_geo-user-profile_D9E2bdtMfo.png	/mirror/7a/7a373b02c81e6ee87bdd9dd4e714d15f8fa1639f.webp
https://raw.githubusercontent.com/AlephAITech/WorkBuddyGuide/814ec835e9dae4a89da368fe208425ff50e121fe/docs/bluebook/第二篇 案例篇：从一项任务到一支 AI 团队/第 21 章 WorkBuddy也能做GEO专家/assets/007_geo-search-visibility_DlL8bB228o.png	/mirror/92/9266cc3a0b0f0742d2de79e24ee463f2c645e680.webp
https://raw.githubusercontent.com/AlephAITech/WorkBuddyGuide/814ec835e9dae4a89da368fe208425ff50e121fe/docs/bluebook/第二篇 案例篇：从一项任务到一支 AI 团队/第 21 章 WorkBuddy也能做GEO专家/assets/008_geo-infrastructure_EGT9bx2q1o.png	/mirror/6a/6a83476cd5dacee4cae5fb254c7aa7b6472b9fe1.webp
https://raw.githubusercontent.com/AlephAITech/WorkBuddyGuide/814ec835e9dae4a89da368fe208425ff50e121fe/docs/bluebook/第二篇 案例篇：从一项任务到一支 AI 团队/第 21 章 WorkBuddy也能做GEO专家/assets/009_geo-competitor-analysis_DXc8bIG86o.png	/mirror/2a/2a52ce8ac40a1a57be672b309362c666db3f4b7e.webp
https://raw.githubusercontent.com/AlephAITech/WorkBuddyGuide/814ec835e9dae4a89da368fe208425ff50e121fe/docs/bluebook/第二篇 案例篇：从一项任务到一支 AI 团队/第 21 章 WorkBuddy也能做GEO专家/assets/010_geo-inclusion-effect_Wtr5bIQjXo.png	/mirror/e4/e4f9ee5de66a213b278c351e5013adc7c90cc032.webp
https://raw.githubusercontent.com/AlephAITech/WorkBuddyGuide/814ec835e9dae4a89da368fe208425ff50e121fe/docs/bluebook/第二篇 案例篇：从一项任务到一支 AI 团队/第 21 章 WorkBuddy也能做GEO专家/assets/011_geo-sentiment-analysis_PGplbNBQFo.png	/mirror/76/76251845ef714af60c70d6faad00960d6050a8f9.webp
https://raw.githubusercontent.com/AlephAITech/WorkBuddyGuide/814ec835e9dae4a89da368fe208425ff50e121fe/docs/bluebook/第二篇 案例篇：从一项任务到一支 AI 团队/第 21 章 WorkBuddy也能做GEO专家/assets/012_geo-personal-ip-score_ImWjbM8HSo.jpg	/mirror/a2/a2de93ac66370e7738d924b350607c3c50c5bb07.webp
https://raw.githubusercontent.com/AlephAITech/WorkBuddyGuide/814ec835e9dae4a89da368fe208425ff50e121fe/docs/bluebook/第二篇 案例篇：从一项任务到一支 AI 团队/第 21 章 WorkBuddy也能做GEO专家/assets/013_geo-action-suggestions_MiImbUk7Io.png	/mirror/c7/c7ef4658faed396e0f28ee929813ffec5eb082f7.webp
https://raw.githubusercontent.com/AlephAITech/WorkBuddyGuide/814ec835e9dae4a89da368fe208425ff50e121fe/docs/bluebook/第二篇 案例篇：从一项任务到一支 AI 团队/第 21 章 WorkBuddy也能做GEO专家/assets/014_geo-roadmap_TlOTbehsFo.png	/mirror/e4/e40ebfa60a0aca560da2a30184e2601f4377e1e5.webp
https://raw.githubusercontent.com/CCCpan/ai-api-integration/95cd8c6f48e58dfe96703a37b6c8fccb583bea74/assets/cases/contract-verify-cover.jpg	/mirror/9a/9aba2a48354eed90d41445f28ced366335aa737a.webp
https://raw.githubusercontent.com/CCCpan/ai-api-integration/95cd8c6f48e58dfe96703a37b6c8fccb583bea74/assets/cases/xhs-content-cover.jpg	/mirror/fa/fa2f82b170dd09937dc2b01485f840e16e3ad313.webp
https://raw.githubusercontent.com/Chachamaru127/claude-code-harness/2b2b74805321089bd9b660a1064fa97556299703/docs/images/claude-harness-logo-with-text.png	/mirror/65/65e6dd18fb564be8df35a5fb1f7e0e9019952291.webp
https://raw.githubusercontent.com/Chachamaru127/claude-code-harness/2b2b74805321089bd9b660a1064fa97556299703/docs/images/readme/loop-en.svg	/mirror/c6/c63e4801a1b6c790d6475a4b0732feaf2de1b29f.svg
https://raw.githubusercontent.com/EmbraceAGI/awesome-chatgpt-zh/f7c206f6b3e27dae3f4fa7fb1eee1852c72b1f68/docs/imgs/DAN_chatGPT.jpg	/mirror/49/49c6a23537c697c73c91d15245fbbf43963bcdc8.webp
https://raw.githubusercontent.com/EmbraceAGI/awesome-chatgpt-zh/f7c206f6b3e27dae3f4fa7fb1eee1852c72b1f68/docs/imgs/GPT_wolfram.jpg	/mirror/a7/a737d09d3dcc6ddbc51926ec2e47be9d5465c924.webp
https://raw.githubusercontent.com/EmbraceAGI/awesome-chatgpt-zh/f7c206f6b3e27dae3f4fa7fb1eee1852c72b1f68/docs/imgs/ai_code_translator.png	/mirror/3c/3c1191853f97b0d72fc374d29cb7e6712386df50.webp
https://raw.githubusercontent.com/EmbraceAGI/awesome-chatgpt-zh/f7c206f6b3e27dae3f4fa7fb1eee1852c72b1f68/docs/imgs/ai_yjs.jpg	/mirror/32/32f06e8633978dab803a1b8f6cb51be8ab62067a.webp
https://raw.githubusercontent.com/EmbraceAGI/awesome-chatgpt-zh/f7c206f6b3e27dae3f4fa7fb1eee1852c72b1f68/docs/imgs/aigenprompt.jpg	/mirror/c0/c01ec0ab578917bc85a015150df114ffb9f35d95.webp
https://raw.githubusercontent.com/EmbraceAGI/awesome-chatgpt-zh/f7c206f6b3e27dae3f4fa7fb1eee1852c72b1f68/docs/imgs/chartgpt.png	/mirror/ae/ae10de863bf27cbc6ca22256240a678106e0d72b.webp
https://raw.githubusercontent.com/EmbraceAGI/awesome-chatgpt-zh/f7c206f6b3e27dae3f4fa7fb1eee1852c72b1f68/docs/imgs/chatGPT_feishu.png	/mirror/e4/e414d82c59e7c3b6d35423097fa2180c710bb9b4.webp
https://raw.githubusercontent.com/EmbraceAGI/awesome-chatgpt-zh/f7c206f6b3e27dae3f4fa7fb1eee1852c72b1f68/docs/imgs/chatGPT_promote_gen.jpg	/mirror/01/01b6d31812a61a85b179d5f84f514e44490c9aa0.webp
https://raw.githubusercontent.com/EmbraceAGI/awesome-chatgpt-zh/f7c206f6b3e27dae3f4fa7fb1eee1852c72b1f68/docs/imgs/chatGPT_shortcut.jpg	/mirror/f3/f3b1315ce34c65e2d61204b2064acdd1803f8904.webp
https://raw.githubusercontent.com/EmbraceAGI/awesome-chatgpt-zh/f7c206f6b3e27dae3f4fa7fb1eee1852c72b1f68/docs/imgs/chatGPT_xhs.jpg	/mirror/1d/1df2d26835842a9ed84d9ae0f487f1a7c8e54b04.webp
https://raw.githubusercontent.com/EmbraceAGI/awesome-chatgpt-zh/f7c206f6b3e27dae3f4fa7fb1eee1852c72b1f68/docs/imgs/chatPDF_paper.jpg	/mirror/af/af6adfedccf6c1f12b4892a5e5433645e558a2ba.webp
https://raw.githubusercontent.com/EmbraceAGI/awesome-chatgpt-zh/f7c206f6b3e27dae3f4fa7fb1eee1852c72b1f68/docs/imgs/chatYoutube.jpg	/mirror/bf/bf51fc109f31c7a1a1ca103313bf4ed154031fbd.webp
https://raw.githubusercontent.com/EmbraceAGI/awesome-chatgpt-zh/f7c206f6b3e27dae3f4fa7fb1eee1852c72b1f68/docs/imgs/chat_doc.png	/mirror/25/2587758ec91dabd8d3340a9ef6a8925bde5b25cd.webp
https://raw.githubusercontent.com/EmbraceAGI/awesome-chatgpt-zh/f7c206f6b3e27dae3f4fa7fb1eee1852c72b1f68/docs/imgs/chat_excel.jpg	/mirror/38/38add91f1f44fed3e4b43835ee770e6611df7ee4.webp
https://raw.githubusercontent.com/EmbraceAGI/awesome-chatgpt-zh/f7c206f6b3e27dae3f4fa7fb1eee1852c72b1f68/docs/imgs/chatfiles.png	/mirror/c4/c44de41d82f4e376849800c085ce2e38da1f92fa.webp
https://raw.githubusercontent.com/EmbraceAGI/awesome-chatgpt-zh/f7c206f6b3e27dae3f4fa7fb1eee1852c72b1f68/docs/imgs/chatgpt_academic.png	/mirror/a7/a7af29e8c8a04c4a8a594180ac1d99c7bebcff1e.webp
https://raw.githubusercontent.com/EmbraceAGI/awesome-chatgpt-zh/f7c206f6b3e27dae3f4fa7fb1eee1852c72b1f68/docs/imgs/chatgpt_book.jpg	/mirror/e4/e4a7b5cbd84ab83d804db856023ad60d4233d896.webp
https://raw.githubusercontent.com/EmbraceAGI/awesome-chatgpt-zh/f7c206f6b3e27dae3f4fa7fb1eee1852c72b1f68/docs/imgs/chatgpt_copilot_hub.jpg	/mirror/89/8953b5bdd398b23e5685d759cabc620cfee63eb4.webp
https://raw.githubusercontent.com/EmbraceAGI/awesome-chatgpt-zh/f7c206f6b3e27dae3f4fa7fb1eee1852c72b1f68/docs/imgs/chatgpt_improve_english.jpg	/mirror/d4/d4657cd8896cb9133b400fcfe9e9cb9b77ca0462.webp
https://raw.githubusercontent.com/EmbraceAGI/awesome-chatgpt-zh/f7c206f6b3e27dae3f4fa7fb1eee1852c72b1f68/docs/imgs/chatgpt_next_web.png	/mirror/66/6641347474d5b0072b96f26777fc0e48b6ab7665.webp
https://raw.githubusercontent.com/EmbraceAGI/awesome-chatgpt-zh/f7c206f6b3e27dae3f4fa7fb1eee1852c72b1f68/docs/imgs/chatgpt_sidebar.png	/mirror/70/707f9db3b067c404cc86eb615984e0b8134ade8f.webp
https://raw.githubusercontent.com/EmbraceAGI/awesome-chatgpt-zh/f7c206f6b3e27dae3f4fa7fb1eee1852c72b1f68/docs/imgs/chatmind.jpg	/mirror/68/68eff904ad4e38a0edd09353467572fef4a6844f.webp
https://raw.githubusercontent.com/EmbraceAGI/awesome-chatgpt-zh/f7c206f6b3e27dae3f4fa7fb1eee1852c72b1f68/docs/imgs/codeium.jpg	/mirror/9e/9e38bffeaa6028322a8b4a6c5329fc51e2651b18.webp
https://raw.githubusercontent.com/EmbraceAGI/awesome-chatgpt-zh/f7c206f6b3e27dae3f4fa7fb1eee1852c72b1f68/docs/imgs/codium_chatgpt.jpg	/mirror/3a/3a730dc55addbfa7486e7f83b26ff4cfa32e095f.webp
https://raw.githubusercontent.com/EmbraceAGI/awesome-chatgpt-zh/f7c206f6b3e27dae3f4fa7fb1eee1852c72b1f68/docs/imgs/cursor.jpg	/mirror/7c/7cd48f62b99fe8109a18b50b60c26d4253cbd364.webp
https://raw.githubusercontent.com/EmbraceAGI/awesome-chatgpt-zh/f7c206f6b3e27dae3f4fa7fb1eee1852c72b1f68/docs/imgs/github_copilot_x.png	/mirror/98/9898b7d2c642feb02b7d0365c884a51f12de35d1.webp
https://raw.githubusercontent.com/EmbraceAGI/awesome-chatgpt-zh/f7c206f6b3e27dae3f4fa7fb1eee1852c72b1f68/docs/imgs/gpt3_demo.jpg	/mirror/c5/c50426e249f9e9adee8145c3e50b29eb4a90907a.webp
https://raw.githubusercontent.com/EmbraceAGI/awesome-chatgpt-zh/f7c206f6b3e27dae3f4fa7fb1eee1852c72b1f68/docs/imgs/gpt_readme.jpg	/mirror/09/09cd8993004e63c3a5c2337fb33a36a43e70d844.webp
https://raw.githubusercontent.com/EmbraceAGI/awesome-chatgpt-zh/f7c206f6b3e27dae3f4fa7fb1eee1852c72b1f68/docs/imgs/learning_prompting.jpg	/mirror/8c/8cd0c615bd61509a2c85491e65090d9be8ade2af.webp
https://raw.githubusercontent.com/EmbraceAGI/awesome-chatgpt-zh/f7c206f6b3e27dae3f4fa7fb1eee1852c72b1f68/docs/imgs/learnprompt_wiki.jpg	/mirror/d3/d310083107d89a7842c4aaf2d6fe0180aaa3f380.webp
https://raw.githubusercontent.com/EmbraceAGI/awesome-chatgpt-zh/f7c206f6b3e27dae3f4fa7fb1eee1852c72b1f68/docs/imgs/multimedia_gpt.jpg	/mirror/53/53849126d8f4eaa2f4d040a215aaf6fbba62ea46.webp
https://raw.githubusercontent.com/EmbraceAGI/awesome-chatgpt-zh/f7c206f6b3e27dae3f4fa7fb1eee1852c72b1f68/docs/imgs/open_gpt_app.jpg	/mirror/ee/eea405e76f5ce33945829cb99f85c18a81f2878d.webp
https://raw.githubusercontent.com/EmbraceAGI/awesome-chatgpt-zh/f7c206f6b3e27dae3f4fa7fb1eee1852c72b1f68/docs/imgs/open_translator.jpg	/mirror/4a/4a87032ce890c5e280f2d6ab55efecb5e6176a59.webp
https://raw.githubusercontent.com/EmbraceAGI/awesome-chatgpt-zh/f7c206f6b3e27dae3f4fa7fb1eee1852c72b1f68/docs/imgs/prompt-simple-cheatsheet.jpg	/mirror/75/7514f9aa07983a54efded8e6ddc686f8a97d3c9e.webp
https://raw.githubusercontent.com/EmbraceAGI/awesome-chatgpt-zh/f7c206f6b3e27dae3f4fa7fb1eee1852c72b1f68/docs/imgs/roomGPT.io.png	/mirror/fc/fc4d4cb9a1ada355c531f1c4a2edb55a92938057.webp
https://raw.githubusercontent.com/EmbraceAGI/awesome-chatgpt-zh/f7c206f6b3e27dae3f4fa7fb1eee1852c72b1f68/docs/imgs/rytr.jpg	/mirror/a5/a5ae4a00f95a55c6e4ab63e152cdb37a34b079d4.webp
https://raw.githubusercontent.com/EmbraceAGI/awesome-chatgpt-zh/f7c206f6b3e27dae3f4fa7fb1eee1852c72b1f68/docs/imgs/sam.jpg	/mirror/c7/c7427d928d0c01f3d2aed46dc80142e4ed614df3.webp
https://raw.githubusercontent.com/EmbraceAGI/awesome-chatgpt-zh/f7c206f6b3e27dae3f4fa7fb1eee1852c72b1f68/docs/imgs/shell_gpt.gif	/mirror/d6/d67d65311424f803af66c3824394fe50ae7e7e65.webp
https://raw.githubusercontent.com/EmbraceAGI/awesome-chatgpt-zh/f7c206f6b3e27dae3f4fa7fb1eee1852c72b1f68/docs/imgs/visual_gpt.gif	/mirror/bb/bbe4528796185e94bc582079f28d6f54907a924d.webp
https://raw.githubusercontent.com/EmbraceAGI/awesome-chatgpt-zh/f7c206f6b3e27dae3f4fa7fb1eee1852c72b1f68/docs/imgs/wenxin_prompt.jpg	/mirror/12/12aa3c7f30512146c2e886f7a264c1282f9cf9ac.webp
https://raw.githubusercontent.com/EmbraceAGI/awesome-chatgpt-zh/f7c206f6b3e27dae3f4fa7fb1eee1852c72b1f68/docs/imgs/zhoubao_gpt.jpg	/mirror/19/199b1b339b37f9f64be13b287d9f4a70eaafb735.webp
https://raw.githubusercontent.com/EmbraceAGI/awesome-chatgpt-zh/f7c206f6b3e27dae3f4fa7fb1eee1852c72b1f68/imgs/qrcode_for_wx_gh.jpg	/mirror/92/9287cee563eecf73047a1e16e9bd9672c2ee06e3.webp
https://raw.githubusercontent.com/KimYx0207/AI-Coding-Guide-Zh/7a7c21b8e7dc976e8ade33b79ee000a172e63daf/images/二维码基础款.png	/mirror/07/078c83bbd9db8eaaeb6a5db071fc25d8f12439b6.webp
https://raw.githubusercontent.com/KimYx0207/AI-Coding-Guide-Zh/7a7c21b8e7dc976e8ade33b79ee000a172e63daf/images/微信.jpg	/mirror/af/af13fdab2c7ef6f4c3ad92c777faa9ed2933136d.webp
https://raw.githubusercontent.com/KimYx0207/AI-Coding-Guide-Zh/7a7c21b8e7dc976e8ade33b79ee000a172e63daf/images/支付宝.jpg	/mirror/f9/f9d76c487ade463811622105071055ec910f279d.webp
https://raw.githubusercontent.com/QoderAI/better-harness/e1538c15a98856b3349f365d951f4fa0bcc33f24/assets/agent-work-loop-en.svg	/mirror/8b/8b098643d4d71f3631c4dcc533471610ff751deb.svg
https://raw.githubusercontent.com/QoderAI/better-harness/e1538c15a98856b3349f365d951f4fa0bcc33f24/assets/better-harness-architecture-en.svg	/mirror/8f/8fb7a5c1fead81e6f67be8ce0d7122118935171f.svg
https://raw.githubusercontent.com/QoderAI/better-harness/e1538c15a98856b3349f365d951f4fa0bcc33f24/assets/install/codex-add-marketplace.jpg	/mirror/aa/aa91ac56d13232a2d383cb7088fb641d9158dc23.webp
https://raw.githubusercontent.com/Shubhamsaboo/awesome-llm-apps/9848ec842c5f559ad42654288cc6a38db6b175fb/docs/gallery/ai-fraud-investigation.png	/mirror/dc/dc13147aeaf561bc3027749e4ad1fbed54810643.webp
https://raw.githubusercontent.com/Shubhamsaboo/awesome-llm-apps/9848ec842c5f559ad42654288cc6a38db6b175fb/docs/gallery/ai-home-renovation.png	/mirror/2e/2e2be1619890b6c8e1e15b0c1f59076542ea3961.webp
https://raw.githubusercontent.com/Shubhamsaboo/awesome-llm-apps/9848ec842c5f559ad42654288cc6a38db6b175fb/docs/gallery/always-on-hn-briefing.png	/mirror/74/743726a8f98b679612a25073742ec7e03dbd3b1c.webp
https://raw.githubusercontent.com/Shubhamsaboo/awesome-llm-apps/9848ec842c5f559ad42654288cc6a38db6b175fb/docs/gallery/insurance-claim-live-team.png	/mirror/18/1842a0930f62d9916b2540b6f2b80ad5ae18128a.webp
https://raw.githubusercontent.com/Shubhamsaboo/awesome-llm-apps/9848ec842c5f559ad42654288cc6a38db6b175fb/docs/gallery/project-graveyard.png	/mirror/7e/7ecdd4633ce4edb133f6e886d0298066d58a9843.webp
https://raw.githubusercontent.com/Shubhamsaboo/awesome-llm-apps/9848ec842c5f559ad42654288cc6a38db6b175fb/docs/gallery/self-improving-agent-skills.png	/mirror/ba/ba3d835574f004e3366b644b5a80930a2f063451.webp
https://raw.githubusercontent.com/WangRongsheng/awesome-LLM-resources/1fdf4ba2279979507c122db6403d2b7f97cc1e36/assets/logo6.png	/mirror/02/025ac323fcb1d395f429dcf2592f91dd16ec4907.webp
https://raw.githubusercontent.com/Windy3f3f3f3f/claude-code-from-scratch/0b452360866433fde0dc77cd37ada9d303546592/assets/kaibo.jpg	/mirror/9e/9e244a0734c1cdd4ab1e8aae657dd2b5cb904c93.webp
https://raw.githubusercontent.com/Windy3f3f3f3f/claude-code-from-scratch/0b452360866433fde0dc77cd37ada9d303546592/assets/qq.jpg	/mirror/5e/5e110160ba303ee5ed8968db8b817dd866ea5fd7.webp
https://raw.githubusercontent.com/Windy3f3f3f3f/how-claude-code-works/f4d6505ed9162a0ee6be089190f74c419ecacb19/assets/architecture.png	/mirror/8c/8c27733aa951b9e2adeac9ffbfbf1a2f85536fc4.webp
https://raw.githubusercontent.com/Windy3f3f3f3f/how-claude-code-works/f4d6505ed9162a0ee6be089190f74c419ecacb19/assets/kaibo.jpg	/mirror/de/de6a92f13e81fed3ef6c97c00d75a85cbe47416c.webp
https://raw.githubusercontent.com/Windy3f3f3f3f/how-claude-code-works/f4d6505ed9162a0ee6be089190f74c419ecacb19/assets/qq.jpg	/mirror/9a/9ae63d220449f4f5d0f159e98759e32e28dfa3bc.webp
https://raw.githubusercontent.com/adongwanai/learn-workbuddy/d8c2a32614555196e405f20c67e23ed84f2f2239/examples/answer_grounding_eval/images/answer-grounding.svg	/mirror/da/dafadf5fbddb3f115faafd88d8e60c4742fc2182.svg
https://raw.githubusercontent.com/adongwanai/learn-workbuddy/d8c2a32614555196e405f20c67e23ed84f2f2239/examples/context_pipeline_walkthrough/images/retrieval-to-prompt.svg	/mirror/b1/b18bf876567791c4466c1cc809f1ae975080f3da.svg
https://raw.githubusercontent.com/adongwanai/learn-workbuddy/d8c2a32614555196e405f20c67e23ed84f2f2239/examples/layered_memory_walkthrough/images/layered-memory.svg	/mirror/32/323d3fd350fe8d36e7c2c8a7734bd339cbd009aa.svg
https://raw.githubusercontent.com/adongwanai/learn-workbuddy/d8c2a32614555196e405f20c67e23ed84f2f2239/images/architecture-overview.svg	/mirror/ae/aec3dd470d17faaeb0f40645fe2f7c632d26c9e6.svg
https://raw.githubusercontent.com/adongwanai/learn-workbuddy/d8c2a32614555196e405f20c67e23ed84f2f2239/s01_agent_loop/images/agent-loop.svg	/mirror/a6/a6ee6435f7ed0b749f558b82ad97469b532cf2a7.svg
https://raw.githubusercontent.com/adongwanai/learn-workbuddy/d8c2a32614555196e405f20c67e23ed84f2f2239/s03_deferred_loading/images/deferred-loading.svg	/mirror/29/29b9a4c8d706efba53c365ac24887f9e2920653f.svg
https://raw.githubusercontent.com/adongwanai/learn-workbuddy/d8c2a32614555196e405f20c67e23ed84f2f2239/s04_permission_hooks/images/permission-gates.svg	/mirror/c4/c4047661496c2dc38df9e250f10725f5c6a00888.svg
https://raw.githubusercontent.com/adongwanai/learn-workbuddy/d8c2a32614555196e405f20c67e23ed84f2f2239/s06_sidecar_server/images/sidecar-arch.svg	/mirror/62/62861b380f70d51e89dd37c6a0a56ceebe12ad3e.svg
https://raw.githubusercontent.com/adongwanai/learn-workbuddy/d8c2a32614555196e405f20c67e23ed84f2f2239/s07_session_management/images/session-lifecycle.svg	/mirror/78/7844cc945c8f5c80cccfb3e25e95eb4b5e4a8b1a.svg
https://raw.githubusercontent.com/adongwanai/learn-workbuddy/d8c2a32614555196e405f20c67e23ed84f2f2239/s10_workspace_memory/images/three-layer-memory.svg	/mirror/8b/8bcd1651fba4c953f7b85c6b4de67c35b7afe9ec.svg
https://raw.githubusercontent.com/adongwanai/learn-workbuddy/d8c2a32614555196e405f20c67e23ed84f2f2239/s14_context_compact/images/context-compact.svg	/mirror/05/0522468a82a649c4be6e9bb89296a8a4d35cddad.svg
https://raw.githubusercontent.com/adongwanai/learn-workbuddy/d8c2a32614555196e405f20c67e23ed84f2f2239/s16_skills_system/images/skills-system.svg	/mirror/fa/fabf152c3cc5192a3fd214a86a58a53a34132bc9.svg
https://raw.githubusercontent.com/adongwanai/learn-workbuddy/d8c2a32614555196e405f20c67e23ed84f2f2239/s24_comprehensive/images/comprehensive-overview.svg	/mirror/cf/cf32b317bbd1247c14f57b6ff4de8c1066bb6639.svg
https://raw.githubusercontent.com/anthropics/anthropic-cookbook/a97b9a2dc300635f0c26b5e05d0b54bbe0279ee5/capabilities/content_moderation/images/architecture.png	/mirror/82/820a37e4bc22909f2bd21903745d11c2e8f805d2.webp
https://raw.githubusercontent.com/aws-samples/sample-getting-started-with-strands-agents-course/6f0b46cd565312a34cdb9a6c72cbff7f3fa80c1d/course-1/Lab6/image/restaurant_agent_architecture.png	/mirror/4a/4a4fb0ad807b892dc4f4ad7415b5817926ae72a4.webp
https://raw.githubusercontent.com/bonigarcia/context-engineering/46719154489e410b509db4fb69ab1c29fb3362a0/docs/img/context-engineering-MEAP-cover.png	/mirror/df/dfc32e4e05ad9b5873ed9289474b88dc90d2c62a.webp
https://raw.githubusercontent.com/bozhouDev/codex-orange-book/6c72add96c319507da65f963abfd9618d0c9ea0f/assets/images/chatgpt-chrome-01.png	/mirror/d4/d46fa6cec3e35b76a13302ee181aeb82709d12f3.webp
https://raw.githubusercontent.com/bozhouDev/codex-orange-book/6c72add96c319507da65f963abfd9618d0c9ea0f/assets/images/chatgpt-chrome-02.png	/mirror/de/de397ab8174ec100b6dad92f46ea348829f0643a.webp
https://raw.githubusercontent.com/bozhouDev/codex-orange-book/6c72add96c319507da65f963abfd9618d0c9ea0f/assets/images/chatgpt-sites-01.png	/mirror/4b/4b77a4719cbc8f2bab7e33c178e61ba28f3fca76.webp
https://raw.githubusercontent.com/bozhouDev/codex-orange-book/6c72add96c319507da65f963abfd9618d0c9ea0f/assets/images/chatgpt-sites-02.png	/mirror/97/97514cd340ef9d28af6eaf3f5fd1b849e882d68f.webp
https://raw.githubusercontent.com/bozhouDev/codex-orange-book/6c72add96c319507da65f963abfd9618d0c9ea0f/assets/images/chatgpt-sites-03.png	/mirror/08/08f8820633735398621c59598bf14e6a16beba40.webp
https://raw.githubusercontent.com/bozhouDev/codex-orange-book/6c72add96c319507da65f963abfd9618d0c9ea0f/assets/images/chatgpt-sites-04.png	/mirror/e9/e9b89074e39b37df4bbc94feff05c09d8df0dfca.webp
https://raw.githubusercontent.com/bozhouDev/codex-orange-book/6c72add96c319507da65f963abfd9618d0c9ea0f/assets/images/codex-memory-best-practices-01.jpg	/mirror/7c/7cd48ff0442e6cd8d567245a8f06d09632b04214.webp
https://raw.githubusercontent.com/bozhouDev/codex-orange-book/6c72add96c319507da65f963abfd9618d0c9ea0f/assets/images/codex-memory-best-practices-02.jpg	/mirror/e6/e6ac606e1f631e7a2499e3ed99696d59824dec93.webp
https://raw.githubusercontent.com/bozhouDev/codex-orange-book/6c72add96c319507da65f963abfd9618d0c9ea0f/assets/images/codex-memory-best-practices-03.jpg	/mirror/31/3148ee8b6f2acbb1196f58c467fad2a863906ed7.webp
https://raw.githubusercontent.com/bozhouDev/codex-orange-book/6c72add96c319507da65f963abfd9618d0c9ea0f/assets/images/codex-memory-best-practices-04.png	/mirror/c2/c23935a6b2d616fc77b560ef0ee5eddc9b5902ce.webp
https://raw.githubusercontent.com/bozhouDev/codex-orange-book/6c72add96c319507da65f963abfd9618d0c9ea0f/assets/images/codex-memory-best-practices-05.jpg	/mirror/22/22b99a158fe8420c9e01545c6f429855f1ef7b4e.webp
https://raw.githubusercontent.com/bozhouDev/codex-orange-book/6c72add96c319507da65f963abfd9618d0c9ea0f/assets/images/codex-memory-best-practices-06.jpg	/mirror/f3/f399cf1c2d0b6c9a3b9c276bc19b6fe6694d09ad.webp
https://raw.githubusercontent.com/bozhouDev/codex-orange-book/6c72add96c319507da65f963abfd9618d0c9ea0f/assets/images/codex-memory-best-practices-07.jpg	/mirror/de/de929fe993a312b894ac8ba7616c9cd86fab169b.webp
https://raw.githubusercontent.com/bozhouDev/codex-orange-book/6c72add96c319507da65f963abfd9618d0c9ea0f/assets/images/codex-memory-best-practices-08.png	/mirror/8a/8a72364ea7d868e1d9520e61f1031e4fc4a3e8e2.webp
https://raw.githubusercontent.com/bozhouDev/codex-orange-book/6c72add96c319507da65f963abfd9618d0c9ea0f/assets/images/codex-memory-best-practices-09.jpg	/mirror/3b/3bb535c2c860f1fcbbe030cc76617110bf70317d.webp
https://raw.githubusercontent.com/bozhouDev/codex-orange-book/6c72add96c319507da65f963abfd9618d0c9ea0f/assets/images/image-002-4f0de9d6b3.png	/mirror/af/afe40c5594034452ef9282c725c9cfbccd0481bb.webp
https://raw.githubusercontent.com/bozhouDev/codex-orange-book/6c72add96c319507da65f963abfd9618d0c9ea0f/assets/images/image-003-4ba99b9c0a.png	/mirror/fa/fa9753d11a75dacbd01b2980a4dfcd334bfa06be.webp
https://raw.githubusercontent.com/bozhouDev/codex-orange-book/6c72add96c319507da65f963abfd9618d0c9ea0f/assets/images/image-004-408fd41f24.png	/mirror/cd/cd9aa8b35c63632b9d5ed8f8e6be5d216b60c91d.webp
https://raw.githubusercontent.com/bozhouDev/codex-orange-book/6c72add96c319507da65f963abfd9618d0c9ea0f/assets/images/image-005-e2cbc7da9d.png	/mirror/b1/b1a677468393a1170f1931f6eef39bb2c285fa2c.webp
https://raw.githubusercontent.com/bozhouDev/codex-orange-book/6c72add96c319507da65f963abfd9618d0c9ea0f/assets/images/image-006-0f0d88385e.png	/mirror/d4/d4cdf8adfbcb2376455d9576da884cb18d831007.webp
https://raw.githubusercontent.com/bozhouDev/codex-orange-book/6c72add96c319507da65f963abfd9618d0c9ea0f/assets/images/image-008-7b9207fbc0.png	/mirror/02/0210a0e788d6d0e6606cfbaf02c1f92db89f6759.webp
https://raw.githubusercontent.com/bozhouDev/codex-orange-book/6c72add96c319507da65f963abfd9618d0c9ea0f/assets/images/image-009-83f16b5f97.png	/mirror/24/245a935372fad6e455316e70a44f6aa707a2a26e.webp
https://raw.githubusercontent.com/bozhouDev/codex-orange-book/6c72add96c319507da65f963abfd9618d0c9ea0f/assets/images/image-010-8cac2e1d37.png	/mirror/89/892ee50c53aac76f9a2184e64294be9f11a11c0b.webp
https://raw.githubusercontent.com/bozhouDev/codex-orange-book/6c72add96c319507da65f963abfd9618d0c9ea0f/assets/images/image-011-59a65b6cbe.png	/mirror/d5/d51ac1a96fcbde94ff5c80423f0149ef3e4dc36d.webp
https://raw.githubusercontent.com/bozhouDev/codex-orange-book/6c72add96c319507da65f963abfd9618d0c9ea0f/assets/images/image-012-caf9bf0f60.png	/mirror/01/019ecd4f9abf7a5d7542f50d29490c4b2e9acf41.webp
https://raw.githubusercontent.com/bozhouDev/codex-orange-book/6c72add96c319507da65f963abfd9618d0c9ea0f/assets/images/image-013-ab6166a144.png	/mirror/5f/5f724eba6bd731ffb7f18293afb81c5432b00e20.webp
https://raw.githubusercontent.com/bozhouDev/codex-orange-book/6c72add96c319507da65f963abfd9618d0c9ea0f/assets/images/image-014-f4cad7a35b.png	/mirror/29/29ed901e41bfe49d829390da33a8629f5f371ef8.webp
https://raw.githubusercontent.com/bozhouDev/codex-orange-book/6c72add96c319507da65f963abfd9618d0c9ea0f/assets/images/image-015-6a51d13719.png	/mirror/71/71cdcb3b430dc65c0c28eb8d13903145daa6a961.webp
https://raw.githubusercontent.com/bozhouDev/codex-orange-book/6c72add96c319507da65f963abfd9618d0c9ea0f/assets/images/image-016-a4f222f686.png	/mirror/73/7334f3c1d94334be668ab1e5889f0a39b278e83a.webp
https://raw.githubusercontent.com/bozhouDev/codex-orange-book/6c72add96c319507da65f963abfd9618d0c9ea0f/assets/images/image-017-45e7b1f44c.png	/mirror/a9/a98a3a150890d6b7956fade646db77aa092cd12d.webp
https://raw.githubusercontent.com/bozhouDev/codex-orange-book/6c72add96c319507da65f963abfd9618d0c9ea0f/assets/images/image-018-3206c339e6.png	/mirror/a2/a22c05dc13af38f1120bc2063805198932979c12.webp
https://raw.githubusercontent.com/bozhouDev/codex-orange-book/6c72add96c319507da65f963abfd9618d0c9ea0f/assets/images/image-019-257b446265.png	/mirror/6e/6e608f1b058d4e7465e65ed385253c1802103efb.webp
https://raw.githubusercontent.com/bozhouDev/codex-orange-book/6c72add96c319507da65f963abfd9618d0c9ea0f/assets/images/image-020-00b4c4d600.png	/mirror/08/086407c31473414c523a69c0280b1e64301df31e.webp
https://raw.githubusercontent.com/bozhouDev/codex-orange-book/6c72add96c319507da65f963abfd9618d0c9ea0f/assets/images/image-021-dfac5ddc9d.png	/mirror/4e/4e58a22d563a74a563ed551130e65251d5dc83eb.webp
https://raw.githubusercontent.com/bozhouDev/codex-orange-book/6c72add96c319507da65f963abfd9618d0c9ea0f/assets/images/image-022-35963eb7d8.png	/mirror/3a/3a6303f3635272174fb365b0ed3a93c90df2fbf1.webp
https://raw.githubusercontent.com/bozhouDev/codex-orange-book/6c72add96c319507da65f963abfd9618d0c9ea0f/assets/images/image-023-e2925cfe7a.png	/mirror/bc/bc1c22d68fd4032adbc52ca567cc9f69565c7bf3.webp
https://raw.githubusercontent.com/bozhouDev/codex-orange-book/6c72add96c319507da65f963abfd9618d0c9ea0f/assets/images/image-024-5597f4da7e.png	/mirror/1e/1eecc56f8f4a307777370ac4f19e7a5265ec24dc.webp
https://raw.githubusercontent.com/bozhouDev/codex-orange-book/6c72add96c319507da65f963abfd9618d0c9ea0f/assets/images/image-025-3c0bbdb2c9.png	/mirror/ac/ac57cf54362a779be306d8c34c5408bd9aae4536.webp
https://raw.githubusercontent.com/bozhouDev/codex-orange-book/6c72add96c319507da65f963abfd9618d0c9ea0f/assets/images/image-026-e376d9b72b.png	/mirror/3a/3a86c7e792e8d81e1e132764971d5c5a33fba27e.webp
https://raw.githubusercontent.com/bozhouDev/codex-orange-book/6c72add96c319507da65f963abfd9618d0c9ea0f/assets/images/image-027-fe65838194.png	/mirror/d9/d90643bd630058fbaae0635d3a9f617d7b043e63.webp
https://raw.githubusercontent.com/bozhouDev/codex-orange-book/6c72add96c319507da65f963abfd9618d0c9ea0f/assets/images/image-028-428085256a.png	/mirror/a7/a7f23c356f4a95c1dd843be9065fbbd4aa2879b4.webp
https://raw.githubusercontent.com/bozhouDev/codex-orange-book/6c72add96c319507da65f963abfd9618d0c9ea0f/assets/images/image-029-36088a5605.png	/mirror/16/16d526ba5ae11ca72f9941e77a88893689b08ebc.webp
https://raw.githubusercontent.com/bozhouDev/codex-orange-book/6c72add96c319507da65f963abfd9618d0c9ea0f/assets/images/image-030-5e67deee5c.png	/mirror/cb/cb7bc45715030970c395f75d5d59b53f6a0977ea.webp
https://raw.githubusercontent.com/bozhouDev/codex-orange-book/6c72add96c319507da65f963abfd9618d0c9ea0f/assets/images/image-031-223a38b5c0.png	/mirror/2a/2a2a5b93b0181e0d88187062042d85e54413f828.webp
https://raw.githubusercontent.com/bozhouDev/codex-orange-book/6c72add96c319507da65f963abfd9618d0c9ea0f/assets/images/image-032-19abbbf80a.png	/mirror/db/db928fac3eb7e63a83b704e9e41d813b805a333c.webp
https://raw.githubusercontent.com/bozhouDev/codex-orange-book/6c72add96c319507da65f963abfd9618d0c9ea0f/assets/images/image-033-ab2aaf4b7c.png	/mirror/a2/a25f4e129df8c7a2eb046d71cb57435aa30438a7.webp
https://raw.githubusercontent.com/bozhouDev/codex-orange-book/6c72add96c319507da65f963abfd9618d0c9ea0f/assets/images/image-034-6c91bab459.png	/mirror/f7/f7a5b039978c8cbf1eb33b360a09f27337807e4a.webp
https://raw.githubusercontent.com/bozhouDev/codex-orange-book/6c72add96c319507da65f963abfd9618d0c9ea0f/assets/images/image-035-14008ae664.png	/mirror/d9/d95461f516a221e423ebb1c9640dd3e6ffe09a3c.webp
https://raw.githubusercontent.com/bozhouDev/codex-orange-book/6c72add96c319507da65f963abfd9618d0c9ea0f/assets/images/image-036-3a26d98ad0.png	/mirror/0d/0d6ffe0db3b8ad554880d0a59ddfb3776f23d096.webp
https://raw.githubusercontent.com/bozhouDev/codex-orange-book/6c72add96c319507da65f963abfd9618d0c9ea0f/assets/images/image-037-2ce03561dc.png	/mirror/94/94f0b46d176c28b4c02a0dea8ce81244223ad642.webp
https://raw.githubusercontent.com/bozhouDev/codex-orange-book/6c72add96c319507da65f963abfd9618d0c9ea0f/assets/images/image-038-bea3475dc4.png	/mirror/02/0273ced7f859e98707121c48ae8f3ffb1a2cb8fb.webp
https://raw.githubusercontent.com/bozhouDev/codex-orange-book/6c72add96c319507da65f963abfd9618d0c9ea0f/assets/images/image-039-1274ebbc52.png	/mirror/27/27a216ff41278cd86440e35eea67ece26c4a0314.webp
https://raw.githubusercontent.com/bozhouDev/codex-orange-book/6c72add96c319507da65f963abfd9618d0c9ea0f/assets/images/image-040-9839b03471.png	/mirror/e5/e508bf5da6a5fc650022687ebfae8fa1bf34d5db.webp
https://raw.githubusercontent.com/bozhouDev/codex-orange-book/6c72add96c319507da65f963abfd9618d0c9ea0f/assets/images/image-041-2ec5f4e518.png	/mirror/a9/a909946248e62470cca416737b9440db2c000bb3.webp
https://raw.githubusercontent.com/bozhouDev/codex-orange-book/6c72add96c319507da65f963abfd9618d0c9ea0f/assets/images/image-042-c93789737a.png	/mirror/c9/c99280cd158c17e17763209437a00c090144d871.webp
https://raw.githubusercontent.com/bozhouDev/codex-orange-book/6c72add96c319507da65f963abfd9618d0c9ea0f/assets/images/image-043-b5ddc23cd8.png	/mirror/60/60aabba53606e64de3341dec6ce6a84fa05cbe61.webp
https://raw.githubusercontent.com/bozhouDev/codex-orange-book/6c72add96c319507da65f963abfd9618d0c9ea0f/assets/images/image-044-d06ab5db7e.png	/mirror/05/05d30710472df091e8bb75f151572144adef41db.webp
https://raw.githubusercontent.com/bozhouDev/codex-orange-book/6c72add96c319507da65f963abfd9618d0c9ea0f/assets/images/image-045-053d643836.png	/mirror/e2/e2e6a474f151dd22469e4257fbee4f96ac656fad.webp
https://raw.githubusercontent.com/bozhouDev/codex-orange-book/6c72add96c319507da65f963abfd9618d0c9ea0f/assets/images/image-046-d0b772835b.png	/mirror/70/709a9d2fdac1dfd8657ac6dc636c87b7637d7068.webp
https://raw.githubusercontent.com/bozhouDev/codex-orange-book/6c72add96c319507da65f963abfd9618d0c9ea0f/assets/images/image-047-afc2022a08.png	/mirror/1c/1c34b384e5796227c09077d7756d970e0fac1af3.webp
https://raw.githubusercontent.com/bozhouDev/codex-orange-book/6c72add96c319507da65f963abfd9618d0c9ea0f/assets/images/image-048-d6664c35fe.png	/mirror/0a/0a4041432af302dc941b58875ad834c0b02590ea.webp
https://raw.githubusercontent.com/bozhouDev/codex-orange-book/6c72add96c319507da65f963abfd9618d0c9ea0f/assets/images/image-049-1201459d2a.png	/mirror/5d/5d3d649d47bce836aab73d64c2feaaef5cb7df3e.webp
https://raw.githubusercontent.com/bozhouDev/codex-orange-book/6c72add96c319507da65f963abfd9618d0c9ea0f/assets/images/image-050-c05fba79fd.png	/mirror/b3/b32718f8085b27077b336dcc5eb9ce6d83a8d84c.webp
https://raw.githubusercontent.com/bozhouDev/codex-orange-book/6c72add96c319507da65f963abfd9618d0c9ea0f/assets/images/image-051-7fe82d6fc2.png	/mirror/98/98bd938df7bf9ce01fbbcfc62b86019d75e03b7d.webp
https://raw.githubusercontent.com/bozhouDev/codex-orange-book/6c72add96c319507da65f963abfd9618d0c9ea0f/assets/images/image-052-d903af3360.png	/mirror/c4/c4574b1601a9dde2c36b3b0e10d215ed98bc5a79.webp
https://raw.githubusercontent.com/bozhouDev/codex-orange-book/6c72add96c319507da65f963abfd9618d0c9ea0f/assets/images/image-053-1cdc6096db.png	/mirror/81/819e6a52cb250f8abaadb2acbecbab63d03cdac4.webp
https://raw.githubusercontent.com/bozhouDev/codex-orange-book/6c72add96c319507da65f963abfd9618d0c9ea0f/assets/images/image-054-220c086985.png	/mirror/38/38b0134d0526d885e6f31a54ccfa836b53fbe11d.webp
https://raw.githubusercontent.com/bozhouDev/codex-orange-book/6c72add96c319507da65f963abfd9618d0c9ea0f/assets/images/image-055-05e59b1fdc.png	/mirror/9d/9db2bb2e50ad83b48771a1b5620294c7fd7c8e34.webp
https://raw.githubusercontent.com/bozhouDev/codex-orange-book/6c72add96c319507da65f963abfd9618d0c9ea0f/assets/images/image-056-ea768961ca.png	/mirror/59/59947bad65d4b6be03e4d1ef76ddb65b7dda9929.webp
https://raw.githubusercontent.com/bozhouDev/codex-orange-book/6c72add96c319507da65f963abfd9618d0c9ea0f/assets/images/image-057-f9516b1833.png	/mirror/47/47f9b726cf1cde3a4bbb08f9372ecc4e9fb6045c.webp
https://raw.githubusercontent.com/bozhouDev/codex-orange-book/6c72add96c319507da65f963abfd9618d0c9ea0f/assets/images/image-058-72172c5bd0.png	/mirror/37/376250f9cad3d4922540728316fc7319f5fe8a3a.webp
https://raw.githubusercontent.com/bozhouDev/codex-orange-book/6c72add96c319507da65f963abfd9618d0c9ea0f/assets/images/image-059-9cdba830ef.png	/mirror/20/207108975b2f2d7c3aa9a64665824fca03a18db7.webp
https://raw.githubusercontent.com/bozhouDev/codex-orange-book/6c72add96c319507da65f963abfd9618d0c9ea0f/assets/images/image-060-1e3fd3edad.png	/mirror/6f/6fb6d00e3a953b63c66cfcea8403ce4efabad477.webp
https://raw.githubusercontent.com/bozhouDev/codex-orange-book/6c72add96c319507da65f963abfd9618d0c9ea0f/assets/images/image-061-1e67e75a88.png	/mirror/08/08cfd701bf4f80c50d7e59bbc94736598d0d536a.webp
https://raw.githubusercontent.com/bozhouDev/codex-orange-book/6c72add96c319507da65f963abfd9618d0c9ea0f/assets/images/image-062-677190e8ff.png	/mirror/09/09b555a2b77eea42d580bcd61b856c9ee911b8ce.webp
https://raw.githubusercontent.com/bozhouDev/codex-orange-book/6c72add96c319507da65f963abfd9618d0c9ea0f/assets/images/image-063-8c0f374e82.png	/mirror/b8/b8f78478e5b0c732cfc5c6485cb8895b6d861f6f.webp
https://raw.githubusercontent.com/bozhouDev/codex-orange-book/6c72add96c319507da65f963abfd9618d0c9ea0f/assets/images/image-064-c6cc5dc4d9.png	/mirror/f1/f19392107db67f1be1b0b77cf43a3b6efe69ae29.webp
https://raw.githubusercontent.com/bozhouDev/codex-orange-book/6c72add96c319507da65f963abfd9618d0c9ea0f/assets/images/image-065-7be7472fae.png	/mirror/07/071557dccf5bbf0b9d30aa636a0ff305c3dc69eb.webp
https://raw.githubusercontent.com/bozhouDev/codex-orange-book/6c72add96c319507da65f963abfd9618d0c9ea0f/assets/images/image-066-e3aead10bc.png	/mirror/b8/b8b11485633f44725de565632549921a84a9cec2.webp
https://raw.githubusercontent.com/bozhouDev/codex-orange-book/6c72add96c319507da65f963abfd9618d0c9ea0f/assets/images/image-067-e4aba35bff.png	/mirror/a3/a369d0c103c11aa88525b7013875170630d3d2b7.webp
https://raw.githubusercontent.com/bozhouDev/codex-orange-book/6c72add96c319507da65f963abfd9618d0c9ea0f/assets/images/image-068-81826d70e0.png	/mirror/4d/4d80391719209607428c1b987c58c28333921b02.webp
https://raw.githubusercontent.com/bozhouDev/codex-orange-book/6c72add96c319507da65f963abfd9618d0c9ea0f/assets/images/image-069-cfd1040092.png	/mirror/6c/6ce44298b8dd11e733285f290676a1c7b8e5ebb5.webp
https://raw.githubusercontent.com/bozhouDev/codex-orange-book/6c72add96c319507da65f963abfd9618d0c9ea0f/assets/images/image-070-548c4bfced.png	/mirror/33/33600e37b49d1d1710e0a388900b765333162b7e.webp
https://raw.githubusercontent.com/bozhouDev/codex-orange-book/6c72add96c319507da65f963abfd9618d0c9ea0f/assets/images/image-071-c36b13b759.png	/mirror/eb/eb02c3ddb7f108f49e773e3c6f0d7451c12302d1.webp
https://raw.githubusercontent.com/bozhouDev/codex-orange-book/6c72add96c319507da65f963abfd9618d0c9ea0f/assets/images/image-072-0bacd62ef7.png	/mirror/58/58049c18b14f4b62e2e9278eaaa8a588c340c60f.webp
https://raw.githubusercontent.com/bozhouDev/codex-orange-book/6c72add96c319507da65f963abfd9618d0c9ea0f/assets/images/image-073-6b92e44e73.png	/mirror/91/91bd770f4fe82dc12be78b68fbd7e3834400334a.webp
https://raw.githubusercontent.com/bozhouDev/codex-orange-book/6c72add96c319507da65f963abfd9618d0c9ea0f/assets/images/image-074-a7b21a59b4.png	/mirror/df/dfab68b18b4c0531e0521937f1cfc39d77f364f2.webp
https://raw.githubusercontent.com/bozhouDev/codex-orange-book/6c72add96c319507da65f963abfd9618d0c9ea0f/assets/images/image-075-a3afbcdfdc.png	/mirror/e5/e56cee39c7e260fc228d8d9db2eccb0938cf455f.webp
https://raw.githubusercontent.com/bozhouDev/codex-orange-book/6c72add96c319507da65f963abfd9618d0c9ea0f/assets/images/image-076-be7cedd51b.png	/mirror/dd/dd8ae41288801e4562e4ceb9a408f8e9e56ea300.webp
https://raw.githubusercontent.com/bozhouDev/codex-orange-book/6c72add96c319507da65f963abfd9618d0c9ea0f/assets/images/image-077-304ae941c4.png	/mirror/ea/eac5b6b484239c21eb1dc2eeafd9b879b2764284.webp
https://raw.githubusercontent.com/bozhouDev/codex-orange-book/6c72add96c319507da65f963abfd9618d0c9ea0f/assets/images/image-078-f63e9b6ad0.png	/mirror/e8/e84841252ad25695b0be86cebdc7acb2816c7642.webp
https://raw.githubusercontent.com/bozhouDev/codex-orange-book/6c72add96c319507da65f963abfd9618d0c9ea0f/assets/images/image-079-d84ddc95b2.png	/mirror/30/30ccd69a5707acb0a0c72578aa8ed0fed17a04c5.webp
https://raw.githubusercontent.com/bozhouDev/codex-orange-book/6c72add96c319507da65f963abfd9618d0c9ea0f/assets/images/image-080-a53306a9a0.png	/mirror/8d/8de4ae8fa81ac1f1f0994e41749e91b9fc61ec89.webp
https://raw.githubusercontent.com/bozhouDev/codex-orange-book/6c72add96c319507da65f963abfd9618d0c9ea0f/assets/images/image-081-f3937d9863.png	/mirror/49/49350c5a49cde3c8aa3a4e50970d20912345017c.webp
https://raw.githubusercontent.com/bozhouDev/codex-orange-book/6c72add96c319507da65f963abfd9618d0c9ea0f/assets/images/image-082-f8ae50f1eb.png	/mirror/3b/3b4c05fd82b26013b708b4453eaa02cd8a74aa40.webp
https://raw.githubusercontent.com/bozhouDev/codex-orange-book/6c72add96c319507da65f963abfd9618d0c9ea0f/assets/images/image-083-384188bf14.png	/mirror/6b/6b3e388e44aefbbb56c4b996b71be4d71c5e9f61.webp
https://raw.githubusercontent.com/bozhouDev/codex-orange-book/6c72add96c319507da65f963abfd9618d0c9ea0f/assets/images/image-084-2a3160a6c5.png	/mirror/17/17e57a6c52f95edb1f826323bfe8e434fa0b0dff.webp
https://raw.githubusercontent.com/bozhouDev/codex-orange-book/6c72add96c319507da65f963abfd9618d0c9ea0f/assets/images/image-085-69a3904d44.png	/mirror/60/602d3dc0cca769e9f662bff526c7421ae52af50c.webp
https://raw.githubusercontent.com/bozhouDev/codex-orange-book/6c72add96c319507da65f963abfd9618d0c9ea0f/assets/images/image-086-35204e4da7.png	/mirror/dd/dd78620d00039ff21f2ae4e035685c3924ecf0a6.webp
https://raw.githubusercontent.com/bozhouDev/codex-orange-book/6c72add96c319507da65f963abfd9618d0c9ea0f/assets/images/image-087-8dd476dd7d.png	/mirror/88/887a986d9a78f1b5be804b755f816c86e1420551.webp
https://raw.githubusercontent.com/bozhouDev/codex-orange-book/6c72add96c319507da65f963abfd9618d0c9ea0f/assets/images/image-088-0b885ab356.png	/mirror/b5/b5648c6d32cc5452651076b6c4b91911d1bea98a.webp
https://raw.githubusercontent.com/bozhouDev/codex-orange-book/6c72add96c319507da65f963abfd9618d0c9ea0f/assets/images/image-089-50ed4b17e0.png	/mirror/19/19a183aff341545105f3b9f59b182b8ea58d6758.webp
https://raw.githubusercontent.com/bozhouDev/codex-orange-book/6c72add96c319507da65f963abfd9618d0c9ea0f/assets/images/image-090-cba5ddc255.png	/mirror/df/df466b1c5b1add9e20ce50c4af2607531e07948a.webp
https://raw.githubusercontent.com/bozhouDev/codex-orange-book/6c72add96c319507da65f963abfd9618d0c9ea0f/assets/images/image-091-4d7f53636d.png	/mirror/7d/7d7579b3e9a249ca7819e0be29a591aafeca9890.webp
https://raw.githubusercontent.com/bozhouDev/codex-orange-book/6c72add96c319507da65f963abfd9618d0c9ea0f/assets/images/image-092-4f51572ac5.png	/mirror/b7/b7071ff635c3433f9c6e0d1eb78d78dbb9b194f6.webp
https://raw.githubusercontent.com/bozhouDev/codex-orange-book/6c72add96c319507da65f963abfd9618d0c9ea0f/assets/images/image-093-40116a6ce8.png	/mirror/a8/a8eb4e2c2d405f0fb297a6efe93a10fb027f4a18.webp
https://raw.githubusercontent.com/bozhouDev/codex-orange-book/6c72add96c319507da65f963abfd9618d0c9ea0f/assets/images/image-094-7ca371c03b.png	/mirror/d9/d950162a12906f4cc839b06ea1000f830ab01ae8.webp
https://raw.githubusercontent.com/bozhouDev/codex-orange-book/6c72add96c319507da65f963abfd9618d0c9ea0f/assets/images/image-095-e441e7e74f.png	/mirror/08/083ac549e71fd3fdec2da2e92d09c58f193e6722.webp
https://raw.githubusercontent.com/bozhouDev/codex-orange-book/6c72add96c319507da65f963abfd9618d0c9ea0f/assets/images/image-096-cfd9668315.png	/mirror/81/81e194380bcd3ec844a83f8ab9be55a967c260cb.webp
https://raw.githubusercontent.com/bozhouDev/codex-orange-book/6c72add96c319507da65f963abfd9618d0c9ea0f/assets/images/image-097-2f5c85338e.png	/mirror/cd/cd5c1c3b896c67cec59269c924fdd6661710f435.webp
https://raw.githubusercontent.com/bozhouDev/codex-orange-book/6c72add96c319507da65f963abfd9618d0c9ea0f/assets/images/image-098-7d022cbe9f.png	/mirror/e5/e59d119ed2f41223fa3ef371d6f8cd48fc5ef782.webp
https://raw.githubusercontent.com/bozhouDev/codex-orange-book/6c72add96c319507da65f963abfd9618d0c9ea0f/assets/images/image-099-b578e0a79f.png	/mirror/01/01971a12e27a300526c0078c7249905c3be83a83.webp
https://raw.githubusercontent.com/bozhouDev/codex-orange-book/6c72add96c319507da65f963abfd9618d0c9ea0f/assets/images/image-100-15528eaa6b.png	/mirror/dc/dc37f0446518d649baeeb5d620fbadfea12b9a6b.webp
https://raw.githubusercontent.com/bozhouDev/codex-orange-book/6c72add96c319507da65f963abfd9618d0c9ea0f/assets/images/image-101-189755e043.png	/mirror/5d/5dcfa16de452cc9987de2f68e1d9af4c9a4d5175.webp
https://raw.githubusercontent.com/bozhouDev/codex-orange-book/6c72add96c319507da65f963abfd9618d0c9ea0f/assets/images/image-102-ee81b66845.png	/mirror/2e/2e7223e9315f518cffd994cce9f2e55a5f33f0b0.webp
https://raw.githubusercontent.com/bozhouDev/codex-orange-book/6c72add96c319507da65f963abfd9618d0c9ea0f/assets/images/image-103-fc95eb3d01.png	/mirror/f0/f0b7c60063c9d4b48ebc9eb75b534db15d60db52.webp
https://raw.githubusercontent.com/bozhouDev/codex-orange-book/6c72add96c319507da65f963abfd9618d0c9ea0f/assets/images/image-104-1b85927ab4.png	/mirror/72/727476fc9710d8a5d88cb51d8627a46994c020a2.webp
https://raw.githubusercontent.com/bozhouDev/codex-orange-book/6c72add96c319507da65f963abfd9618d0c9ea0f/assets/images/image-105-2a61cce466.png	/mirror/e9/e9276243565c32d2e32a5a4fedb35e6ca75b66be.webp
https://raw.githubusercontent.com/bozhouDev/codex-orange-book/6c72add96c319507da65f963abfd9618d0c9ea0f/assets/images/image-106-450fdb2138.png	/mirror/76/767b0e4fa99c7acf21cec1455437267872146204.webp
https://raw.githubusercontent.com/bozhouDev/codex-orange-book/6c72add96c319507da65f963abfd9618d0c9ea0f/assets/images/image-107-8f8a2b6a76.png	/mirror/92/926246b72a80fcdd882e88439ae95006648a4c02.webp
https://raw.githubusercontent.com/bozhouDev/codex-orange-book/6c72add96c319507da65f963abfd9618d0c9ea0f/assets/images/image-108-9fe0f0d229.png	/mirror/0c/0c494c41f3e64e11958fea89a02a1f2538aab1ab.webp
https://raw.githubusercontent.com/bozhouDev/codex-orange-book/6c72add96c319507da65f963abfd9618d0c9ea0f/assets/images/image-109-f7edb52f37.png	/mirror/0e/0e29fb7c4e61d5a894251df5171d1aad41995835.webp
https://raw.githubusercontent.com/bozhouDev/codex-orange-book/6c72add96c319507da65f963abfd9618d0c9ea0f/assets/images/image-110-19ea6cfbfd.png	/mirror/19/19b1129b65ef2f711471a25c9d079d5ae225408e.webp
https://raw.githubusercontent.com/china-qijizhifeng/agentic-harness-engineering/8b2a55d97590363fe50c3cc6b5e833b020a4bb4c/assets/figures/banner.jpg	/mirror/99/99d2d07baa4540966b9c22202b8dd11e76ceb45c.webp
https://raw.githubusercontent.com/china-qijizhifeng/agentic-harness-engineering/8b2a55d97590363fe50c3cc6b5e833b020a4bb4c/assets/figures/case_study.png	/mirror/2d/2daf8c0351b18efbf1aeca1628791760c648d017.webp
https://raw.githubusercontent.com/china-qijizhifeng/agentic-harness-engineering/8b2a55d97590363fe50c3cc6b5e833b020a4bb4c/assets/figures/training_curve.png	/mirror/03/0324cad9ca060eb5e84a4e6941077a68d9fae43f.webp
https://raw.githubusercontent.com/china-qijizhifeng/agentic-harness-engineering/8b2a55d97590363fe50c3cc6b5e833b020a4bb4c/assets/figures/transfer_model.png	/mirror/13/13e05ae5a7040e8f0da2384b948d5ee9bc0bcff7.webp
https://raw.githubusercontent.com/coleam00/context-engineering-intro/a2d84b021cee1e2f4e77ba854bba0be8cb319035/use-cases/ai-coding-wisc-framework/WISCFrameworkForAICoding.png	/mirror/c0/c07b6753088106dbd2eba669fa042c8a4388d5fa.webp
https://raw.githubusercontent.com/coze-dev/coze-studio/fefb05ff27be1da939612fbf9faf5db62583b8ae/backend/infra/document/parser/impl/builtin/test_data/file-list.png	/mirror/a3/a3584cbf1e0662f43d9bee2079bc94896e7312ff.webp
https://raw.githubusercontent.com/coze-dev/coze-studio/fefb05ff27be1da939612fbf9faf5db62583b8ae/backend/infra/document/parser/impl/builtin/test_data/logo.png	/mirror/93/93ea1297357f4512cdc63106ce5a7edcca2b1dd3.webp
https://raw.githubusercontent.com/coze-dev/coze-studio/fefb05ff27be1da939612fbf9faf5db62583b8ae/backend/infra/document/parser/impl/builtin/test_data/toolbar-editor.png	/mirror/f1/f1ddf90201d0b83dcfa30889e7ddb0d5e3c505ab.webp
https://raw.githubusercontent.com/czl9707/build-your-own-openclaw/37ae5dd255a0451609e67ad6d6a51fa5de80523c/00-chat-loop/00-chat-loop.svg	/mirror/a3/a3b733660ce6427053263145151bf064b56aa61b.svg
https://raw.githubusercontent.com/czl9707/build-your-own-openclaw/37ae5dd255a0451609e67ad6d6a51fa5de80523c/01-tools/01-tools.svg	/mirror/20/20b6b3f14cfe413fc00d6c2f2519c95a18999ed0.svg
https://raw.githubusercontent.com/czl9707/build-your-own-openclaw/37ae5dd255a0451609e67ad6d6a51fa5de80523c/02-skills/02-skills.svg	/mirror/1c/1cf6820f71bfef42bbf5c4e5b392189ec3445918.svg
https://raw.githubusercontent.com/czl9707/build-your-own-openclaw/37ae5dd255a0451609e67ad6d6a51fa5de80523c/03-persistence/03-persistence.svg	/mirror/b3/b3877c61a598825009f913a3ed63ad0cfd27ca1d.svg
https://raw.githubusercontent.com/czl9707/build-your-own-openclaw/37ae5dd255a0451609e67ad6d6a51fa5de80523c/04-slash-commands/04-slash-commands.svg	/mirror/7d/7d2f0afc179e31961f02c46fb03f05a2425190ce.svg
https://raw.githubusercontent.com/czl9707/build-your-own-openclaw/37ae5dd255a0451609e67ad6d6a51fa5de80523c/05-compaction/05-compaction.svg	/mirror/8f/8f9b2d75be6451641898d53cd483ac2d4723cd2f.svg
https://raw.githubusercontent.com/czl9707/build-your-own-openclaw/37ae5dd255a0451609e67ad6d6a51fa5de80523c/06-web-tools/06-web-tools.svg	/mirror/d7/d73536a8890f175ee7c8aff63bc017b8f13663e6.svg
https://raw.githubusercontent.com/czl9707/build-your-own-openclaw/37ae5dd255a0451609e67ad6d6a51fa5de80523c/07-event-driven/07-event-driven.svg	/mirror/50/505b13b776a77bec876591bd499fa6473467a53a.svg
https://raw.githubusercontent.com/dair-ai/Prompt-Engineering-Guide/57673726396dd94acb23bdb1e67f27c78ee85a8e/img/APE.png	/mirror/ec/eccf1fc3b56b3b336eb086b33b82c18d0a5a3ea9.webp
https://raw.githubusercontent.com/dair-ai/Prompt-Engineering-Guide/57673726396dd94acb23bdb1e67f27c78ee85a8e/img/active-prompt.png	/mirror/87/87e3c5f50eb83671795ceba970b9b8051974ba61.webp
https://raw.githubusercontent.com/dair-ai/Prompt-Engineering-Guide/57673726396dd94acb23bdb1e67f27c78ee85a8e/img/agents/agent-components.png	/mirror/f4/f488df9f8f2366fe0cb85863fc945f33e9a47a77.webp
https://raw.githubusercontent.com/dair-ai/Prompt-Engineering-Guide/57673726396dd94acb23bdb1e67f27c78ee85a8e/img/agents/cs-persistent-storage.png	/mirror/f7/f7041ca88f270947a27dd4d831da6e5416df0127.webp
https://raw.githubusercontent.com/dair-ai/Prompt-Engineering-Guide/57673726396dd94acb23bdb1e67f27c78ee85a8e/img/agents/cs-planning.png	/mirror/df/dfe90bfd797e69b662ad05674311b1689326acd4.webp
https://raw.githubusercontent.com/dair-ai/Prompt-Engineering-Guide/57673726396dd94acb23bdb1e67f27c78ee85a8e/img/agents/cs-subagents.png	/mirror/9b/9b41082eb97fc721fc394e67284739f031b7b41f.webp
https://raw.githubusercontent.com/dair-ai/Prompt-Engineering-Guide/57673726396dd94acb23bdb1e67f27c78ee85a8e/img/agents/cs-verification-agent.png	/mirror/fd/fdde5538ca459df14be45b1fa06d9f9be04e2806.webp
https://raw.githubusercontent.com/dair-ai/Prompt-Engineering-Guide/57673726396dd94acb23bdb1e67f27c78ee85a8e/img/agents/customer-support-deep-agent.png	/mirror/82/823f5de6b3fea09b4a2fa48f2111e3a93a47b65b.webp
https://raw.githubusercontent.com/dair-ai/Prompt-Engineering-Guide/57673726396dd94acb23bdb1e67f27c78ee85a8e/img/agents/function-calling-flow.png	/mirror/68/68c78a09a4f807479bfc12ec7e3f1809aeee3079.webp
https://raw.githubusercontent.com/dair-ai/Prompt-Engineering-Guide/57673726396dd94acb23bdb1e67f27c78ee85a8e/img/agents/parallelization.png	/mirror/38/38b80d9a4ba9e9bd57975bf8a52bb3d9bae1eb35.webp
https://raw.githubusercontent.com/dair-ai/Prompt-Engineering-Guide/57673726396dd94acb23bdb1e67f27c78ee85a8e/img/agents/prompt-chaining.png	/mirror/06/060ce6aa52c2ab5293099a09ffe2f837cd95a841.webp
https://raw.githubusercontent.com/dair-ai/Prompt-Engineering-Guide/57673726396dd94acb23bdb1e67f27c78ee85a8e/img/agents/routing.png	/mirror/c5/c5514cd91f3a4af7ba340dc7543cb1771cd71f50.webp
https://raw.githubusercontent.com/dair-ai/Prompt-Engineering-Guide/57673726396dd94acb23bdb1e67f27c78ee85a8e/img/agents/simple-dr-agent.png	/mirror/6b/6b2218b7dc96b309ddfea47482bcacb0c4cc294b.webp
https://raw.githubusercontent.com/dair-ai/Prompt-Engineering-Guide/57673726396dd94acb23bdb1e67f27c78ee85a8e/img/agents/task-planner-agent.png	/mirror/8b/8bd2c2461b8690b081d6c2a000e1a50e55b321c6.webp
https://raw.githubusercontent.com/dair-ai/Prompt-Engineering-Guide/57673726396dd94acb23bdb1e67f27c78ee85a8e/img/ape-zero-shot-cot.png	/mirror/79/793842131767d88ab4a849cb98a493ebaaf6b127.webp
https://raw.githubusercontent.com/dair-ai/Prompt-Engineering-Guide/57673726396dd94acb23bdb1e67f27c78ee85a8e/img/chatgpt-1.png	/mirror/c3/c3b7368a96f56e25b6d75353f7803d07fe056bc3.webp
https://raw.githubusercontent.com/dair-ai/Prompt-Engineering-Guide/57673726396dd94acb23bdb1e67f27c78ee85a8e/img/chatgpt-classic.png	/mirror/e1/e15d577d50060eb23e7f50fc214412618b6ea40e.webp
https://raw.githubusercontent.com/dair-ai/Prompt-Engineering-Guide/57673726396dd94acb23bdb1e67f27c78ee85a8e/img/dsp.jpeg	/mirror/2e/2e29171755246a4c65f3e8635b313217d8bda802.webp
https://raw.githubusercontent.com/dair-ai/Prompt-Engineering-Guide/57673726396dd94acb23bdb1e67f27c78ee85a8e/img/multimodal-cot.png	/mirror/5f/5ff28d5b8f66b70bd389282ad6e53b7e92dacffe.webp
https://raw.githubusercontent.com/dair-ai/Prompt-Engineering-Guide/57673726396dd94acb23bdb1e67f27c78ee85a8e/img/pal.png	/mirror/33/3311713d49ba3d992d8ecae4014bb6859165adfa.webp
https://raw.githubusercontent.com/dair-ai/Prompt-Engineering-Guide/57673726396dd94acb23bdb1e67f27c78ee85a8e/img/react.png	/mirror/7f/7fc959038b9d5ea9923e2718814d40b860c8c41e.webp
https://raw.githubusercontent.com/datawhalechina/Hello-Agents/main/docs/images/1-figures/1757242319667-0.png	/mirror/b0/b07d8066c03ffa14eec48692bea42383f372e576.webp
https://raw.githubusercontent.com/datawhalechina/Hello-Agents/main/docs/images/1-figures/1757242319667-1.png	/mirror/2b/2b5b4420331dff3a9e6a6aea181e5b9846712811.webp
https://raw.githubusercontent.com/datawhalechina/Hello-Agents/main/docs/images/1-figures/1757242319667-18.png	/mirror/5e/5ecfb386b71e6f95aaa16eff74c1b2bb41119b97.webp
https://raw.githubusercontent.com/datawhalechina/Hello-Agents/main/docs/images/1-figures/1757242319667-2.png	/mirror/a2/a29278caeecd27326a3d8581b3a11ba0b9c70383.webp
https://raw.githubusercontent.com/datawhalechina/Hello-Agents/main/docs/images/1-figures/1757242319667-3.png	/mirror/4d/4d45364c72036305b33d3b6a2cdeafbcf40b5355.webp
https://raw.githubusercontent.com/datawhalechina/Hello-Agents/main/docs/images/1-figures/1757242319667-4.png	/mirror/90/90beae3e7d4de62093cce7e7182e07882894605c.webp
https://raw.githubusercontent.com/datawhalechina/Hello-Agents/main/docs/images/1-figures/1757242319667-5.png	/mirror/48/483f17d596d1c3054aede4d67b9d221f3ae3a2c4.webp
https://raw.githubusercontent.com/datawhalechina/Hello-Agents/main/docs/images/1-figures/1757242319667-6.png	/mirror/d3/d3014ab92805e74b299cb97e401742750790849e.webp
https://raw.githubusercontent.com/datawhalechina/Hello-Agents/main/docs/images/10-figures/10-1.png	/mirror/bc/bc8b40f03d6370ea0ee5c661b8b5326f4bd961f4.webp
https://raw.githubusercontent.com/datawhalechina/Hello-Agents/main/docs/images/10-figures/10-10.png	/mirror/0e/0ee940f20f819ad1a51b9558aa4563757aed2330.webp
https://raw.githubusercontent.com/datawhalechina/Hello-Agents/main/docs/images/10-figures/10-11.png	/mirror/90/9064f8e8905e56b6c1d94144febc390e1a485334.webp
https://raw.githubusercontent.com/datawhalechina/Hello-Agents/main/docs/images/10-figures/10-2.png	/mirror/8d/8d5917aa7c1a15bb0882ef00e0660795f1b585d7.webp
https://raw.githubusercontent.com/datawhalechina/Hello-Agents/main/docs/images/10-figures/10-3.png	/mirror/97/9747b94b7fa3f16a91f65b45fc5d6ee3c3bbf552.webp
https://raw.githubusercontent.com/datawhalechina/Hello-Agents/main/docs/images/10-figures/10-4.png	/mirror/b4/b4d7d98f535541384fec9fdeb9d5c4a143910740.webp
https://raw.githubusercontent.com/datawhalechina/Hello-Agents/main/docs/images/10-figures/10-5.png	/mirror/24/243b9abb52c9f93ef585d98d807a471a159ce6cf.webp
https://raw.githubusercontent.com/datawhalechina/Hello-Agents/main/docs/images/10-figures/10-6.png	/mirror/83/838a486267c6dfe7004ab8db6b362d8f55ae0144.webp
https://raw.githubusercontent.com/datawhalechina/Hello-Agents/main/docs/images/10-figures/10-7.png	/mirror/8d/8dd3a715d5bd83f962f196455b42442653f050b6.webp
https://raw.githubusercontent.com/datawhalechina/Hello-Agents/main/docs/images/10-figures/10-8.png	/mirror/0b/0b0b8271cf7417f5f6018cad123d8c48f0a801f4.webp
https://raw.githubusercontent.com/datawhalechina/Hello-Agents/main/docs/images/10-figures/10-9.png	/mirror/35/35dd60472f6d85f347e5b753636b37520ac1897a.webp
https://raw.githubusercontent.com/datawhalechina/Hello-Agents/main/docs/images/10-figures/10-table-1.png	/mirror/5d/5d73fa50d94b0697ebb5adf4f677659e0da98735.webp
https://raw.githubusercontent.com/datawhalechina/Hello-Agents/main/docs/images/10-figures/10-table-2.png	/mirror/ad/ad1a7940f54a02eabf1e604fbdd925c940dd5d66.webp
https://raw.githubusercontent.com/datawhalechina/Hello-Agents/main/docs/images/10-figures/10-table-3.png	/mirror/17/173eea664f567ebb25cc2fc08d9dbc25c48417ad.webp
https://raw.githubusercontent.com/datawhalechina/Hello-Agents/main/docs/images/10-figures/10-table-4.png	/mirror/fc/fcc87c780b3167eba16ee0f388c0652499b9f776.webp
https://raw.githubusercontent.com/datawhalechina/Hello-Agents/main/docs/images/10-figures/10-table-5.png	/mirror/5f/5fe59b69b9b8293ceef38db125403e1a580edc90.webp
https://raw.githubusercontent.com/datawhalechina/Hello-Agents/main/docs/images/10-figures/10-table-6.png	/mirror/17/17c178848a24ead1801231ad3ba51b0ed2230daf.webp
https://raw.githubusercontent.com/datawhalechina/Hello-Agents/main/docs/images/10-figures/10-table-7.png	/mirror/13/13a00b9b1ce5a2f4e12cc8ab6d712a136155769a.webp
https://raw.githubusercontent.com/datawhalechina/Hello-Agents/main/docs/images/10-figures/10-table-8.png	/mirror/b2/b2a7818ef98930eb4a540b621c109b7bb1f67845.webp
https://raw.githubusercontent.com/datawhalechina/Hello-Agents/main/docs/images/11-figures/11-1.png	/mirror/dd/dde5433a580fccb1a060d7d7bc9b1e49e888f02b.webp
https://raw.githubusercontent.com/datawhalechina/Hello-Agents/main/docs/images/11-figures/11-2.png	/mirror/a7/a7df6bac1b0a61bafdaa7c80eb844f80b7f294ba.webp
https://raw.githubusercontent.com/datawhalechina/Hello-Agents/main/docs/images/11-figures/11-3.png	/mirror/28/28b50227b5634ba64917c6192dee132158b40bad.webp
https://raw.githubusercontent.com/datawhalechina/Hello-Agents/main/docs/images/11-figures/11-4.png	/mirror/bf/bf163d26f39b7ee12f246706a99abf9af1a4b815.webp
https://raw.githubusercontent.com/datawhalechina/Hello-Agents/main/docs/images/11-figures/11-5.png	/mirror/3e/3e09dc8ecc30204458e9629b6be1123a7dc2dbb1.webp
https://raw.githubusercontent.com/datawhalechina/Hello-Agents/main/docs/images/11-figures/11-6.png	/mirror/33/3305363056132762edb92924cad848090941b8a4.webp
https://raw.githubusercontent.com/datawhalechina/Hello-Agents/main/docs/images/11-figures/11-7.png	/mirror/68/68b5a922d60009ecde65361d3c62da4d3383af77.webp
https://raw.githubusercontent.com/datawhalechina/Hello-Agents/main/docs/images/11-figures/11-8.png	/mirror/50/50be1eef318a23c7f951445c4aad77ae481dd74d.webp
https://raw.githubusercontent.com/datawhalechina/Hello-Agents/main/docs/images/11-figures/11-9.png	/mirror/61/61cb9daa5484cb3fb1f997efc6c72a49001df5bc.webp
https://raw.githubusercontent.com/datawhalechina/Hello-Agents/main/docs/images/11-figures/11-table-1.png	/mirror/1c/1c735d1e337754ac7e72689b82288af4a07c513a.webp
https://raw.githubusercontent.com/datawhalechina/Hello-Agents/main/docs/images/11-figures/11-table-2.png	/mirror/65/6582abeff4479bd0167a44209227525ae02130bc.webp
https://raw.githubusercontent.com/datawhalechina/Hello-Agents/main/docs/images/11-figures/11-table-3.png	/mirror/77/770c883c3d00b4a394e8c48472a2b076728ac6d4.webp
https://raw.githubusercontent.com/datawhalechina/Hello-Agents/main/docs/images/11-figures/11-table-4.png	/mirror/f2/f214ec88770e1dc91de971d81de5d0d69115c4ae.webp
https://raw.githubusercontent.com/datawhalechina/Hello-Agents/main/docs/images/11-figures/11-table-5.png	/mirror/2f/2f6bda9256be38645727455e41728bbb92740775.webp
https://raw.githubusercontent.com/datawhalechina/Hello-Agents/main/docs/images/11-figures/11-table-6.png	/mirror/44/44734be1e141ccef54964f2135fc8e454a59927c.webp
https://raw.githubusercontent.com/datawhalechina/Hello-Agents/main/docs/images/11-figures/11-table-7.png	/mirror/8b/8bf0c202af0c5af26ff6bf8ac34cb31e8e4de32a.webp
https://raw.githubusercontent.com/datawhalechina/Hello-Agents/main/docs/images/11-figures/11-table-8.png	/mirror/42/428da82ce89aea733ea39ffd2e72c0c0e5f31f7b.webp
https://raw.githubusercontent.com/datawhalechina/Hello-Agents/main/docs/images/11-figures/11-table-9.png	/mirror/59/591ed50c08d0fa0662ce5cfdcd34daeb479f1359.webp
https://raw.githubusercontent.com/datawhalechina/Hello-Agents/main/docs/images/2-figures/1757246501849-0.png	/mirror/41/416f017dcdd4f41c9309cfecd6d8de627fd840b0.webp
https://raw.githubusercontent.com/datawhalechina/Hello-Agents/main/docs/images/2-figures/1757246501849-00.png	/mirror/c5/c579fca0aa7380ecd272968cb84d89e842559b71.webp
https://raw.githubusercontent.com/datawhalechina/Hello-Agents/main/docs/images/2-figures/1757246501849-1.png	/mirror/f1/f18a7815c5d1596a32696356b0e7649c0e31ce7b.webp
https://raw.githubusercontent.com/datawhalechina/Hello-Agents/main/docs/images/2-figures/1757246501849-10.png	/mirror/c0/c0fbd1fed48b615c912eda389d876704408aec65.webp
https://raw.githubusercontent.com/datawhalechina/Hello-Agents/main/docs/images/2-figures/1757246501849-2.png	/mirror/7b/7bc1639407f827c78788e37810eb57932687fa19.webp
https://raw.githubusercontent.com/datawhalechina/Hello-Agents/main/docs/images/2-figures/1757246501849-3.png	/mirror/47/47210ecf0e44a832ceda02ed05f83a61c40788b2.webp
https://raw.githubusercontent.com/datawhalechina/Hello-Agents/main/docs/images/2-figures/1757246501849-4.png	/mirror/d4/d4c5a416d194b00007ebf9b100ad9e6661ca2ac8.webp
https://raw.githubusercontent.com/datawhalechina/Hello-Agents/main/docs/images/2-figures/1757246501849-5.png	/mirror/55/555b45a85214ae5dd880f6dd8689650460172087.webp
https://raw.githubusercontent.com/datawhalechina/Hello-Agents/main/docs/images/2-figures/1757246501849-6.png	/mirror/92/92bae234824fb8eed74ba8f826e304878c3c7a18.webp
https://raw.githubusercontent.com/datawhalechina/Hello-Agents/main/docs/images/2-figures/1757246501849-7.png	/mirror/b0/b06642300d869865e4b180809c1e9e98748e5cbd.webp
https://raw.githubusercontent.com/datawhalechina/Hello-Agents/main/docs/images/2-figures/1757246501849-8.png	/mirror/3f/3f069be1dbd8f57939842b836dcea253d09b5393.webp
https://raw.githubusercontent.com/datawhalechina/Hello-Agents/main/docs/images/2-figures/1757246501849-9.png	/mirror/75/75a0aab94906d071f6922873056290fd3ca5dca0.webp
https://raw.githubusercontent.com/datawhalechina/Hello-Agents/main/docs/images/3-figures/1757249275674-0.png	/mirror/27/27ca4048473a3e0adeb949fb95fc1a8e05302c6a.webp
https://raw.githubusercontent.com/datawhalechina/Hello-Agents/main/docs/images/3-figures/1757249275674-1.png	/mirror/3a/3affde4a360c3dd6905e9d2478030c926dc201cd.webp
https://raw.githubusercontent.com/datawhalechina/Hello-Agents/main/docs/images/3-figures/1757249275674-2.png	/mirror/4e/4e1af4f4d1c415123734809d6679cab3159286a5.webp
https://raw.githubusercontent.com/datawhalechina/Hello-Agents/main/docs/images/3-figures/1757249275674-3.png	/mirror/26/265433ba9e1a109085ca757fd7f57f57cdea0f1b.webp
https://raw.githubusercontent.com/datawhalechina/Hello-Agents/main/docs/images/3-figures/1757249275674-4.png	/mirror/35/35b4bfbc9884c0bf241e0511bc9e72ec53b0f4c8.webp
https://raw.githubusercontent.com/datawhalechina/Hello-Agents/main/docs/images/3-figures/1757249275674-5.png	/mirror/45/4581b180c1603db907bc8d85e72f51e9b4aa7442.webp
https://raw.githubusercontent.com/datawhalechina/Hello-Agents/main/docs/images/4-figures/4-1.png	/mirror/62/6271a601d6ba315b65b1e1f4ab6ba711dc9fb53a.webp
https://raw.githubusercontent.com/datawhalechina/Hello-Agents/main/docs/images/4-figures/4-2.png	/mirror/cc/cc8a0123e5a347e62fcb966719d62a3221aaec86.webp
https://raw.githubusercontent.com/datawhalechina/Hello-Agents/main/docs/images/4-figures/4-3.png	/mirror/07/074f784c9056f2fe41d3f5e21bacb68dac2dbd3d.webp
https://raw.githubusercontent.com/datawhalechina/Hello-Agents/main/docs/images/4-figures/4-4.png	/mirror/a5/a5d1ff12d86b8f6e21d9e1722609611440311e75.webp
https://raw.githubusercontent.com/datawhalechina/Hello-Agents/main/docs/images/5-figures/coze-01.png	/mirror/d0/d082291a6dfd785cc8ceb1798c2c5df1e47d6fc4.webp
https://raw.githubusercontent.com/datawhalechina/Hello-Agents/main/docs/images/5-figures/coze-02.png	/mirror/bd/bd15ecb2799d4c24066a961a6a953b38b0263c2b.webp
https://raw.githubusercontent.com/datawhalechina/Hello-Agents/main/docs/images/5-figures/coze-03.png	/mirror/5d/5d8e2516162b12e3ac5f10340c44e6086c38577d.webp
https://raw.githubusercontent.com/datawhalechina/Hello-Agents/main/docs/images/5-figures/coze-04.png	/mirror/5f/5f21575cb205843e9c2042891611eb86c0653930.webp
https://raw.githubusercontent.com/datawhalechina/Hello-Agents/main/docs/images/5-figures/coze-05.png	/mirror/7e/7eb1c8abdfaf445c3f5a3d183cd8c0c1e8f8dfdc.webp
https://raw.githubusercontent.com/datawhalechina/Hello-Agents/main/docs/images/5-figures/coze-06.png	/mirror/b1/b15853d778dff60f3927a0c55e860c22e7c6ec0a.webp
https://raw.githubusercontent.com/datawhalechina/Hello-Agents/main/docs/images/5-figures/coze-07.png	/mirror/98/988276ccb6bac8350b94c685a79dafcb3c28917d.webp
https://raw.githubusercontent.com/datawhalechina/Hello-Agents/main/docs/images/5-figures/coze-08.png	/mirror/5f/5f0781f59f74a5010973c31ac17510fb681943a0.webp
https://raw.githubusercontent.com/datawhalechina/Hello-Agents/main/docs/images/5-figures/coze-09.png	/mirror/73/73e5e8c51a1efa8297b461232354e7c1143175e4.webp
https://raw.githubusercontent.com/datawhalechina/Hello-Agents/main/docs/images/5-figures/coze-10.png	/mirror/f5/f5f54faf137ac4ff0928276610e1bddbc16db152.webp
https://raw.githubusercontent.com/datawhalechina/Hello-Agents/main/docs/images/5-figures/coze-11.png	/mirror/f1/f1cc36710459beb7c06bd43df42d77c3102fd8a2.webp
https://raw.githubusercontent.com/datawhalechina/Hello-Agents/main/docs/images/5-figures/coze-12.png	/mirror/e2/e2bf8240791be90ec931b74f3d286bed469623de.webp
https://raw.githubusercontent.com/datawhalechina/Hello-Agents/main/docs/images/5-figures/coze-13.png	/mirror/08/08089b7a964b34345c56b274075a13407e185bb4.webp
https://raw.githubusercontent.com/datawhalechina/Hello-Agents/main/docs/images/5-figures/coze-14.png	/mirror/68/6819f2180655723fcdf8c97798cd4f93692f47a7.webp
https://raw.githubusercontent.com/datawhalechina/Hello-Agents/main/docs/images/5-figures/dify-01.png	/mirror/b7/b75017d0839b83082b89138919b2f2c56193a55f.webp
https://raw.githubusercontent.com/datawhalechina/Hello-Agents/main/docs/images/5-figures/dify-02.png	/mirror/ef/efc3c7133c1b7e5b680e5577ebd23a5c478fee62.webp
https://raw.githubusercontent.com/datawhalechina/Hello-Agents/main/docs/images/5-figures/dify-03.png	/mirror/32/32fb93cdf5987eb7adb69ceeede17640edf34343.webp
https://raw.githubusercontent.com/datawhalechina/Hello-Agents/main/docs/images/5-figures/dify-04.png	/mirror/b0/b0dacdd68112e163eb1d2f613ed62f8fcda4cd2f.webp
https://raw.githubusercontent.com/datawhalechina/Hello-Agents/main/docs/images/5-figures/dify-05.png	/mirror/83/83b370ea212bc410560e904d45ebe40e89557a2f.webp
https://raw.githubusercontent.com/datawhalechina/Hello-Agents/main/docs/images/5-figures/dify-06.png	/mirror/ef/eff334e06692673a5627e5d8c9449653796119a5.webp
https://raw.githubusercontent.com/datawhalechina/Hello-Agents/main/docs/images/5-figures/dify-07.png	/mirror/a3/a39e5242134d9bd0470d0eaa2bc368bd24f525f4.webp
https://raw.githubusercontent.com/datawhalechina/Hello-Agents/main/docs/images/5-figures/dify-08.png	/mirror/93/93308e459f6f17ad4c0f65ab539084ed4e94dfec.webp
https://raw.githubusercontent.com/datawhalechina/Hello-Agents/main/docs/images/5-figures/dify-09.png	/mirror/26/268d509f2d1ffd4efcff37975de0427ca8d0a44f.webp
https://raw.githubusercontent.com/datawhalechina/Hello-Agents/main/docs/images/5-figures/dify-10.png	/mirror/aa/aa6bdce4fbe57114fefae93914718d4868adeb3d.webp
https://raw.githubusercontent.com/datawhalechina/Hello-Agents/main/docs/images/5-figures/dify-11.png	/mirror/6a/6a11ca10ef039db1dfa2fd3dae74c56297d083fd.webp
https://raw.githubusercontent.com/datawhalechina/Hello-Agents/main/docs/images/5-figures/dify-12.png	/mirror/29/296c18c08cd40a0cf79ca5ccee82228f445668b6.webp
https://raw.githubusercontent.com/datawhalechina/Hello-Agents/main/docs/images/5-figures/dify-13.png	/mirror/3a/3a4490785690f8dc5a3ba16f1f7cc63a7d60c481.webp
https://raw.githubusercontent.com/datawhalechina/Hello-Agents/main/docs/images/5-figures/dify-14.png	/mirror/88/88a4b34dd79754259df9d98d074b396535944bb2.webp
https://raw.githubusercontent.com/datawhalechina/Hello-Agents/main/docs/images/5-figures/dify-15.png	/mirror/38/38a8002eb16d77c60cc130d6d50032408001de01.webp
https://raw.githubusercontent.com/datawhalechina/Hello-Agents/main/docs/images/5-figures/dify-16.png	/mirror/1a/1aed5c902d81af98f3db1a56f3b7fcce303ddb29.webp
https://raw.githubusercontent.com/datawhalechina/Hello-Agents/main/docs/images/5-figures/dify-17.png	/mirror/bd/bd0442214d76fe9191857a3a6a2efb09e926730c.webp
https://raw.githubusercontent.com/datawhalechina/Hello-Agents/main/docs/images/5-figures/dify-18.png	/mirror/dd/ddc91ba307fe94b175c2b89755d06e1a9072d2b3.webp
https://raw.githubusercontent.com/datawhalechina/Hello-Agents/main/docs/images/5-figures/dify-19.png	/mirror/3f/3fe8d2fe91f82d153689767159f44e0a22010f1c.webp
https://raw.githubusercontent.com/datawhalechina/Hello-Agents/main/docs/images/5-figures/dify-20.png	/mirror/eb/eb2d0405fd7fa3299f8327635ef051f0d7149b5a.webp
https://raw.githubusercontent.com/datawhalechina/Hello-Agents/main/docs/images/5-figures/dify-21.png	/mirror/7e/7e7336615e30f15dd1b2ebfce028412099f6566e.webp
https://raw.githubusercontent.com/datawhalechina/Hello-Agents/main/docs/images/5-figures/dify-22.png	/mirror/4d/4d9a44076e7ced123037afa767cc80a748b00a0a.webp
https://raw.githubusercontent.com/datawhalechina/Hello-Agents/main/docs/images/5-figures/dify-23.png	/mirror/ba/ba136ce444a594f730c255a1b73a5a02a368c54c.webp
https://raw.githubusercontent.com/datawhalechina/Hello-Agents/main/docs/images/5-figures/fastgpt-01.png	/mirror/be/be5fdcbdb2b3da609f1738a536b416a6bee4f9ac.webp
https://raw.githubusercontent.com/datawhalechina/Hello-Agents/main/docs/images/5-figures/fastgpt-02.png	/mirror/87/877c09fa31a70097b9ab595710f93fc4260f1577.webp
https://raw.githubusercontent.com/datawhalechina/Hello-Agents/main/docs/images/5-figures/fastgpt-03.png	/mirror/ab/abf6ab42fb0052a52b3d40e35f11f5cb3d84b04f.webp
https://raw.githubusercontent.com/datawhalechina/Hello-Agents/main/docs/images/5-figures/fastgpt-04.png	/mirror/d3/d374644d22428b2f18ff1ed62a0d92495e363a9b.webp
https://raw.githubusercontent.com/datawhalechina/Hello-Agents/main/docs/images/5-figures/fastgpt-05.png	/mirror/8a/8acfaf9c0d02c8b6af07af8455e4c13eab868cf3.webp
https://raw.githubusercontent.com/datawhalechina/Hello-Agents/main/docs/images/5-figures/fastgpt-06.png	/mirror/f7/f721927574dfdc59947d034305cb3ac53a16ce4b.webp
https://raw.githubusercontent.com/datawhalechina/Hello-Agents/main/docs/images/5-figures/fastgpt-07.png	/mirror/98/980bb915c63454baa6dc51bb2b5374a9614cbb3e.webp
https://raw.githubusercontent.com/datawhalechina/Hello-Agents/main/docs/images/5-figures/fastgpt-08.png	/mirror/1c/1c914a9ea3d63424f623e85e04b9f41966031f61.webp
https://raw.githubusercontent.com/datawhalechina/Hello-Agents/main/docs/images/5-figures/fastgpt-09.png	/mirror/d8/d8a0422a89af4f48bfcfc8c8bf858dbd78bee962.webp
https://raw.githubusercontent.com/datawhalechina/Hello-Agents/main/docs/images/5-figures/fastgpt-10.png	/mirror/92/920dc36b47257f42230898406426c85f58a59005.webp
https://raw.githubusercontent.com/datawhalechina/Hello-Agents/main/docs/images/5-figures/fastgpt-11.png	/mirror/d3/d3cfb4abffe2aa13c1fea26406078d34ff1dda0a.webp
https://raw.githubusercontent.com/datawhalechina/Hello-Agents/main/docs/images/5-figures/fastgpt-12.png	/mirror/c9/c9168465109cd53e1665c90e3d8234fce5490239.webp
https://raw.githubusercontent.com/datawhalechina/Hello-Agents/main/docs/images/5-figures/fastgpt-13.png	/mirror/3b/3b5958ec556580c14496b82c53709155f668771a.webp
https://raw.githubusercontent.com/datawhalechina/Hello-Agents/main/docs/images/5-figures/fastgpt-14.png	/mirror/17/17f3d0688396790cfb4564dd6996079c9bba955d.webp
https://raw.githubusercontent.com/datawhalechina/Hello-Agents/main/docs/images/5-figures/n8n-01.png	/mirror/55/55c3a1a42cf387793426dd34e22d33d787999e65.webp
https://raw.githubusercontent.com/datawhalechina/Hello-Agents/main/docs/images/5-figures/n8n-02.png	/mirror/31/31b181b24166feb05e93eb7bed4c88a74616f886.webp
https://raw.githubusercontent.com/datawhalechina/Hello-Agents/main/docs/images/5-figures/n8n-03.png	/mirror/e1/e13aca739e8ff10d6f1699f4930c3f7a0b2c962c.webp
https://raw.githubusercontent.com/datawhalechina/Hello-Agents/main/docs/images/5-figures/n8n-04.png	/mirror/2f/2ff1bc615ecdaff75802485cd52947c8af4ae4ba.webp
https://raw.githubusercontent.com/datawhalechina/Hello-Agents/main/docs/images/5-figures/n8n-05.png	/mirror/4e/4e743da3c2ff96383ae6163fd32103564a99f498.webp
https://raw.githubusercontent.com/datawhalechina/Hello-Agents/main/docs/images/5-figures/n8n-06.png	/mirror/6d/6d5a862da3df6f4d4e16913fdcd30423f1ddbebd.webp
https://raw.githubusercontent.com/datawhalechina/Hello-Agents/main/docs/images/5-figures/n8n-07.png	/mirror/3d/3da0a3d7c1821c7ad4c3e145b10c83610b2c15b8.webp
https://raw.githubusercontent.com/datawhalechina/Hello-Agents/main/docs/images/5-figures/n8n-08.png	/mirror/5f/5fba0f71dede829bceb850be5370dc341f999a83.webp
https://raw.githubusercontent.com/datawhalechina/Hello-Agents/main/docs/images/5-figures/n8n-09.png	/mirror/3f/3f6f5608fc32d541a4deceaf3f7b5fa9e232660a.webp
https://raw.githubusercontent.com/datawhalechina/Hello-Agents/main/docs/images/5-figures/n8n-10.png	/mirror/33/33992821bf7ea96ede6bab28907b028dc38ba926.webp
https://raw.githubusercontent.com/datawhalechina/Hello-Agents/main/docs/images/5-figures/n8n-11.png	/mirror/e6/e6c16da7f23f30d58eac8114109b8b1a0d597fca.webp
https://raw.githubusercontent.com/datawhalechina/Hello-Agents/main/docs/images/5-figures/n8n-12.png	/mirror/aa/aa43fefef396707ced5a8c7719a36d90596d8441.webp
https://raw.githubusercontent.com/datawhalechina/Hello-Agents/main/docs/images/5-figures/n8n-13.png	/mirror/d0/d083c4187020fec66a0884d78cc524d9cbdb31e5.webp
https://raw.githubusercontent.com/datawhalechina/Hello-Agents/main/docs/images/5-figures/n8n-14.png	/mirror/f0/f0bd06bfcc1cfda477e87fd0530c9674f94fa317.webp
https://raw.githubusercontent.com/datawhalechina/Hello-Agents/main/docs/images/6-figures/01.png	/mirror/50/50a8ac67881a1dfb82c8ea7763c815975d1bbabb.webp
https://raw.githubusercontent.com/datawhalechina/Hello-Agents/main/docs/images/6-figures/02.png	/mirror/a7/a7f42a6563e5ac77b2e3418feae4ef7bc82fc29d.webp
https://raw.githubusercontent.com/datawhalechina/Hello-Agents/main/docs/images/6-figures/03.png	/mirror/03/0365915772fe79febf9b3cc821e139d50d1ec695.webp
https://raw.githubusercontent.com/datawhalechina/Hello-Agents/main/docs/images/6-figures/04.png	/mirror/b9/b964e34d5a9d1db8c85221ed12d70fb0cbbed308.webp
https://raw.githubusercontent.com/datawhalechina/Hello-Agents/main/docs/images/7-figures/01.png	/mirror/89/89ee77b4f2fe81c3079a8156683665a42ac8b03d.webp
https://raw.githubusercontent.com/datawhalechina/Hello-Agents/main/docs/images/7-figures/table-01.png	/mirror/de/de82d862284f7775dfe108976f635fdc93c208c2.webp
https://raw.githubusercontent.com/datawhalechina/Hello-Agents/main/docs/images/7-figures/table-02.png	/mirror/81/8123301fbba1ac9611411c9b99f2c56736462024.webp
https://raw.githubusercontent.com/datawhalechina/Hello-Agents/main/docs/images/8-figures/8-1.png	/mirror/9e/9e92c9683ae8e628a90ebe3a22d405ca371d37d4.webp
https://raw.githubusercontent.com/datawhalechina/Hello-Agents/main/docs/images/8-figures/8-10.png	/mirror/0b/0b78449442603a11f3a9272d20c78e2913bedb0f.webp
https://raw.githubusercontent.com/datawhalechina/Hello-Agents/main/docs/images/8-figures/8-11.png	/mirror/c6/c62972fafbcfadb7de2ad24ed074968684ff4dee.webp
https://raw.githubusercontent.com/datawhalechina/Hello-Agents/main/docs/images/8-figures/8-2.png	/mirror/b7/b70344510bad3f39b8f912741c5636cce52f8f04.webp
https://raw.githubusercontent.com/datawhalechina/Hello-Agents/main/docs/images/8-figures/8-3.png	/mirror/75/75bfc5ef8dd8554e6158313551fbe80619b3cd15.webp
https://raw.githubusercontent.com/datawhalechina/Hello-Agents/main/docs/images/8-figures/8-4.png	/mirror/07/072220e785fdfc88f040c4a2cd35d8960da50439.webp
https://raw.githubusercontent.com/datawhalechina/Hello-Agents/main/docs/images/8-figures/8-5.png	/mirror/c5/c5463bf4853c159cfd3bed1216b006244e12d60f.webp
https://raw.githubusercontent.com/datawhalechina/Hello-Agents/main/docs/images/8-figures/8-6.png	/mirror/13/1338e15a744b347a21c6f22f6603ece95db8e8bd.webp
https://raw.githubusercontent.com/datawhalechina/Hello-Agents/main/docs/images/8-figures/8-7.png	/mirror/4d/4d3716f70f0fc6ba406befffb92dfea13aabec0f.webp
https://raw.githubusercontent.com/datawhalechina/Hello-Agents/main/docs/images/8-figures/8-8.png	/mirror/fb/fbe9d4c2ccba591aebd96e52985be8dae17b4901.webp
https://raw.githubusercontent.com/datawhalechina/Hello-Agents/main/docs/images/8-figures/8-9.png	/mirror/18/1865d4dadbdb0cfa8726f984bf2d2731747e5e36.webp
https://raw.githubusercontent.com/datawhalechina/Hello-Agents/main/docs/images/9-figures/9-1.webp	/mirror/54/5472bd3e0863d0ad147a00ef51bc996fb85e4f12.webp
https://raw.githubusercontent.com/datawhalechina/Hello-Agents/main/docs/images/9-figures/9-2.webp	/mirror/88/8870b1005ef35cebbbb196e13a680469e2cb696a.webp
https://raw.githubusercontent.com/datawhalechina/Hello-Agents/main/docs/images/9-figures/9-3.png	/mirror/5e/5ef6a9685d8d17caa85a5e83d5f441aa5fc6d780.webp
https://raw.githubusercontent.com/datawhalechina/agentic-ai/a93ab1d8546cca8b508a72f0f2c385777d5f1403/images/1.2.1.png	/mirror/3b/3b1e496093c9dcebb9fa2aa3df0dbd62a8661508.webp
https://raw.githubusercontent.com/datawhalechina/agentic-ai/a93ab1d8546cca8b508a72f0f2c385777d5f1403/images/1.2.2.png	/mirror/b8/b8932c8848d10820fa757997ec4bea01cef34867.webp
https://raw.githubusercontent.com/datawhalechina/agentic-ai/a93ab1d8546cca8b508a72f0f2c385777d5f1403/images/1.3.1.png	/mirror/97/97cde19a5de3bb5f12b0d7376e9ce1f2bae34657.webp
https://raw.githubusercontent.com/datawhalechina/agentic-ai/a93ab1d8546cca8b508a72f0f2c385777d5f1403/images/1.3.2.png	/mirror/8f/8f6f6e03eeb48e129c60ca381cc3b2cb8d4ad52d.webp
https://raw.githubusercontent.com/datawhalechina/agentic-ai/a93ab1d8546cca8b508a72f0f2c385777d5f1403/images/1.3.3.png	/mirror/7b/7ba112b149cd882f019daca03f29383b71f8366f.webp
https://raw.githubusercontent.com/datawhalechina/agentic-ai/a93ab1d8546cca8b508a72f0f2c385777d5f1403/images/1.4.1.png	/mirror/41/41eed0887edd8a491b527934bf5eb7831243fbff.webp
https://raw.githubusercontent.com/datawhalechina/agentic-ai/a93ab1d8546cca8b508a72f0f2c385777d5f1403/images/1.4.2.png	/mirror/60/604752aff9e2460f8483f316f72d5ecc8b8e0c19.webp
https://raw.githubusercontent.com/datawhalechina/agentic-ai/a93ab1d8546cca8b508a72f0f2c385777d5f1403/images/1.5.1.png	/mirror/fa/fa0c4ce2326f312845296b9eee2c0767bbe7f153.webp
https://raw.githubusercontent.com/datawhalechina/agentic-ai/a93ab1d8546cca8b508a72f0f2c385777d5f1403/images/1.5.2.png	/mirror/9b/9b681508db68cfd789b00046f0f97c67d2628442.webp
https://raw.githubusercontent.com/datawhalechina/agentic-ai/a93ab1d8546cca8b508a72f0f2c385777d5f1403/images/1.5.3.png	/mirror/02/024f3f77e8e762e115baa05fa73bc54dd84afe06.webp
https://raw.githubusercontent.com/datawhalechina/agentic-ai/a93ab1d8546cca8b508a72f0f2c385777d5f1403/images/1.5.4.png	/mirror/58/586fba74c69250d3b077444c6a6fa3555b351af5.webp
https://raw.githubusercontent.com/datawhalechina/agentic-ai/a93ab1d8546cca8b508a72f0f2c385777d5f1403/images/1.5.5.png	/mirror/60/60c48d2067f6bfcc838cf503f3edccfcdbd855a3.webp
https://raw.githubusercontent.com/datawhalechina/agentic-ai/a93ab1d8546cca8b508a72f0f2c385777d5f1403/images/1.6.1.png	/mirror/1e/1ebbff9146c387bbc8da16e9c2aff9ba4761953a.webp
https://raw.githubusercontent.com/datawhalechina/agentic-ai/a93ab1d8546cca8b508a72f0f2c385777d5f1403/images/1.6.2.png	/mirror/d6/d67efdce65aa2aef5415d2bf86c1fc87483dbadf.webp
https://raw.githubusercontent.com/datawhalechina/agentic-ai/a93ab1d8546cca8b508a72f0f2c385777d5f1403/images/1.7.1.png	/mirror/0b/0b8bc9c4ddd71e8a6744020c4b983bedd4b9ad56.webp
https://raw.githubusercontent.com/datawhalechina/agentic-ai/a93ab1d8546cca8b508a72f0f2c385777d5f1403/images/1.7.2.png	/mirror/ce/ce6a38685dc0a7582ffaa36967ea14cd3ade4944.webp
https://raw.githubusercontent.com/datawhalechina/agentic-ai/a93ab1d8546cca8b508a72f0f2c385777d5f1403/images/1.7.3.png	/mirror/58/581e6ebbeadf59db0b9e1fdb8978877d001d8ea2.webp
https://raw.githubusercontent.com/datawhalechina/agentic-ai/a93ab1d8546cca8b508a72f0f2c385777d5f1403/images/1.7.4.png	/mirror/af/afa8941925dd9288d878f838f1a91b71b5e98c5a.webp
https://raw.githubusercontent.com/datawhalechina/agentic-ai/a93ab1d8546cca8b508a72f0f2c385777d5f1403/images/1.8.1.png	/mirror/53/5363a2139fd0eb4cd6544e16328233a568fdf50b.webp
https://raw.githubusercontent.com/datawhalechina/agentic-ai/a93ab1d8546cca8b508a72f0f2c385777d5f1403/images/1.8.2.png	/mirror/94/940d37c5f2b17f2c2663ddf4a72e121037bb2d25.webp
https://raw.githubusercontent.com/datawhalechina/agentic-ai/a93ab1d8546cca8b508a72f0f2c385777d5f1403/images/1.8.3.png	/mirror/d4/d46e0aaaaa866aca876bbbccb2ce56255387747c.webp
https://raw.githubusercontent.com/datawhalechina/agentic-ai/a93ab1d8546cca8b508a72f0f2c385777d5f1403/images/1.8.4.png	/mirror/36/3672d63e9ac5107190489865b8820a0ada605ae8.webp
https://raw.githubusercontent.com/datawhalechina/agentic-ai/a93ab1d8546cca8b508a72f0f2c385777d5f1403/images/2.1.1.png	/mirror/4a/4ad46807e485310c85e333158ef811ff46a8367d.webp
https://raw.githubusercontent.com/datawhalechina/agentic-ai/a93ab1d8546cca8b508a72f0f2c385777d5f1403/images/2.1.2.png	/mirror/44/440a1a315a33b7a31e13070d8a352565297c7ad7.webp
https://raw.githubusercontent.com/datawhalechina/agentic-ai/a93ab1d8546cca8b508a72f0f2c385777d5f1403/images/2.1.3.png	/mirror/98/987d9c6bbac123e595b75ef29b8916e133b03529.webp
https://raw.githubusercontent.com/datawhalechina/agentic-ai/a93ab1d8546cca8b508a72f0f2c385777d5f1403/images/2.2.1.png	/mirror/13/13cab00881699eb8678e26d636b0f6ccb6bd25d9.webp
https://raw.githubusercontent.com/datawhalechina/agentic-ai/a93ab1d8546cca8b508a72f0f2c385777d5f1403/images/2.2.2.png	/mirror/00/000b29f77f1d75db81a0f749a078bb925c6b57d3.webp
https://raw.githubusercontent.com/datawhalechina/agentic-ai/a93ab1d8546cca8b508a72f0f2c385777d5f1403/images/2.2.3.png	/mirror/ef/effc1457873a2fc23ce9c52baf5e7f387d1df75d.webp
https://raw.githubusercontent.com/datawhalechina/agentic-ai/a93ab1d8546cca8b508a72f0f2c385777d5f1403/images/2.2.4.png	/mirror/ac/ac4556bc4c96184b363a41ef56645c7ddcdf5a64.webp
https://raw.githubusercontent.com/datawhalechina/agentic-ai/a93ab1d8546cca8b508a72f0f2c385777d5f1403/images/2.3.1.png	/mirror/d3/d3759d9b97422a7925a976a654ef99fd4b56a95f.webp
https://raw.githubusercontent.com/datawhalechina/agentic-ai/a93ab1d8546cca8b508a72f0f2c385777d5f1403/images/2.3.2.png	/mirror/81/81a7ffd3a83d9155b5daf2c319598666c8075efa.webp
https://raw.githubusercontent.com/datawhalechina/agentic-ai/a93ab1d8546cca8b508a72f0f2c385777d5f1403/images/2.3.3.png	/mirror/d3/d3fbd65c18ca8335e5b5a9c96d59528cd015a8f1.webp
https://raw.githubusercontent.com/datawhalechina/agentic-ai/a93ab1d8546cca8b508a72f0f2c385777d5f1403/images/2.5.1.png	/mirror/c9/c9aebee407883d6bd9f5dab4e7e4c24798e00ebc.webp
https://raw.githubusercontent.com/datawhalechina/agentic-ai/a93ab1d8546cca8b508a72f0f2c385777d5f1403/images/2.5.2.png	/mirror/46/46dfb7cb53ab5538bcb9aebcfe9455b028bee42a.webp
https://raw.githubusercontent.com/datawhalechina/agentic-ai/a93ab1d8546cca8b508a72f0f2c385777d5f1403/images/2.5.3.png	/mirror/eb/eb6b4c789ce12faee1fcd1939effcc00dbbbc5ed.webp
https://raw.githubusercontent.com/datawhalechina/agentic-ai/a93ab1d8546cca8b508a72f0f2c385777d5f1403/images/2.5.4.png	/mirror/c6/c6f2cab013ecc77f45cd97fc62efd5359eb5c9af.webp
https://raw.githubusercontent.com/datawhalechina/agentic-ai/a93ab1d8546cca8b508a72f0f2c385777d5f1403/images/2.6.1.png	/mirror/51/5140505ed8894c274208fed1b6ff2fe71d3e0e2c.webp
https://raw.githubusercontent.com/datawhalechina/agentic-ai/a93ab1d8546cca8b508a72f0f2c385777d5f1403/images/2.6.2.png	/mirror/92/92546b267e16e328e6cea308908fa333cc7f4645.webp
https://raw.githubusercontent.com/datawhalechina/agentic-ai/a93ab1d8546cca8b508a72f0f2c385777d5f1403/images/2.6.3.png	/mirror/5e/5e739cd11b933363678f6c524052a501696c9072.webp
https://raw.githubusercontent.com/datawhalechina/agentic-ai/a93ab1d8546cca8b508a72f0f2c385777d5f1403/images/3.1.1.png	/mirror/f8/f8c8ff401d84bc60433ba4309bb1a88bf99c45b9.webp
https://raw.githubusercontent.com/datawhalechina/agentic-ai/a93ab1d8546cca8b508a72f0f2c385777d5f1403/images/3.1.2.png	/mirror/df/df454a51bf75db6cd34f1bd9b288e767bdf953b2.webp
https://raw.githubusercontent.com/datawhalechina/agentic-ai/a93ab1d8546cca8b508a72f0f2c385777d5f1403/images/3.1.3.png	/mirror/f3/f3b992964f38de6055c3868ac42940ff768daac4.webp
https://raw.githubusercontent.com/datawhalechina/agentic-ai/a93ab1d8546cca8b508a72f0f2c385777d5f1403/images/3.2.1.png	/mirror/a5/a5d55c4ac6413826d3b76a808f3c204601920eb5.webp
https://raw.githubusercontent.com/datawhalechina/agentic-ai/a93ab1d8546cca8b508a72f0f2c385777d5f1403/images/3.2.2.png	/mirror/f2/f2fa6e3bc7da23627457018000031c7928c11f3a.webp
https://raw.githubusercontent.com/datawhalechina/agentic-ai/a93ab1d8546cca8b508a72f0f2c385777d5f1403/images/3.3.1.png	/mirror/26/26621f3709bb7033dc9417d360aa68945dae7f4c.webp
https://raw.githubusercontent.com/datawhalechina/agentic-ai/a93ab1d8546cca8b508a72f0f2c385777d5f1403/images/3.3.2.png	/mirror/d6/d6c1e8ae50e7513ccb43d63cad31e67c316358ae.webp
https://raw.githubusercontent.com/datawhalechina/agentic-ai/a93ab1d8546cca8b508a72f0f2c385777d5f1403/images/3.3.3.png	/mirror/fd/fd620f5b97bb6e5f21204d1cac625cbfee58ebfb.webp
https://raw.githubusercontent.com/datawhalechina/agentic-ai/a93ab1d8546cca8b508a72f0f2c385777d5f1403/images/3.6.1.png	/mirror/fd/fd482eb38cd5e378b7067e113d137e840b5fdd5b.webp
https://raw.githubusercontent.com/datawhalechina/agentic-ai/a93ab1d8546cca8b508a72f0f2c385777d5f1403/images/3.6.2.png	/mirror/38/385abf343623ed7c318494bde61004354a99442c.webp
https://raw.githubusercontent.com/datawhalechina/agentic-ai/a93ab1d8546cca8b508a72f0f2c385777d5f1403/images/3.6.3.png	/mirror/20/2067ae5fc7e2fac57bf9b1666f664de34082c4c5.webp
https://raw.githubusercontent.com/datawhalechina/agentic-ai/a93ab1d8546cca8b508a72f0f2c385777d5f1403/images/3.6.4.png	/mirror/eb/eb6accb160d5c03a582c847a29d11a2b2c5005df.webp
https://raw.githubusercontent.com/datawhalechina/agentic-ai/a93ab1d8546cca8b508a72f0f2c385777d5f1403/images/3.7.1.png	/mirror/b9/b97f5bb365aedeb5ec232aa15ef48181eebd0fae.webp
https://raw.githubusercontent.com/datawhalechina/agentic-ai/a93ab1d8546cca8b508a72f0f2c385777d5f1403/images/3.7.2.png	/mirror/a4/a4df0d6f942a79288f7b05ef9b199fa07f2d4769.webp
https://raw.githubusercontent.com/datawhalechina/agentic-ai/a93ab1d8546cca8b508a72f0f2c385777d5f1403/images/4.1.1.png	/mirror/64/64659b22f4d85ab9188a1dd29dae36edb85b49d9.webp
https://raw.githubusercontent.com/datawhalechina/agentic-ai/a93ab1d8546cca8b508a72f0f2c385777d5f1403/images/4.1.2.png	/mirror/81/81061711c6496120bd96ccf22419d2a21815aecc.webp
https://raw.githubusercontent.com/datawhalechina/agentic-ai/a93ab1d8546cca8b508a72f0f2c385777d5f1403/images/4.1.3.png	/mirror/39/3988fd632d7354617e39552d2e3b799d5ef895cc.webp
https://raw.githubusercontent.com/datawhalechina/agentic-ai/a93ab1d8546cca8b508a72f0f2c385777d5f1403/images/4.1.4.png	/mirror/e0/e00fe3c1451109c4ef1d9018bf301bacbca7c0e9.webp
https://raw.githubusercontent.com/datawhalechina/agentic-ai/a93ab1d8546cca8b508a72f0f2c385777d5f1403/images/4.3.1.png	/mirror/22/22ce49736f0277a29effc20ed51e50499a366e74.webp
https://raw.githubusercontent.com/datawhalechina/agentic-ai/a93ab1d8546cca8b508a72f0f2c385777d5f1403/images/4.3.2.png	/mirror/50/5033619fa2f63e0465ba6840cde4a4f967fbd703.webp
https://raw.githubusercontent.com/datawhalechina/agentic-ai/a93ab1d8546cca8b508a72f0f2c385777d5f1403/images/4.4.1.png	/mirror/a1/a1c44764430a665c78ffc1c888055e1bec90f04d.webp
https://raw.githubusercontent.com/datawhalechina/deepagents-in-action/4097ff944f9ffa1bdfe2dd04f751f4416b058860/public/imgs/01-framework-three-layer-architecture.png	/mirror/e7/e7648bf5963602c0923a9d5e80b763a0e2b7f19f.webp
https://raw.githubusercontent.com/datawhalechina/deepagents-in-action/4097ff944f9ffa1bdfe2dd04f751f4416b058860/public/imgs/02-comparison-context-engineering.png	/mirror/31/31db44c9f37acd73c2dc64a3e7ebca7160da90a6.webp
https://raw.githubusercontent.com/datawhalechina/deepagents-in-action/4097ff944f9ffa1bdfe2dd04f751f4416b058860/public/imgs/03-comparison-harness-competitors.png	/mirror/1e/1e9b02a11f13a40c26e8412e54c58f7ed6a6c073.webp
https://raw.githubusercontent.com/datawhalechina/deepagents-in-action/4097ff944f9ffa1bdfe2dd04f751f4416b058860/public/imgs/04-framework-tech-panorama.png	/mirror/1b/1b13ff96ba5701e721a127a52b4ce7420618e10a.webp
https://raw.githubusercontent.com/datawhalechina/deepagents-in-action/4097ff944f9ffa1bdfe2dd04f751f4416b058860/public/imgs/05-flowchart-agent-workflow.png	/mirror/88/88b24527cff764ccff6029ef54d741b3f2f7793b.webp
https://raw.githubusercontent.com/datawhalechina/deepagents-in-action/4097ff944f9ffa1bdfe2dd04f751f4416b058860/public/imgs/06-comparison-api-interfaces.png	/mirror/a2/a2285fd00e69ab705f726d60e3f197f440b3b1f2.webp
https://raw.githubusercontent.com/datawhalechina/deepagents-in-action/4097ff944f9ffa1bdfe2dd04f751f4416b058860/public/imgs/07-infographic-six-tools.png	/mirror/9b/9bef7644f3638e8e33e10ff5042e7ced869a76c8.webp
https://raw.githubusercontent.com/datawhalechina/deepagents-in-action/4097ff944f9ffa1bdfe2dd04f751f4416b058860/public/imgs/08-flowchart-context-management.png	/mirror/ac/acf18c7e26bd08fabb7ba1308838cd388ba8ec46.webp
https://raw.githubusercontent.com/datawhalechina/deepagents-in-action/4097ff944f9ffa1bdfe2dd04f751f4416b058860/public/imgs/09-comparison-backends.png	/mirror/55/559e8b4298202249a9e04c5ef4dcc7c68b393e1e.webp
https://raw.githubusercontent.com/datawhalechina/deepagents-in-action/4097ff944f9ffa1bdfe2dd04f751f4416b058860/public/imgs/10-flowchart-todo-workflow.png	/mirror/97/9783e7b19d1890de46500e59a8b2962c89ba804a.webp
https://raw.githubusercontent.com/datawhalechina/deepagents-in-action/4097ff944f9ffa1bdfe2dd04f751f4416b058860/public/imgs/11-framework-middleware-assembly.png	/mirror/2a/2a293d281257cc38d09b37089672d5500ea1c3e7.webp
https://raw.githubusercontent.com/datawhalechina/deepagents-in-action/4097ff944f9ffa1bdfe2dd04f751f4416b058860/public/imgs/12-infographic-middleware.png	/mirror/db/dbf80ad03985c73819ba40b4467651de91c1f366.webp
https://raw.githubusercontent.com/datawhalechina/deepagents-in-action/4097ff944f9ffa1bdfe2dd04f751f4416b058860/public/imgs/13-comparison-context-quarantine.png	/mirror/d6/d64d5c8dcd87c391954c4fce41c844a1dbf0f09b.webp
https://raw.githubusercontent.com/datawhalechina/deepagents-in-action/4097ff944f9ffa1bdfe2dd04f751f4416b058860/public/imgs/14-framework-multi-subagent.png	/mirror/ba/ba95613d5a210c8cf35d050f8cfc297ddacf97dc.webp
https://raw.githubusercontent.com/datawhalechina/deepagents-in-action/4097ff944f9ffa1bdfe2dd04f751f4416b058860/public/imgs/15-comparison-sync-vs-async.png	/mirror/fc/fcc5324ef781e92bd1e2b40b2a0a147ba77d7edd.webp
https://raw.githubusercontent.com/datawhalechina/deepagents-in-action/4097ff944f9ffa1bdfe2dd04f751f4416b058860/public/imgs/16-flowchart-async-lifecycle.png	/mirror/d8/d84b6b12cfcf0d63ff5aca4c80668e163a21a05b.webp
https://raw.githubusercontent.com/datawhalechina/deepagents-in-action/4097ff944f9ffa1bdfe2dd04f751f4416b058860/public/imgs/17-flowchart-hitl-flow.png	/mirror/7c/7c03fa312e57b66cefff84c0c4faf2e20b507bde.webp
https://raw.githubusercontent.com/datawhalechina/deepagents-in-action/4097ff944f9ffa1bdfe2dd04f751f4416b058860/public/imgs/17-sequence-async-protocol.png	/mirror/a8/a82c7a17dc4d99e7b1a8c8d728709b62359616c6.webp
https://raw.githubusercontent.com/datawhalechina/deepagents-in-action/4097ff944f9ffa1bdfe2dd04f751f4416b058860/public/imgs/18-infographic-risk-levels.png	/mirror/e7/e7be7bb1a5c8ab6b77cd2d2bb9d4edc260d1a011.webp
https://raw.githubusercontent.com/datawhalechina/deepagents-in-action/4097ff944f9ffa1bdfe2dd04f751f4416b058860/public/imgs/19-infographic-skills-ecosystem.png	/mirror/50/50f1a92bce37b3b86650e282145ddff1eda8d648.webp
https://raw.githubusercontent.com/datawhalechina/deepagents-in-action/4097ff944f9ffa1bdfe2dd04f751f4416b058860/public/imgs/20-framework-skill-structure.png	/mirror/8e/8edfc7e8cfb7c345db50ed66c1cb40cee564082e.webp
https://raw.githubusercontent.com/datawhalechina/deepagents-in-action/4097ff944f9ffa1bdfe2dd04f751f4416b058860/public/imgs/21-flowchart-progressive-disclosure.png	/mirror/36/36191f6bf0f14f34992fc1292409154a724e954b.webp
https://raw.githubusercontent.com/datawhalechina/deepagents-in-action/4097ff944f9ffa1bdfe2dd04f751f4416b058860/public/imgs/22-arch-skills-backends.png	/mirror/e2/e2a134c280c3bb5c5bc31863674c548b8baca546.webp
https://raw.githubusercontent.com/datawhalechina/deepagents-in-action/4097ff944f9ffa1bdfe2dd04f751f4416b058860/public/imgs/23-arch-skills-permissions.png	/mirror/4f/4fa0b2161186146fae9844c2659539d360399d92.webp
https://raw.githubusercontent.com/datawhalechina/deepagents-in-action/4097ff944f9ffa1bdfe2dd04f751f4416b058860/public/imgs/24-arch-skills-subagent.png	/mirror/ce/ce0ab488fd772908c662a5edffb6dfb7e833af69.webp
https://raw.githubusercontent.com/datawhalechina/deepagents-in-action/4097ff944f9ffa1bdfe2dd04f751f4416b058860/public/imgs/25-arch-skills-code-execution.png	/mirror/38/386b121da0d0904415fb093761522824aa9e4ced.webp
https://raw.githubusercontent.com/datawhalechina/deepagents-in-action/4097ff944f9ffa1bdfe2dd04f751f4416b058860/public/imgs/26-comparison-memory-types.png	/mirror/8d/8da7dad12ac71b508fb47e170d8610442ec1306d.webp
https://raw.githubusercontent.com/datawhalechina/deepagents-in-action/4097ff944f9ffa1bdfe2dd04f751f4416b058860/public/imgs/27-flowchart-cross-thread.png	/mirror/09/091e72eb8cf08be97883c96ddfcf1421584c3174.webp
https://raw.githubusercontent.com/datawhalechina/deepagents-in-action/4097ff944f9ffa1bdfe2dd04f751f4416b058860/public/imgs/28-arch-scoped-memory.png	/mirror/5c/5c81b8722865f5ce40422c7fac268fd1d0c8629f.webp
https://raw.githubusercontent.com/datawhalechina/deepagents-in-action/4097ff944f9ffa1bdfe2dd04f751f4416b058860/public/imgs/29-flowchart-interrupt-state-resume.png	/mirror/ab/ab8f427ff6090417de193eecbc5aa745d936c195.webp
https://raw.githubusercontent.com/datawhalechina/deepagents-in-action/4097ff944f9ffa1bdfe2dd04f751f4416b058860/public/imgs/30-flowchart-code-execution.png	/mirror/fa/fafeff335641f8347095d0e0f2f7d133e0dc6635.webp
https://raw.githubusercontent.com/datawhalechina/deepagents-in-action/4097ff944f9ffa1bdfe2dd04f751f4416b058860/public/imgs/31-framework-sandbox-file-planes.png	/mirror/32/32cf5208fd296a02645beb7c77ae7027a836c3b7.webp
https://raw.githubusercontent.com/datawhalechina/deepagents-in-action/4097ff944f9ffa1bdfe2dd04f751f4416b058860/public/imgs/32-comparison-sandbox-scopes.png	/mirror/fe/fef177b98e171010c05ec346eb8baa94b2120b1c.webp
https://raw.githubusercontent.com/datawhalechina/deepagents-in-action/4097ff944f9ffa1bdfe2dd04f751f4416b058860/public/imgs/33-framework-sandbox-overview.png	/mirror/0a/0a83e64aad7706a94238ad5f2e1f52487dc29084.webp
https://raw.githubusercontent.com/datawhalechina/deepagents-in-action/4097ff944f9ffa1bdfe2dd04f751f4416b058860/public/imgs/34-flowchart-filesystem-permissions.png	/mirror/94/943c37b9dbc4def4cbc7ff8e0f7420933c004c48.webp
https://raw.githubusercontent.com/datawhalechina/deepagents-in-action/4097ff944f9ffa1bdfe2dd04f751f4416b058860/public/imgs/35-framework-permission-control-boundary.png	/mirror/0e/0eb1df9940d03d520e62800f4bd633d7df97b994.webp
https://raw.githubusercontent.com/datawhalechina/deepagents-in-action/4097ff944f9ffa1bdfe2dd04f751f4416b058860/public/imgs/36-framework-mcp-integration-layers.png	/mirror/34/344457a2bb8c815d32935e683837a1e356163eb1.webp
https://raw.githubusercontent.com/datawhalechina/deepagents-in-action/4097ff944f9ffa1bdfe2dd04f751f4416b058860/public/imgs/37-flowchart-mcp-validation-path.png	/mirror/f5/f5a62d7164cbb8b891371f81e05d5427d02688ab.webp
https://raw.githubusercontent.com/datawhalechina/deepagents-in-action/4097ff944f9ffa1bdfe2dd04f751f4416b058860/public/imgs/40-framework-rubric-roles-evidence.png	/mirror/f7/f7e4f82903e8a53a516b5776b94b831406ffe51f.webp
https://raw.githubusercontent.com/datawhalechina/deepagents-in-action/4097ff944f9ffa1bdfe2dd04f751f4416b058860/public/imgs/41-flowchart-rubric-runtime-state-machine.png	/mirror/56/5662470645afeca6e24712809633228b5f959320.webp
https://raw.githubusercontent.com/datawhalechina/deepagents-in-action/4097ff944f9ffa1bdfe2dd04f751f4416b058860/public/imgs/44-comparison-invoke-vs-streaming.png	/mirror/6f/6f6d6937adbc0d06701d370984b463c095f4d802.webp
https://raw.githubusercontent.com/datawhalechina/deepagents-in-action/4097ff944f9ffa1bdfe2dd04f751f4416b058860/public/imgs/45-framework-typed-projections.png	/mirror/34/34d95d8c0b8483e45985c49552fddc0876d17c50.webp
https://raw.githubusercontent.com/datawhalechina/deepagents-in-action/4097ff944f9ffa1bdfe2dd04f751f4416b058860/public/imgs/46-sequence-concurrent-streaming.png	/mirror/38/38347dfe4a0ab84c95150fa23b555623f99b43a2.webp
https://raw.githubusercontent.com/datawhalechina/deepagents-in-action/4097ff944f9ffa1bdfe2dd04f751f4416b058860/public/imgs/47-comparison-v3-v2-streaming.png	/mirror/74/7434aab00f52c44be205f70c10196ffdcd2382c1.webp
https://raw.githubusercontent.com/datawhalechina/deepagents-in-action/4097ff944f9ffa1bdfe2dd04f751f4416b058860/public/imgs/48-comparison-tool-calling-vs-interpreter.png	/mirror/3d/3d7dbc991cfda0ef75d08cff6eaf12a4e8b480c5.webp
https://raw.githubusercontent.com/datawhalechina/deepagents-in-action/4097ff944f9ffa1bdfe2dd04f751f4416b058860/public/imgs/52-comparison-direct-vs-dynamic-subagents.png	/mirror/d8/d8c6b8bccffa1008daa67bbaaa3be39860dbe9b0.webp
https://raw.githubusercontent.com/datawhalechina/deepagents-in-action/4097ff944f9ffa1bdfe2dd04f751f4416b058860/public/imgs/53-framework-quickjs-task-orchestration.png	/mirror/a1/a1a47a0c0a3ec6ca4666b7b2c91cf6935575eb4b.webp
https://raw.githubusercontent.com/datawhalechina/deepagents-in-action/4097ff944f9ffa1bdfe2dd04f751f4416b058860/public/imgs/54-framework-three-orchestration-patterns.png	/mirror/bd/bd7f59c1703b6a30439b1bc82a90aa02ada26eb2.webp
https://raw.githubusercontent.com/datawhalechina/deepagents-in-action/4097ff944f9ffa1bdfe2dd04f751f4416b058860/public/imgs/55-flow-dynamic-subagents-guardrails.png	/mirror/e6/e69a90b92cc2ae5b6d272e492f7a5f27470b2a72.webp
https://raw.githubusercontent.com/datawhalechina/deepagents-in-action/4097ff944f9ffa1bdfe2dd04f751f4416b058860/public/imgs/hero.png	/mirror/bc/bc5421074b7e6a5d82783f9e2140446b2c2a43e4.webp
https://raw.githubusercontent.com/datawhalechina/deepagents-in-action/4097ff944f9ffa1bdfe2dd04f751f4416b058860/public/imgs/siliconflow-dark.svg	/mirror/3e/3e6b58c4649b5198b4a54c44a8e437789aa670d4.svg
https://raw.githubusercontent.com/datawhalechina/deepagents-in-action/4097ff944f9ffa1bdfe2dd04f751f4416b058860/public/imgs/siliconflow.svg	/mirror/ec/ecc0bf4c4391bf32e360536d50c623a2f30b103f.svg
https://raw.githubusercontent.com/datawhalechina/vibe-vibe/f2e121d9b6c689c0e682921df60d73e279c5e316/docs/public/images/Advanced/1764741445765coding-tool-helper.gifattname=coding-tool-helper.gif	/mirror/ad/ad04b99b2715d65f975b26538d7a25e038488434.webp
https://raw.githubusercontent.com/datawhalechina/vibe-vibe/f2e121d9b6c689c0e682921df60d73e279c5e316/docs/public/images/Advanced/add-zh.png	/mirror/b2/b2bc57f187ffa6e93143fe7e78f1e3aff6328919.webp
https://raw.githubusercontent.com/datawhalechina/vibe-vibe/f2e121d9b6c689c0e682921df60d73e279c5e316/docs/public/images/Advanced/image-20260203180304836.png	/mirror/71/71753fdd63971ae66dae84d2db4be90d7708b98b.webp
https://raw.githubusercontent.com/datawhalechina/vibe-vibe/f2e121d9b6c689c0e682921df60d73e279c5e316/docs/public/images/Advanced/image-20260203180429883.png	/mirror/3c/3ce51780b62aa83471096abc6bd064c0e2602e87.webp
https://raw.githubusercontent.com/datawhalechina/vibe-vibe/f2e121d9b6c689c0e682921df60d73e279c5e316/docs/public/images/Advanced/image-20260203180527608.png	/mirror/ff/ff42da79065c651c0d336907abd787116a882e33.webp
https://raw.githubusercontent.com/datawhalechina/vibe-vibe/f2e121d9b6c689c0e682921df60d73e279c5e316/docs/public/images/Advanced/image-20260203180609407.png	/mirror/e3/e39ef1bf8bf0f56c8f9e71f1fe854e79b62a5acb.webp
https://raw.githubusercontent.com/datawhalechina/vibe-vibe/f2e121d9b6c689c0e682921df60d73e279c5e316/docs/public/images/Advanced/image-20260203180635579.png	/mirror/b4/b4814897bdae7a8a27d697dbd201b6477fb142d1.webp
https://raw.githubusercontent.com/datawhalechina/vibe-vibe/f2e121d9b6c689c0e682921df60d73e279c5e316/docs/public/images/Advanced/image-20260203180714506.png	/mirror/56/5616b578118bead813019dbc80a2fc6f3f694297.webp
https://raw.githubusercontent.com/datawhalechina/vibe-vibe/f2e121d9b6c689c0e682921df60d73e279c5e316/docs/public/images/Advanced/image-20260203180856348.png	/mirror/47/4729b29b19f7c5f062ddaa5b82fb433043d32aef.webp
https://raw.githubusercontent.com/datawhalechina/vibe-vibe/f2e121d9b6c689c0e682921df60d73e279c5e316/docs/public/images/Advanced/image-20260203180925214.png	/mirror/3b/3b4e0fb402976277192e5235e67a17c0ed13c730.webp
https://raw.githubusercontent.com/datawhalechina/vibe-vibe/f2e121d9b6c689c0e682921df60d73e279c5e316/docs/public/images/Advanced/image-20260203181030343.png	/mirror/0a/0a681192a1329730ab154fce51d07fe7ecf6d3a9.webp
https://raw.githubusercontent.com/datawhalechina/vibe-vibe/f2e121d9b6c689c0e682921df60d73e279c5e316/docs/public/images/Advanced/image-20260203181347764.png	/mirror/4b/4b4b44ffc741af79ae2faa45dfc649e2fa92bfef.webp
https://raw.githubusercontent.com/datawhalechina/vibe-vibe/f2e121d9b6c689c0e682921df60d73e279c5e316/docs/public/images/Advanced/image-20260203181406471.png	/mirror/09/09e5435b45fa1c35c2fa23630f92a66525c02e2d.webp
https://raw.githubusercontent.com/datawhalechina/vibe-vibe/f2e121d9b6c689c0e682921df60d73e279c5e316/docs/public/images/Advanced/image-20260203181915052.png	/mirror/c8/c84d6c6ed9100ea7e88cee5b6c122dcbd01ace87.webp
https://raw.githubusercontent.com/datawhalechina/vibe-vibe/f2e121d9b6c689c0e682921df60d73e279c5e316/docs/public/images/Advanced/image-20260203183832193.png	/mirror/7f/7f717957ad17cbbcedf0e7dc092f60ebb92b7aef.webp
https://raw.githubusercontent.com/datawhalechina/vibe-vibe/f2e121d9b6c689c0e682921df60d73e279c5e316/docs/public/images/Advanced/image-20260203184020360.png	/mirror/1f/1f2613b9bab8d3ed318e6170df1e8051fdb9ac29.webp
https://raw.githubusercontent.com/datawhalechina/vibe-vibe/f2e121d9b6c689c0e682921df60d73e279c5e316/docs/public/images/Advanced/image-20260203184852968.png	/mirror/57/57a7783f0edd006842cad46902406bd989e7ed72.webp
https://raw.githubusercontent.com/datawhalechina/vibe-vibe/f2e121d9b6c689c0e682921df60d73e279c5e316/docs/public/images/Advanced/image-20260203185306838.png	/mirror/d0/d02e71d42e5653d1614a21b62bed6f98e69cf986.webp
https://raw.githubusercontent.com/datawhalechina/vibe-vibe/f2e121d9b6c689c0e682921df60d73e279c5e316/docs/public/images/Advanced/main-zh.png	/mirror/28/28eabe6e98a501fb305989cd8045a27dc92e291c.webp
https://raw.githubusercontent.com/datawhalechina/vibe-vibe/f2e121d9b6c689c0e682921df60d73e279c5e316/docs/public/images/Advanced/mlkzvdt7-83b23488ee2e4fad.jpg	/mirror/4e/4e1633294c31155a8c2dfcf8e0080cdb6dea8c38.webp
https://raw.githubusercontent.com/decodingai-magazine/second-brain-ai-assistant-course/17ccef571db3e4b563826dab83ecc9298a54ede1/static/inference_endpoint_dashboard.png	/mirror/ab/ab2fac3d154c6808480f5acec6930d75a31e83d6.webp
https://raw.githubusercontent.com/decodingai-magazine/second-brain-ai-assistant-course/17ccef571db3e4b563826dab83ecc9298a54ede1/static/mongodb_atlas_example.png	/mirror/bc/bc2ed8c8dc75f68417bc2c592fac4bdcec533e08.webp
https://raw.githubusercontent.com/decodingai-magazine/second-brain-ai-assistant-course/17ccef571db3e4b563826dab83ecc9298a54ede1/static/opik_evaluation_results_example.png	/mirror/73/730740da54dbc4ff2b96d65985ec7d59287c2a07.webp
https://raw.githubusercontent.com/deusyu/harness-engineering/858c0da6570aad32947c09c7e83fb04f46d22ebe/works/harness-engineering-intro-deck/cover.jpg	/mirror/f1/f1043e93ca6c50bafb7015ce711924bc13120ac9.webp
https://raw.githubusercontent.com/didilili/ai-agents-from-zero/ea7f28ffe0b2c2650e3936f3bb591560225702b3/images/1-1/1-1-1-1-1.jpg	/mirror/df/df0c61a1affb3981982f9a726a0228bbcc4ffc21.webp
https://raw.githubusercontent.com/didilili/ai-agents-from-zero/ea7f28ffe0b2c2650e3936f3bb591560225702b3/images/1-1/1-1-1-1-2.png	/mirror/75/75238e79c7afeab194c7cfd9cbfdf5d792a82774.webp
https://raw.githubusercontent.com/didilili/ai-agents-from-zero/ea7f28ffe0b2c2650e3936f3bb591560225702b3/images/1-1/1-1-1-2-1.jpg	/mirror/b4/b401da4e1488a1b02e9bea1352c65d4a73c24da7.webp
https://raw.githubusercontent.com/didilili/ai-agents-from-zero/ea7f28ffe0b2c2650e3936f3bb591560225702b3/images/1-1/1-1-1-2-2.jpg	/mirror/24/24fe01fff1c4b3a1a845ce9dbe4c1cdc750ec317.webp
https://raw.githubusercontent.com/didilili/ai-agents-from-zero/ea7f28ffe0b2c2650e3936f3bb591560225702b3/images/1-1/1-1-1-2-3.jpg	/mirror/41/41232e0c2582acd70972268065b31d4478d010d6.webp
https://raw.githubusercontent.com/didilili/ai-agents-from-zero/ea7f28ffe0b2c2650e3936f3bb591560225702b3/images/1-1/1-1-1-2-4.png	/mirror/f6/f674fb4b65307d18f6b4ce553cee27e39c9b885f.webp
https://raw.githubusercontent.com/didilili/ai-agents-from-zero/ea7f28ffe0b2c2650e3936f3bb591560225702b3/images/1-1/1-1-1-2-5.png	/mirror/4c/4c6008892747903cc5be60880df317a7d1493476.webp
https://raw.githubusercontent.com/didilili/ai-agents-from-zero/ea7f28ffe0b2c2650e3936f3bb591560225702b3/images/1-1/1-1-1-2-6.png	/mirror/37/37b04b61b3685b7184960c0906f1ce8847c6eeee.webp
https://raw.githubusercontent.com/didilili/ai-agents-from-zero/ea7f28ffe0b2c2650e3936f3bb591560225702b3/images/1-1/1-1-1-2-7.png	/mirror/4b/4b66436ffe71d64e67549ed3137c8505586347a2.webp
https://raw.githubusercontent.com/didilili/ai-agents-from-zero/ea7f28ffe0b2c2650e3936f3bb591560225702b3/images/1-1/1-1-1-3-1.png	/mirror/dd/dd5a22fd5f84c842401ded6110ee434e4ad0d5ba.webp
https://raw.githubusercontent.com/didilili/ai-agents-from-zero/ea7f28ffe0b2c2650e3936f3bb591560225702b3/images/1-1/1-1-1-4-1.jpg	/mirror/6a/6ad53a76b8ea62fdb5558acaf1265a0568c1c3c9.webp
https://raw.githubusercontent.com/didilili/ai-agents-from-zero/ea7f28ffe0b2c2650e3936f3bb591560225702b3/images/1-1/1-1-1-4-10.jpg	/mirror/28/28ed5aa479100ad98d69461c66f3093fe09bda8d.webp
https://raw.githubusercontent.com/didilili/ai-agents-from-zero/ea7f28ffe0b2c2650e3936f3bb591560225702b3/images/1-1/1-1-1-4-11.png	/mirror/57/576f18b117680f9b2570351b0707c845d7fe6acc.webp
https://raw.githubusercontent.com/didilili/ai-agents-from-zero/ea7f28ffe0b2c2650e3936f3bb591560225702b3/images/1-1/1-1-1-4-2.jpg	/mirror/3e/3e8dcb5ce321a359cb6aa8e024df9883e18c6bdd.webp
https://raw.githubusercontent.com/didilili/ai-agents-from-zero/ea7f28ffe0b2c2650e3936f3bb591560225702b3/images/1-1/1-1-1-4-3.jpg	/mirror/22/223862abbe72c86a2e7b2c980c651f98b02ccfc6.webp
https://raw.githubusercontent.com/didilili/ai-agents-from-zero/ea7f28ffe0b2c2650e3936f3bb591560225702b3/images/1-1/1-1-1-4-4.jpg	/mirror/91/910e7f1a18898247ca1cec1054b3643e1a1f5db0.webp
https://raw.githubusercontent.com/didilili/ai-agents-from-zero/ea7f28ffe0b2c2650e3936f3bb591560225702b3/images/1-1/1-1-1-4-5.jpg	/mirror/9d/9d371dae859c1ed887ab15a774d400528a9fec91.webp
https://raw.githubusercontent.com/didilili/ai-agents-from-zero/ea7f28ffe0b2c2650e3936f3bb591560225702b3/images/1-1/1-1-1-4-6.jpg	/mirror/22/22b6224ec46f0e68b22a3e5ebb14abf7446c82f2.webp
https://raw.githubusercontent.com/didilili/ai-agents-from-zero/ea7f28ffe0b2c2650e3936f3bb591560225702b3/images/1-1/1-1-1-4-7.jpg	/mirror/9c/9cac42baee3f420d84af514519daadf258763f29.webp
https://raw.githubusercontent.com/didilili/ai-agents-from-zero/ea7f28ffe0b2c2650e3936f3bb591560225702b3/images/1-1/1-1-1-4-8.jpg	/mirror/3a/3af056baf75df342fde037f714c236266f339ef6.webp
https://raw.githubusercontent.com/didilili/ai-agents-from-zero/ea7f28ffe0b2c2650e3936f3bb591560225702b3/images/1-1/1-1-1-4-9.jpg	/mirror/57/57a60be5404ce692f9114cf156b1b9bd71a57879.webp
https://raw.githubusercontent.com/didilili/ai-agents-from-zero/ea7f28ffe0b2c2650e3936f3bb591560225702b3/images/1-1/1-1-1-5-1.jpg	/mirror/4d/4d35ad1ba545c04c79eb0ddf84fd651ea8f20004.webp
https://raw.githubusercontent.com/didilili/ai-agents-from-zero/ea7f28ffe0b2c2650e3936f3bb591560225702b3/images/1-1/1-1-2-1-1.jpg	/mirror/28/2822351c98346855b03949eb4e38dee38d9cc4b8.webp
https://raw.githubusercontent.com/didilili/ai-agents-from-zero/ea7f28ffe0b2c2650e3936f3bb591560225702b3/images/1-1/1-1-2-4-1.png	/mirror/96/96fe45bc70bb97d9735a7017c422d7b7eee90153.webp
https://raw.githubusercontent.com/didilili/ai-agents-from-zero/ea7f28ffe0b2c2650e3936f3bb591560225702b3/images/1-1/1-1-3-1-1.jpg	/mirror/06/06e443a28fca9037fa6a74da33f6e707faa5f3b8.webp
https://raw.githubusercontent.com/didilili/ai-agents-from-zero/ea7f28ffe0b2c2650e3936f3bb591560225702b3/images/1-1/1-1-3-2-1.jpg	/mirror/ad/adfb94d758123cf56addf922573dd17b39d0a747.webp
https://raw.githubusercontent.com/didilili/ai-agents-from-zero/ea7f28ffe0b2c2650e3936f3bb591560225702b3/images/1-1/1-1-3-2-10.jpg	/mirror/05/05171f888ffdadbd78665dd93ecbcd8668e73671.webp
https://raw.githubusercontent.com/didilili/ai-agents-from-zero/ea7f28ffe0b2c2650e3936f3bb591560225702b3/images/1-1/1-1-3-2-11.jpg	/mirror/6d/6d170b365c9e6575bd77b57a47030c15959f3d18.webp
https://raw.githubusercontent.com/didilili/ai-agents-from-zero/ea7f28ffe0b2c2650e3936f3bb591560225702b3/images/1-1/1-1-3-2-12.jpg	/mirror/18/1881fc0a5687fcd7c79f1ef347c929a8342b4903.webp
https://raw.githubusercontent.com/didilili/ai-agents-from-zero/ea7f28ffe0b2c2650e3936f3bb591560225702b3/images/1-1/1-1-3-2-2.jpg	/mirror/7f/7fa06a5237001870a77ca21f9ba058533e470441.webp
https://raw.githubusercontent.com/didilili/ai-agents-from-zero/ea7f28ffe0b2c2650e3936f3bb591560225702b3/images/1-1/1-1-3-2-3.png	/mirror/60/605202822ed7515935d22aafc4b18013e7550daf.webp
https://raw.githubusercontent.com/didilili/ai-agents-from-zero/ea7f28ffe0b2c2650e3936f3bb591560225702b3/images/1-1/1-1-3-2-4.jpg	/mirror/92/92acd5211a1c97c9d54e42140b791b5f33f87cb9.webp
https://raw.githubusercontent.com/didilili/ai-agents-from-zero/ea7f28ffe0b2c2650e3936f3bb591560225702b3/images/1-1/1-1-3-2-5.png	/mirror/bd/bd12be0a493831a3aa9a8a269232efa37af0b480.webp
https://raw.githubusercontent.com/didilili/ai-agents-from-zero/ea7f28ffe0b2c2650e3936f3bb591560225702b3/images/1-1/1-1-3-2-6.jpg	/mirror/8c/8c4c75221699378863a7fa5f90540c37a927a4af.webp
https://raw.githubusercontent.com/didilili/ai-agents-from-zero/ea7f28ffe0b2c2650e3936f3bb591560225702b3/images/1-1/1-1-3-2-7.jpg	/mirror/27/272d3d00c5c505c3b0440fae41cb14514116d141.webp
https://raw.githubusercontent.com/didilili/ai-agents-from-zero/ea7f28ffe0b2c2650e3936f3bb591560225702b3/images/1-1/1-1-3-2-8.png	/mirror/61/61d9cacd69e39ee501f19c51d31ed55133a68693.webp
https://raw.githubusercontent.com/didilili/ai-agents-from-zero/ea7f28ffe0b2c2650e3936f3bb591560225702b3/images/1-1/1-1-3-2-9.jpg	/mirror/6c/6cf00f2e37ecd79c5c832d618cae24498a65dbc0.webp
https://raw.githubusercontent.com/didilili/ai-agents-from-zero/ea7f28ffe0b2c2650e3936f3bb591560225702b3/images/1-1/1-1-4-2-1.png	/mirror/45/45a966d70888ee4fabfc41678f9292341f0c11b1.webp
https://raw.githubusercontent.com/didilili/ai-agents-from-zero/ea7f28ffe0b2c2650e3936f3bb591560225702b3/images/1-1/1-1-4-2-2.jpg	/mirror/c9/c9f4dfa8b07cbc312e14082d66754188a3d6c19f.webp
https://raw.githubusercontent.com/didilili/ai-agents-from-zero/ea7f28ffe0b2c2650e3936f3bb591560225702b3/images/1-1/1-1-4-3-1.jpg	/mirror/4f/4f0a5bc75cd79640804aa71aeb52b8485f6a2566.webp
https://raw.githubusercontent.com/didilili/ai-agents-from-zero/ea7f28ffe0b2c2650e3936f3bb591560225702b3/images/1-2/1-2-1-1-1.jpg	/mirror/cb/cbbf4a2753e4a371dd301ec7d8a7d30f854133de.webp
https://raw.githubusercontent.com/didilili/ai-agents-from-zero/ea7f28ffe0b2c2650e3936f3bb591560225702b3/images/1-2/1-2-1-2-1.png	/mirror/da/daffd74d960e51b5db3732eacd9f99adc1cf87bb.webp
https://raw.githubusercontent.com/didilili/ai-agents-from-zero/ea7f28ffe0b2c2650e3936f3bb591560225702b3/images/1-2/1-2-1-3-1.png	/mirror/88/8811709643983c3d54111be29df3ce57fa70dc7a.webp
https://raw.githubusercontent.com/didilili/ai-agents-from-zero/ea7f28ffe0b2c2650e3936f3bb591560225702b3/images/1-2/1-2-1-5-1.png	/mirror/73/730b1b258b02b7cd62b04a578965f83986477309.webp
https://raw.githubusercontent.com/didilili/ai-agents-from-zero/ea7f28ffe0b2c2650e3936f3bb591560225702b3/images/1-2/1-2-2-2-1.jpg	/mirror/87/872111b415faeb82bd16537afc35b464c7edcdca.webp
https://raw.githubusercontent.com/didilili/ai-agents-from-zero/ea7f28ffe0b2c2650e3936f3bb591560225702b3/images/1-2/1-2-2-4-1.png	/mirror/13/13484df3b8eeeec8a8cfcc1a544fa0e4ae4a0f22.webp
https://raw.githubusercontent.com/didilili/ai-agents-from-zero/ea7f28ffe0b2c2650e3936f3bb591560225702b3/images/1-2/1-2-2-4-2.jpg	/mirror/5f/5f56b5e3b5005c0c3363df71a133ed0ae10b1710.webp
https://raw.githubusercontent.com/didilili/ai-agents-from-zero/ea7f28ffe0b2c2650e3936f3bb591560225702b3/images/1-2/1-2-2-4-3.jpg	/mirror/46/4606bbd5f16ff42a2a612cf46d1d93d03a6b9184.webp
https://raw.githubusercontent.com/didilili/ai-agents-from-zero/ea7f28ffe0b2c2650e3936f3bb591560225702b3/images/1-2/1-2-3-3-1.jpg	/mirror/a6/a6e13b839cf8a0c41457cc8cd06647f4e521db49.webp
https://raw.githubusercontent.com/didilili/ai-agents-from-zero/ea7f28ffe0b2c2650e3936f3bb591560225702b3/images/1-3/1-3-1-1-1.png	/mirror/38/384a7ab766774851e2f77f54a829c796e653eff8.webp
https://raw.githubusercontent.com/didilili/ai-agents-from-zero/ea7f28ffe0b2c2650e3936f3bb591560225702b3/images/1-3/1-3-2-1-1.png	/mirror/d7/d776e23ee11476267cf84920ee82f0a9eb4c9d85.webp
https://raw.githubusercontent.com/didilili/ai-agents-from-zero/ea7f28ffe0b2c2650e3936f3bb591560225702b3/images/1-3/1-3-3-6-1.png	/mirror/43/43cb51a4ad0f83078e588b599fc6ab50c27923e8.webp
https://raw.githubusercontent.com/didilili/ai-agents-from-zero/ea7f28ffe0b2c2650e3936f3bb591560225702b3/images/1-3/1-3-5-1-1.jpg	/mirror/45/450ac9502f3691c71ef985deaa7e683350a51c89.webp
https://raw.githubusercontent.com/didilili/ai-agents-from-zero/ea7f28ffe0b2c2650e3936f3bb591560225702b3/images/1-3/1-3-5-3-1.jpg	/mirror/95/95f2b8fa626132508ac3fe52126d6ee4201ea4ac.webp
https://raw.githubusercontent.com/didilili/ai-agents-from-zero/ea7f28ffe0b2c2650e3936f3bb591560225702b3/images/1-3/1-3-5-3-2.jpg	/mirror/77/77284aaa2baf00f9ea84321fc366e965f0ee88ba.webp
https://raw.githubusercontent.com/didilili/ai-agents-from-zero/ea7f28ffe0b2c2650e3936f3bb591560225702b3/images/1-3/1-3-5-3-3.jpg	/mirror/c3/c3f2628370f806a199e9ea86e4488e8c125ecce4.webp
https://raw.githubusercontent.com/didilili/ai-agents-from-zero/ea7f28ffe0b2c2650e3936f3bb591560225702b3/images/1-3/1-3-5-3-4.jpg	/mirror/d0/d04688d838f9769d54f4bb12afc0d6faa720aed1.webp
https://raw.githubusercontent.com/didilili/ai-agents-from-zero/ea7f28ffe0b2c2650e3936f3bb591560225702b3/images/1-3/1-3-5-5-1.jpg	/mirror/0a/0a28f56c168b55a2cf48d0224a6e66d68751ee67.webp
https://raw.githubusercontent.com/didilili/ai-agents-from-zero/ea7f28ffe0b2c2650e3936f3bb591560225702b3/images/10/10-1-1-1.png	/mirror/48/481c7c7b50049b55dd0a19f65651ceacc55e6ab3.webp
https://raw.githubusercontent.com/didilili/ai-agents-from-zero/ea7f28ffe0b2c2650e3936f3bb591560225702b3/images/10/10-3-3-1.png	/mirror/59/590fc544365302cd578c9ab98cba4fe6234f8b45.webp
https://raw.githubusercontent.com/didilili/ai-agents-from-zero/ea7f28ffe0b2c2650e3936f3bb591560225702b3/images/10/10-4-1-1.jpeg	/mirror/fe/fecbe3e31e02cd3448e10f2eae66500779aec414.webp
https://raw.githubusercontent.com/didilili/ai-agents-from-zero/ea7f28ffe0b2c2650e3936f3bb591560225702b3/images/10/10-4-1-2.jpeg	/mirror/e0/e0f6fc28ec22faf289d5e57d1443254df8294362.webp
https://raw.githubusercontent.com/didilili/ai-agents-from-zero/ea7f28ffe0b2c2650e3936f3bb591560225702b3/images/10/10-4-1-3.jpeg	/mirror/ac/ac12d4d5ee5b83b0d1fd99ba385cfaaa3a149cd6.webp
https://raw.githubusercontent.com/didilili/ai-agents-from-zero/ea7f28ffe0b2c2650e3936f3bb591560225702b3/images/10/10-4-1-4.jpeg	/mirror/54/54a99a7bdc42383f05b734fb811d21981a4c5da2.webp
https://raw.githubusercontent.com/didilili/ai-agents-from-zero/ea7f28ffe0b2c2650e3936f3bb591560225702b3/images/10/10-4-1-5.jpeg	/mirror/94/945b9324188d534bf3ee77ef7462220fd062f02e.webp
https://raw.githubusercontent.com/didilili/ai-agents-from-zero/ea7f28ffe0b2c2650e3936f3bb591560225702b3/images/10/10-5-2-1.jpeg	/mirror/fe/fee6967aa5bee0a8cadc92f0a3903801ef901b31.webp
https://raw.githubusercontent.com/didilili/ai-agents-from-zero/ea7f28ffe0b2c2650e3936f3bb591560225702b3/images/10/10-5-2-2.jpeg	/mirror/21/21db47f6386afbc28bc6ca17c3b01638b7344835.webp
https://raw.githubusercontent.com/didilili/ai-agents-from-zero/ea7f28ffe0b2c2650e3936f3bb591560225702b3/images/10/10-5-2-3.jpeg	/mirror/35/35abbc1e4ac99e84bb1fe5613100087079540b46.webp
https://raw.githubusercontent.com/didilili/ai-agents-from-zero/ea7f28ffe0b2c2650e3936f3bb591560225702b3/images/11/11-1-1-1.png	/mirror/39/39ef9bd487201fa292bba5e27526bb1a00b27ae4.webp
https://raw.githubusercontent.com/didilili/ai-agents-from-zero/ea7f28ffe0b2c2650e3936f3bb591560225702b3/images/11/11-2-1-1.svg	/mirror/53/5381f7f693a6bc109e8ce91ae6a39b93fc0e618d.svg
https://raw.githubusercontent.com/didilili/ai-agents-from-zero/ea7f28ffe0b2c2650e3936f3bb591560225702b3/images/11/11-2-5-1.jpeg	/mirror/ac/ac8fa031326474a32f64bb102656a0100ab8d454.webp
https://raw.githubusercontent.com/didilili/ai-agents-from-zero/ea7f28ffe0b2c2650e3936f3bb591560225702b3/images/11/11-3-8-1.svg	/mirror/cc/cc8c966e24a10f3ed46573a912d333dec56c89a9.svg
https://raw.githubusercontent.com/didilili/ai-agents-from-zero/ea7f28ffe0b2c2650e3936f3bb591560225702b3/images/12/12-1-1-1.png	/mirror/5d/5d7ef51824b41c551c388171e32c03fcb8810fab.webp
https://raw.githubusercontent.com/didilili/ai-agents-from-zero/ea7f28ffe0b2c2650e3936f3bb591560225702b3/images/12/12-2-4-1.gif	/mirror/bd/bd21c0f49c49e47bf7a878235ac14c5be50063b4.webp
https://raw.githubusercontent.com/didilili/ai-agents-from-zero/ea7f28ffe0b2c2650e3936f3bb591560225702b3/images/12/12-2-5-1.jpeg	/mirror/38/381aaaf989735594f53dc5138b9c53619a1d1644.webp
https://raw.githubusercontent.com/didilili/ai-agents-from-zero/ea7f28ffe0b2c2650e3936f3bb591560225702b3/images/12/12-2-6-1.jpeg	/mirror/35/35916a00d297858fdb17bb43538743391ff5ceb1.webp
https://raw.githubusercontent.com/didilili/ai-agents-from-zero/ea7f28ffe0b2c2650e3936f3bb591560225702b3/images/12/12-2-7-1.png	/mirror/a6/a617aeaf65553da8299eeedb87f2462273572495.webp
https://raw.githubusercontent.com/didilili/ai-agents-from-zero/ea7f28ffe0b2c2650e3936f3bb591560225702b3/images/12/12-2-7-2.png	/mirror/d8/d88f9c17dd3c2be077ebd0e106c651a13db3fd94.webp
https://raw.githubusercontent.com/didilili/ai-agents-from-zero/ea7f28ffe0b2c2650e3936f3bb591560225702b3/images/12/12-5-1-1.png	/mirror/71/71dfe8d048a5cc88509d251c329552c141215130.webp
https://raw.githubusercontent.com/didilili/ai-agents-from-zero/ea7f28ffe0b2c2650e3936f3bb591560225702b3/images/13/13-1-1-1.jpeg	/mirror/79/790a1dc96d6237c96232692ac1b7e3db90fd2c70.webp
https://raw.githubusercontent.com/didilili/ai-agents-from-zero/ea7f28ffe0b2c2650e3936f3bb591560225702b3/images/13/13-2-1-1.png	/mirror/4a/4afe588ae22788f21c81eac21118d047b5f4e4ec.webp
https://raw.githubusercontent.com/didilili/ai-agents-from-zero/ea7f28ffe0b2c2650e3936f3bb591560225702b3/images/13/13-7-5-1.svg	/mirror/27/27f63cc398f8233ea844258698913ba870d9fc95.svg
https://raw.githubusercontent.com/didilili/ai-agents-from-zero/ea7f28ffe0b2c2650e3936f3bb591560225702b3/images/14/14-1-1-1.jpeg	/mirror/08/08f823670d297e011b9450f5049eafbe19fbdc92.webp
https://raw.githubusercontent.com/didilili/ai-agents-from-zero/ea7f28ffe0b2c2650e3936f3bb591560225702b3/images/14/14-4-1-1.svg	/mirror/ee/ee26a7a617ad25dc6a1d438497dfaa1978431f08.svg
https://raw.githubusercontent.com/didilili/ai-agents-from-zero/ea7f28ffe0b2c2650e3936f3bb591560225702b3/images/15/15-1-1-1.jpeg	/mirror/74/742905ce5d8f40970b7468512f4b8b760f969ef8.webp
https://raw.githubusercontent.com/didilili/ai-agents-from-zero/ea7f28ffe0b2c2650e3936f3bb591560225702b3/images/15/15-4-5-1.svg	/mirror/db/dbbdbdfbd54073db4e1595d7196d4fb09d7c403b.svg
https://raw.githubusercontent.com/didilili/ai-agents-from-zero/ea7f28ffe0b2c2650e3936f3bb591560225702b3/images/16/16-1-1-1.jpeg	/mirror/a2/a29d348d2ad8be45971dc0c0625df3dfa3b12856.webp
https://raw.githubusercontent.com/didilili/ai-agents-from-zero/ea7f28ffe0b2c2650e3936f3bb591560225702b3/images/16/16-1-1-2.jpeg	/mirror/19/197372351fb3bf8892c314293f94b81b4e91738a.webp
https://raw.githubusercontent.com/didilili/ai-agents-from-zero/ea7f28ffe0b2c2650e3936f3bb591560225702b3/images/16/16-3-1-1.jpeg	/mirror/67/67322bf1c5b1ba6dc544dbb27d3834ece116a93b.webp
https://raw.githubusercontent.com/didilili/ai-agents-from-zero/ea7f28ffe0b2c2650e3936f3bb591560225702b3/images/16/16-5-2-1.jpeg	/mirror/d1/d1cb94f79fa992d5379daa258af65b17ae22ec07.webp
https://raw.githubusercontent.com/didilili/ai-agents-from-zero/ea7f28ffe0b2c2650e3936f3bb591560225702b3/images/16/16-5-2-2.png	/mirror/8b/8b99901c18e304eb3e8637bb4c2ce4cb70559c00.webp
https://raw.githubusercontent.com/didilili/ai-agents-from-zero/ea7f28ffe0b2c2650e3936f3bb591560225702b3/images/17/17-1-2-1.jpeg	/mirror/1e/1efc1de73bcdc8a262dcb7bc4a581827591d0b2b.webp
https://raw.githubusercontent.com/didilili/ai-agents-from-zero/ea7f28ffe0b2c2650e3936f3bb591560225702b3/images/17/17-2-1-1.jpeg	/mirror/45/451a77d4cab1d98b84d44513e60f98850d586715.webp
https://raw.githubusercontent.com/didilili/ai-agents-from-zero/ea7f28ffe0b2c2650e3936f3bb591560225702b3/images/17/17-2-1-2.svg	/mirror/2d/2df91a5c7d250f2a94d03a7fc6d9b2c04a158a27.svg
https://raw.githubusercontent.com/didilili/ai-agents-from-zero/ea7f28ffe0b2c2650e3936f3bb591560225702b3/images/17/17-3-1-1.jpeg	/mirror/7c/7caf0fd0f03e554e0da65a5fd65ec1bede7c23f0.webp
https://raw.githubusercontent.com/didilili/ai-agents-from-zero/ea7f28ffe0b2c2650e3936f3bb591560225702b3/images/17/17-3-3-1.jpeg	/mirror/c2/c254fb0580ec24443ec2b10beeccdc876e49da00.webp
https://raw.githubusercontent.com/didilili/ai-agents-from-zero/ea7f28ffe0b2c2650e3936f3bb591560225702b3/images/17/17-5-1-1.png	/mirror/56/565f52cec56d94a74a0f2f7d0ac96aaad5a31a05.webp
https://raw.githubusercontent.com/didilili/ai-agents-from-zero/ea7f28ffe0b2c2650e3936f3bb591560225702b3/images/17/17-5-3-1.jpeg	/mirror/c9/c9a594d9e346b242ff9b55ef31c3dff7a2d10854.webp
https://raw.githubusercontent.com/didilili/ai-agents-from-zero/ea7f28ffe0b2c2650e3936f3bb591560225702b3/images/18/18-1-2-1.jpeg	/mirror/c3/c367bb182f38b86e37ba450a2e8c96ef53919366.webp
https://raw.githubusercontent.com/didilili/ai-agents-from-zero/ea7f28ffe0b2c2650e3936f3bb591560225702b3/images/18/18-1-5-1.jpeg	/mirror/71/712f391db1235627936285e881efcbb08c12a7c2.webp
https://raw.githubusercontent.com/didilili/ai-agents-from-zero/ea7f28ffe0b2c2650e3936f3bb591560225702b3/images/18/18-1-5-2.jpeg	/mirror/bb/bbb4aa72c8329c4bacfa9cbae31f5f7d4889f1c5.webp
https://raw.githubusercontent.com/didilili/ai-agents-from-zero/ea7f28ffe0b2c2650e3936f3bb591560225702b3/images/18/18-2-2-1.png	/mirror/53/53eec70dda91726246f74316b936d434dadf49b2.webp
https://raw.githubusercontent.com/didilili/ai-agents-from-zero/ea7f28ffe0b2c2650e3936f3bb591560225702b3/images/18/18-2-4-1.png	/mirror/2e/2e04d8088babf1c4fab882757e1e8875ff23e0bb.webp
https://raw.githubusercontent.com/didilili/ai-agents-from-zero/ea7f28ffe0b2c2650e3936f3bb591560225702b3/images/18/18-2-6-1.jpeg	/mirror/9f/9fdcc8109d047c81b99c67a9acc8985ae28ab5dc.webp
https://raw.githubusercontent.com/didilili/ai-agents-from-zero/ea7f28ffe0b2c2650e3936f3bb591560225702b3/images/18/18-5-3-1.png	/mirror/a0/a0cb533ba8eb25afb987129adcb5f912c65d0377.webp
https://raw.githubusercontent.com/didilili/ai-agents-from-zero/ea7f28ffe0b2c2650e3936f3bb591560225702b3/images/18/18-6-1-1.jpg	/mirror/fc/fcbfe8e8723ea76eabf10ed1fce6d738385581ae.webp
https://raw.githubusercontent.com/didilili/ai-agents-from-zero/ea7f28ffe0b2c2650e3936f3bb591560225702b3/images/19/19-1-3-1.png	/mirror/c7/c776fe49a93c8c95020372fa7b506b93d0cd16dd.webp
https://raw.githubusercontent.com/didilili/ai-agents-from-zero/ea7f28ffe0b2c2650e3936f3bb591560225702b3/images/19/19-1-3-2.png	/mirror/54/541c2591f2f0f17a7caa9eb828b665bf29fcb52d.webp
https://raw.githubusercontent.com/didilili/ai-agents-from-zero/ea7f28ffe0b2c2650e3936f3bb591560225702b3/images/19/19-1-3-3.png	/mirror/1a/1ac15f9940d4ae082e041c2cb31a0976e0899df1.webp
https://raw.githubusercontent.com/didilili/ai-agents-from-zero/ea7f28ffe0b2c2650e3936f3bb591560225702b3/images/19/19-2-1-1.svg	/mirror/7f/7fe6ae59de543e839914e0f36454d868263b0952.svg
https://raw.githubusercontent.com/didilili/ai-agents-from-zero/ea7f28ffe0b2c2650e3936f3bb591560225702b3/images/19/19-2-2-1.jpeg	/mirror/da/da4ff9a6229f40a80ab3c4200dcd291eb46bd8c8.webp
https://raw.githubusercontent.com/didilili/ai-agents-from-zero/ea7f28ffe0b2c2650e3936f3bb591560225702b3/images/19/19-2-3-1.png	/mirror/af/af0de6d8764d0c15234aea30cd2d83c120b3696a.webp
https://raw.githubusercontent.com/didilili/ai-agents-from-zero/ea7f28ffe0b2c2650e3936f3bb591560225702b3/images/19/19-2-4-1.png	/mirror/f7/f767671762f0f9f58d3937652dc69560782d1a9c.webp
https://raw.githubusercontent.com/didilili/ai-agents-from-zero/ea7f28ffe0b2c2650e3936f3bb591560225702b3/images/19/19-2-4-2.png	/mirror/a8/a8910d3c19fdb2eb2c05146d21d98ed6e81f0d4e.webp
https://raw.githubusercontent.com/didilili/ai-agents-from-zero/ea7f28ffe0b2c2650e3936f3bb591560225702b3/images/2/2-1-2-1.png	/mirror/59/592692ac6dadf5853b3daf57efc29b0671fca54e.webp
https://raw.githubusercontent.com/didilili/ai-agents-from-zero/ea7f28ffe0b2c2650e3936f3bb591560225702b3/images/2/2-1-2-2.png	/mirror/a6/a6be0acce3bae253cd591e2a94eb80c1e704ccef.webp
https://raw.githubusercontent.com/didilili/ai-agents-from-zero/ea7f28ffe0b2c2650e3936f3bb591560225702b3/images/2/2-1-3-1.png	/mirror/fc/fcf9fd70a3e834e30a86648981879f683ba86d3f.webp
https://raw.githubusercontent.com/didilili/ai-agents-from-zero/ea7f28ffe0b2c2650e3936f3bb591560225702b3/images/2/2-1-3-2.png	/mirror/b9/b97d3f071d9a22fa7511d263243d92b4f6af7cbc.webp
https://raw.githubusercontent.com/didilili/ai-agents-from-zero/ea7f28ffe0b2c2650e3936f3bb591560225702b3/images/2/2-1-3-3.png	/mirror/3a/3a0407cf1724481290ffa2cc2e7868e06faccee4.webp
https://raw.githubusercontent.com/didilili/ai-agents-from-zero/ea7f28ffe0b2c2650e3936f3bb591560225702b3/images/2/2-2-2-1.png	/mirror/a9/a9b302e913cc7fab0fe01bb9a2ea56efc17f6254.webp
https://raw.githubusercontent.com/didilili/ai-agents-from-zero/ea7f28ffe0b2c2650e3936f3bb591560225702b3/images/2/2-3-1-1.png	/mirror/20/207efb5fe1e804322ab8007d4bc4b9c1cfae4266.webp
https://raw.githubusercontent.com/didilili/ai-agents-from-zero/ea7f28ffe0b2c2650e3936f3bb591560225702b3/images/2/2-3-1-2.png	/mirror/7c/7c7f21368611446facf43adedee577850d2114ab.webp
https://raw.githubusercontent.com/didilili/ai-agents-from-zero/ea7f28ffe0b2c2650e3936f3bb591560225702b3/images/2/2-3-1-3.png	/mirror/22/22dd1af7e983f638355bf49ab196c57fad4dd55c.webp
https://raw.githubusercontent.com/didilili/ai-agents-from-zero/ea7f28ffe0b2c2650e3936f3bb591560225702b3/images/2/2-3-2-1.png	/mirror/87/874b19dc22a52cd713c895750ded238609fb8453.webp
https://raw.githubusercontent.com/didilili/ai-agents-from-zero/ea7f28ffe0b2c2650e3936f3bb591560225702b3/images/2/2-3-2-2.png	/mirror/82/825ae1f06fcb8a35ba936d818a465183c1bd73cc.webp
https://raw.githubusercontent.com/didilili/ai-agents-from-zero/ea7f28ffe0b2c2650e3936f3bb591560225702b3/images/2/2-3-2-3.png	/mirror/5c/5c804c22a90e7a908a618be40428920cc9030aba.webp
https://raw.githubusercontent.com/didilili/ai-agents-from-zero/ea7f28ffe0b2c2650e3936f3bb591560225702b3/images/2/2-3-2-4.png	/mirror/ab/ab12f4b748983edbc61b7375891fa351c8c8dbaa.webp
https://raw.githubusercontent.com/didilili/ai-agents-from-zero/ea7f28ffe0b2c2650e3936f3bb591560225702b3/images/2/2-3-3-1.png	/mirror/be/be080c0dae839efbb42a464c868740b39d040299.webp
https://raw.githubusercontent.com/didilili/ai-agents-from-zero/ea7f28ffe0b2c2650e3936f3bb591560225702b3/images/2/2-3-3-2.png	/mirror/be/beb48f25a58541dcaf49d94c1e9ac3d73a35a40d.webp
https://raw.githubusercontent.com/didilili/ai-agents-from-zero/ea7f28ffe0b2c2650e3936f3bb591560225702b3/images/2/2-3-3-3.png	/mirror/32/32f0edda21f844638f28fe4fce2a6637acf90a52.webp
https://raw.githubusercontent.com/didilili/ai-agents-from-zero/ea7f28ffe0b2c2650e3936f3bb591560225702b3/images/2/2-3-3-4.png	/mirror/16/161595c41dc468938459f78c75d5f862757e7402.webp
https://raw.githubusercontent.com/didilili/ai-agents-from-zero/ea7f28ffe0b2c2650e3936f3bb591560225702b3/images/2/2-3-3-5.png	/mirror/cb/cb41c8d6ec18bbd849ba132cf0c4c44b2da73c44.webp
https://raw.githubusercontent.com/didilili/ai-agents-from-zero/ea7f28ffe0b2c2650e3936f3bb591560225702b3/images/2/2-3-3-6.png	/mirror/f2/f20636c44f7fb5b0ba215b5fbf52e27d1829364b.webp
https://raw.githubusercontent.com/didilili/ai-agents-from-zero/ea7f28ffe0b2c2650e3936f3bb591560225702b3/images/2/2-3-3-7.png	/mirror/f9/f9cb690696eaab4b6f049e6103026933bd8351ec.webp
https://raw.githubusercontent.com/didilili/ai-agents-from-zero/ea7f28ffe0b2c2650e3936f3bb591560225702b3/images/2/2-3-3-8.png	/mirror/40/403685191b2a932b4538956ae55be7f3bf702cdb.webp
https://raw.githubusercontent.com/didilili/ai-agents-from-zero/ea7f28ffe0b2c2650e3936f3bb591560225702b3/images/2/2-3-4-1.jpg	/mirror/11/111f6b237cbfba3ccc57300486ae23c1be306002.webp
https://raw.githubusercontent.com/didilili/ai-agents-from-zero/ea7f28ffe0b2c2650e3936f3bb591560225702b3/images/2/2-4-2-1.png	/mirror/c2/c2a67f81859bdf4cf9584e02ac2719cc6c862b5e.webp
https://raw.githubusercontent.com/didilili/ai-agents-from-zero/ea7f28ffe0b2c2650e3936f3bb591560225702b3/images/2/2-4-2-2.png	/mirror/0b/0bce1ee04704d0884ea29b4a7e710a643df9d47d.webp
https://raw.githubusercontent.com/didilili/ai-agents-from-zero/ea7f28ffe0b2c2650e3936f3bb591560225702b3/images/2/2-4-2-3.png	/mirror/11/112090919e1a21a8bccfe0ef4bfb883b36407925.webp
https://raw.githubusercontent.com/didilili/ai-agents-from-zero/ea7f28ffe0b2c2650e3936f3bb591560225702b3/images/2/2-4-2-4.png	/mirror/7f/7fe16b40e04d6cdc8bef9b47b69feef3caf72b12.webp
https://raw.githubusercontent.com/didilili/ai-agents-from-zero/ea7f28ffe0b2c2650e3936f3bb591560225702b3/images/2/2-4-2-5.png	/mirror/3c/3c59476b4db1f60ce770e43d334e55a5a0e826f6.webp
https://raw.githubusercontent.com/didilili/ai-agents-from-zero/ea7f28ffe0b2c2650e3936f3bb591560225702b3/images/2/2-4-3-1.png	/mirror/f6/f6a6fc4acf4a4ced981efb266d65b994e7e8e247.webp
https://raw.githubusercontent.com/didilili/ai-agents-from-zero/ea7f28ffe0b2c2650e3936f3bb591560225702b3/images/2/2-4-3-2.png	/mirror/dc/dcd2c9a38c0235c0850fa92aba455946a1aa76fc.webp
https://raw.githubusercontent.com/didilili/ai-agents-from-zero/ea7f28ffe0b2c2650e3936f3bb591560225702b3/images/2/2-4-4-1.png	/mirror/b4/b4024808dc286242fc8d45910de28af8f29fa9f2.webp
https://raw.githubusercontent.com/didilili/ai-agents-from-zero/ea7f28ffe0b2c2650e3936f3bb591560225702b3/images/2/2-4-4-2.png	/mirror/11/11881b4b2d34d4cde6647b4dfeb443f627a070c5.webp
https://raw.githubusercontent.com/didilili/ai-agents-from-zero/ea7f28ffe0b2c2650e3936f3bb591560225702b3/images/2/2-5-3-1.png	/mirror/65/65cc6769e24d9a41a6840e9e1faf3c892c843633.webp
https://raw.githubusercontent.com/didilili/ai-agents-from-zero/ea7f28ffe0b2c2650e3936f3bb591560225702b3/images/2/2-5-3-2.png	/mirror/5a/5ad9b3995de1444c53004c227602e39365303dee.webp
https://raw.githubusercontent.com/didilili/ai-agents-from-zero/ea7f28ffe0b2c2650e3936f3bb591560225702b3/images/2/2-5-3-3.png	/mirror/e2/e266a9194faac4e8b6f133dea35ff772e811d735.webp
https://raw.githubusercontent.com/didilili/ai-agents-from-zero/ea7f28ffe0b2c2650e3936f3bb591560225702b3/images/2/2-5-3-4.png	/mirror/7f/7f0cf499cd6016142e4c720d222061eefbf3c444.webp
https://raw.githubusercontent.com/didilili/ai-agents-from-zero/ea7f28ffe0b2c2650e3936f3bb591560225702b3/images/2/2-5-3-5.png	/mirror/41/41938b475fecf4415b8efacefc438b9043168cfa.webp
https://raw.githubusercontent.com/didilili/ai-agents-from-zero/ea7f28ffe0b2c2650e3936f3bb591560225702b3/images/2/2-5-3-6.png	/mirror/cf/cfa4d0e1895bf676796ca3dd862492f4b9b63d34.webp
https://raw.githubusercontent.com/didilili/ai-agents-from-zero/ea7f28ffe0b2c2650e3936f3bb591560225702b3/images/2/2-5-4-1.png	/mirror/32/3221c2b24c410c5f824c4df68ba25cd0a9cd3029.webp
https://raw.githubusercontent.com/didilili/ai-agents-from-zero/ea7f28ffe0b2c2650e3936f3bb591560225702b3/images/20/20-1-1-1.jpeg	/mirror/60/604d78bcf5e5a6c9498fbce96f91a27cc16afed8.webp
https://raw.githubusercontent.com/didilili/ai-agents-from-zero/ea7f28ffe0b2c2650e3936f3bb591560225702b3/images/20/20-1-3-1.jpeg	/mirror/2d/2dda6c24f2601f32d19c6cd21875b0c6d2945c52.webp
https://raw.githubusercontent.com/didilili/ai-agents-from-zero/ea7f28ffe0b2c2650e3936f3bb591560225702b3/images/20/20-3-1-1.jpeg	/mirror/4a/4a1c786d1770b22ac9cf8672df2d8d0a7718493b.webp
https://raw.githubusercontent.com/didilili/ai-agents-from-zero/ea7f28ffe0b2c2650e3936f3bb591560225702b3/images/20/20-3-1-2.jpeg	/mirror/11/11ce2d1e07b978618c60bbf52bbf59395bbebfba.webp
https://raw.githubusercontent.com/didilili/ai-agents-from-zero/ea7f28ffe0b2c2650e3936f3bb591560225702b3/images/20/20-4-1-1.jpeg	/mirror/bc/bcd472753b904d98875a48e8f4430e2019d17bab.webp
https://raw.githubusercontent.com/didilili/ai-agents-from-zero/ea7f28ffe0b2c2650e3936f3bb591560225702b3/images/20/20-5-1-1.jpeg	/mirror/77/77c0d23f1d60e852c7c31946e6e716f6f616b97a.webp
https://raw.githubusercontent.com/didilili/ai-agents-from-zero/ea7f28ffe0b2c2650e3936f3bb591560225702b3/images/20/20-5-1-2.jpeg	/mirror/ec/ec5b0a67bb5cb50c7e96bc65349a7e5bf3abe357.webp
https://raw.githubusercontent.com/didilili/ai-agents-from-zero/ea7f28ffe0b2c2650e3936f3bb591560225702b3/images/20/20-5-3-1.jpeg	/mirror/73/733b697ee73282932c53513947bb342f79a1fa57.webp
https://raw.githubusercontent.com/didilili/ai-agents-from-zero/ea7f28ffe0b2c2650e3936f3bb591560225702b3/images/21/21-1-1-1.jpeg	/mirror/45/45ac15310449e7fb46c0c659bfb200b50447d555.webp
https://raw.githubusercontent.com/didilili/ai-agents-from-zero/ea7f28ffe0b2c2650e3936f3bb591560225702b3/images/21/21-1-1-2.png	/mirror/b1/b12f2c03488947c5cff47c339053f680780978ed.webp
https://raw.githubusercontent.com/didilili/ai-agents-from-zero/ea7f28ffe0b2c2650e3936f3bb591560225702b3/images/21/21-1-2-1.jpeg	/mirror/cd/cd2e766d5408d53c5f0315655069a63294cfb232.webp
https://raw.githubusercontent.com/didilili/ai-agents-from-zero/ea7f28ffe0b2c2650e3936f3bb591560225702b3/images/21/21-3-2-1.jpeg	/mirror/b3/b3644c4375b37cf6c6df8e1cc41ed21799d15d6e.webp
https://raw.githubusercontent.com/didilili/ai-agents-from-zero/ea7f28ffe0b2c2650e3936f3bb591560225702b3/images/21/21-4-1-1.png	/mirror/c4/c45e687f785c4117f588e22a9478e05bf1811324.webp
https://raw.githubusercontent.com/didilili/ai-agents-from-zero/ea7f28ffe0b2c2650e3936f3bb591560225702b3/images/21/21-4-4-1.png	/mirror/fe/fe134e099e268d6fc4bf8f2fab35b5fbf670cae6.webp
https://raw.githubusercontent.com/didilili/ai-agents-from-zero/ea7f28ffe0b2c2650e3936f3bb591560225702b3/images/21/21-4-8-1.png	/mirror/f5/f51a98064b048cf629c57e22bd1a91f532f45779.webp
https://raw.githubusercontent.com/didilili/ai-agents-from-zero/ea7f28ffe0b2c2650e3936f3bb591560225702b3/images/3/3-1-1-1.png	/mirror/00/0090359b7fc21863ca3a17b2cb7506d7e2d5615a.webp
https://raw.githubusercontent.com/didilili/ai-agents-from-zero/ea7f28ffe0b2c2650e3936f3bb591560225702b3/images/3/3-1-1-2.png	/mirror/48/48ed26b9bc7aa38cf18dd84495cc7d67fb7448ee.webp
https://raw.githubusercontent.com/didilili/ai-agents-from-zero/ea7f28ffe0b2c2650e3936f3bb591560225702b3/images/3/3-1-1-3.png	/mirror/ad/ad793a3323b698ab7a96e135bd2e93fe2c1c7278.webp
https://raw.githubusercontent.com/didilili/ai-agents-from-zero/ea7f28ffe0b2c2650e3936f3bb591560225702b3/images/3/3-1-1-4.png	/mirror/b8/b816e01a00afdf8d835aad2c74dea038bf88cf47.webp
https://raw.githubusercontent.com/didilili/ai-agents-from-zero/ea7f28ffe0b2c2650e3936f3bb591560225702b3/images/3/3-1-1-5.png	/mirror/e7/e750f1a698edd4d986147c6971c28023d9ddf495.webp
https://raw.githubusercontent.com/didilili/ai-agents-from-zero/ea7f28ffe0b2c2650e3936f3bb591560225702b3/images/3/3-1-2-1.png	/mirror/0e/0e1807522f3447ed9bdb2dd3d151e17e440bd98f.webp
https://raw.githubusercontent.com/didilili/ai-agents-from-zero/ea7f28ffe0b2c2650e3936f3bb591560225702b3/images/3/3-1-2-2.png	/mirror/04/04e85ec9625f3516d9170178b16ae8a8a7d9895f.webp
https://raw.githubusercontent.com/didilili/ai-agents-from-zero/ea7f28ffe0b2c2650e3936f3bb591560225702b3/images/3/3-1-4-1.png	/mirror/53/5307164e0999dbceca01e96a278919ee00e29880.webp
https://raw.githubusercontent.com/didilili/ai-agents-from-zero/ea7f28ffe0b2c2650e3936f3bb591560225702b3/images/3/3-1-5-1.png	/mirror/6f/6fa145fdc0a070c3dbc410a0cff7805326e21bab.webp
https://raw.githubusercontent.com/didilili/ai-agents-from-zero/ea7f28ffe0b2c2650e3936f3bb591560225702b3/images/3/3-1-5-2.svg	/mirror/11/114bb0f8b33cc79e31bb00e0d51f2a10f1549c1d.svg
https://raw.githubusercontent.com/didilili/ai-agents-from-zero/ea7f28ffe0b2c2650e3936f3bb591560225702b3/images/3/3-1-5-3.png	/mirror/fc/fc9fec3f5c958eb735961cb1ebb0a4aecc317763.webp
https://raw.githubusercontent.com/didilili/ai-agents-from-zero/ea7f28ffe0b2c2650e3936f3bb591560225702b3/images/3/3-1-5-4.png	/mirror/31/31abd4b030b01ee5700e96db5cdba998ec730244.webp
https://raw.githubusercontent.com/didilili/ai-agents-from-zero/ea7f28ffe0b2c2650e3936f3bb591560225702b3/images/3/3-1-5-5.png	/mirror/f1/f17a357e20a9df10c0c3982d57a9d62aeb01962c.webp
https://raw.githubusercontent.com/didilili/ai-agents-from-zero/ea7f28ffe0b2c2650e3936f3bb591560225702b3/images/3/3-1-5-6.png	/mirror/c2/c2555123209d96219796a92587a7d6652cc36ea2.webp
https://raw.githubusercontent.com/didilili/ai-agents-from-zero/ea7f28ffe0b2c2650e3936f3bb591560225702b3/images/3/3-1-5-7.png	/mirror/43/43d3bbf1f63014f86e480587215b412c36d1047d.webp
https://raw.githubusercontent.com/didilili/ai-agents-from-zero/ea7f28ffe0b2c2650e3936f3bb591560225702b3/images/3/3-1-6-1.png	/mirror/d8/d8b8d94b649dbe77a25bb1408fd6387bbd0760ad.webp
https://raw.githubusercontent.com/didilili/ai-agents-from-zero/ea7f28ffe0b2c2650e3936f3bb591560225702b3/images/3/3-2-1-1.png	/mirror/db/dbd005077a3a05540773d9299b22cab90bb9a208.webp
https://raw.githubusercontent.com/didilili/ai-agents-from-zero/ea7f28ffe0b2c2650e3936f3bb591560225702b3/images/3/3-2-1-2.png	/mirror/66/66536cdd3d0743c6d3fa80ced0891e0700746c90.webp
https://raw.githubusercontent.com/didilili/ai-agents-from-zero/ea7f28ffe0b2c2650e3936f3bb591560225702b3/images/3/3-2-1-3.png	/mirror/c5/c5570e3182b3996000d1a1844c18ea2d012235ed.webp
https://raw.githubusercontent.com/didilili/ai-agents-from-zero/ea7f28ffe0b2c2650e3936f3bb591560225702b3/images/3/3-2-1-4.png	/mirror/a3/a315aa57d79ae2fe0173df94834c7d4a912bc0ae.webp
https://raw.githubusercontent.com/didilili/ai-agents-from-zero/ea7f28ffe0b2c2650e3936f3bb591560225702b3/images/3/3-2-1-5.png	/mirror/ba/baa787897ead0d6852f7a435a648984753562bfc.webp
https://raw.githubusercontent.com/didilili/ai-agents-from-zero/ea7f28ffe0b2c2650e3936f3bb591560225702b3/images/3/3-2-1-6.png	/mirror/4a/4ab77a6244565483498befcbd607e01aefedbd28.webp
https://raw.githubusercontent.com/didilili/ai-agents-from-zero/ea7f28ffe0b2c2650e3936f3bb591560225702b3/images/3/3-2-1-7.png	/mirror/5c/5c3fb5d0c8080bb8e0a81dfe8ba48828f0999655.webp
https://raw.githubusercontent.com/didilili/ai-agents-from-zero/ea7f28ffe0b2c2650e3936f3bb591560225702b3/images/3/3-2-2-1.png	/mirror/0d/0d0890f7cd791d39c9636ca5ee3549ba7a1719a5.webp
https://raw.githubusercontent.com/didilili/ai-agents-from-zero/ea7f28ffe0b2c2650e3936f3bb591560225702b3/images/3/3-2-2-2.png	/mirror/22/226d7cd48152e442cdfe7bcc57bf866b729e81fd.webp
https://raw.githubusercontent.com/didilili/ai-agents-from-zero/ea7f28ffe0b2c2650e3936f3bb591560225702b3/images/3/3-2-2-3.png	/mirror/e7/e7d3db21953ff4ac2cb62887af3f2e183c94a5ed.webp
https://raw.githubusercontent.com/didilili/ai-agents-from-zero/ea7f28ffe0b2c2650e3936f3bb591560225702b3/images/3/3-2-2-4.png	/mirror/62/6296307a125c14d0bf2e1f7b242c26741119f55d.webp
https://raw.githubusercontent.com/didilili/ai-agents-from-zero/ea7f28ffe0b2c2650e3936f3bb591560225702b3/images/3/3-3-1-1.png	/mirror/9b/9bd40e65e2bdd4c4daa500f09bcd24d8ba378d7f.webp
https://raw.githubusercontent.com/didilili/ai-agents-from-zero/ea7f28ffe0b2c2650e3936f3bb591560225702b3/images/3/3-4-3-1.png	/mirror/de/dec9757a4a4444d3ec791070feb1805c2320ab6d.webp
https://raw.githubusercontent.com/didilili/ai-agents-from-zero/ea7f28ffe0b2c2650e3936f3bb591560225702b3/images/3/3-4-3-2.png	/mirror/bd/bd500ffcbb4d685eb69eefc1dc68a688621807b7.webp
https://raw.githubusercontent.com/didilili/ai-agents-from-zero/ea7f28ffe0b2c2650e3936f3bb591560225702b3/images/3/3-4-3-3.png	/mirror/58/5801867eab4f37aba6d50d2fc2dd09e6205c062c.webp
https://raw.githubusercontent.com/didilili/ai-agents-from-zero/ea7f28ffe0b2c2650e3936f3bb591560225702b3/images/3/3-4-4-1.png	/mirror/d6/d63b64f191aaf54f8208f92596424752d374f606.webp
https://raw.githubusercontent.com/didilili/ai-agents-from-zero/ea7f28ffe0b2c2650e3936f3bb591560225702b3/images/3/3-4-4-10.png	/mirror/a8/a8ad0cb887ed04a58f8e71c554dbbe5ba4d7e213.webp
https://raw.githubusercontent.com/didilili/ai-agents-from-zero/ea7f28ffe0b2c2650e3936f3bb591560225702b3/images/3/3-4-4-11.png	/mirror/e0/e05df4512119d4efc86ff42a896e55c1e4fbab0a.webp
https://raw.githubusercontent.com/didilili/ai-agents-from-zero/ea7f28ffe0b2c2650e3936f3bb591560225702b3/images/3/3-4-4-2.png	/mirror/7d/7d03bb2c31b24a454b6a496911654b6ab6cc5a4f.webp
https://raw.githubusercontent.com/didilili/ai-agents-from-zero/ea7f28ffe0b2c2650e3936f3bb591560225702b3/images/3/3-4-4-3.png	/mirror/17/1762a2a6a7ed28234576d530f377ce7c2d884251.webp
https://raw.githubusercontent.com/didilili/ai-agents-from-zero/ea7f28ffe0b2c2650e3936f3bb591560225702b3/images/3/3-4-4-4.png	/mirror/0c/0c1cd31043349b6942369c33708215f0b6e047c2.webp
https://raw.githubusercontent.com/didilili/ai-agents-from-zero/ea7f28ffe0b2c2650e3936f3bb591560225702b3/images/3/3-4-4-5.png	/mirror/50/50ddace89fed12b54d3387810040de69b3e614c1.webp
https://raw.githubusercontent.com/didilili/ai-agents-from-zero/ea7f28ffe0b2c2650e3936f3bb591560225702b3/images/3/3-4-4-6.jpg	/mirror/d5/d54abe4c3d912a9638e47e7c6a6a9805a6419421.webp
https://raw.githubusercontent.com/didilili/ai-agents-from-zero/ea7f28ffe0b2c2650e3936f3bb591560225702b3/images/3/3-4-4-7.png	/mirror/e6/e680aecec603435088500197de771995eb8ce74a.webp
https://raw.githubusercontent.com/didilili/ai-agents-from-zero/ea7f28ffe0b2c2650e3936f3bb591560225702b3/images/3/3-4-4-8.png	/mirror/37/37359d31adfdb82ba6a422dc08a4efc1f819645c.webp
https://raw.githubusercontent.com/didilili/ai-agents-from-zero/ea7f28ffe0b2c2650e3936f3bb591560225702b3/images/3/3-4-4-9.png	/mirror/7b/7b04827fe095f6f34b99a58bcf3bc47cee64466a.webp
https://raw.githubusercontent.com/didilili/ai-agents-from-zero/ea7f28ffe0b2c2650e3936f3bb591560225702b3/images/3/3-4-5-1.png	/mirror/c6/c654f69f830c3c59e3834d7d98ee1d89f3beea9d.webp
https://raw.githubusercontent.com/didilili/ai-agents-from-zero/ea7f28ffe0b2c2650e3936f3bb591560225702b3/images/3/3-4-5-10.png	/mirror/b4/b4829150168a696c5bfe96e2826851baa18d01ac.webp
https://raw.githubusercontent.com/didilili/ai-agents-from-zero/ea7f28ffe0b2c2650e3936f3bb591560225702b3/images/3/3-4-5-11.png	/mirror/12/12f8300e7400237ce263c8d28f1e5ceee591a38d.webp
https://raw.githubusercontent.com/didilili/ai-agents-from-zero/ea7f28ffe0b2c2650e3936f3bb591560225702b3/images/3/3-4-5-12.png	/mirror/25/25d638175fbcf12f60ce82f94d05a03daadaf436.webp
https://raw.githubusercontent.com/didilili/ai-agents-from-zero/ea7f28ffe0b2c2650e3936f3bb591560225702b3/images/3/3-4-5-13.png	/mirror/a7/a7743ef36e54f1213b9ba84e5f6075150be1e966.webp
https://raw.githubusercontent.com/didilili/ai-agents-from-zero/ea7f28ffe0b2c2650e3936f3bb591560225702b3/images/3/3-4-5-2.png	/mirror/89/8918e2e4055b7ced9f924c86b346992f5c49b906.webp
https://raw.githubusercontent.com/didilili/ai-agents-from-zero/ea7f28ffe0b2c2650e3936f3bb591560225702b3/images/3/3-4-5-3.png	/mirror/ed/ed553f099925313ce8aa96a18789d59722e9bfcd.webp
https://raw.githubusercontent.com/didilili/ai-agents-from-zero/ea7f28ffe0b2c2650e3936f3bb591560225702b3/images/3/3-4-5-4.png	/mirror/92/92a6210d74ae8e0ab1cd9d7a78d5c29b4808adde.webp
https://raw.githubusercontent.com/didilili/ai-agents-from-zero/ea7f28ffe0b2c2650e3936f3bb591560225702b3/images/3/3-4-5-5.png	/mirror/5f/5f42078130b027ab06cb435f2cc6dbc8cf274be9.webp
https://raw.githubusercontent.com/didilili/ai-agents-from-zero/ea7f28ffe0b2c2650e3936f3bb591560225702b3/images/3/3-4-5-6.png	/mirror/30/307e160823ea3a06c021e0b6db44c8a905b945a0.webp
https://raw.githubusercontent.com/didilili/ai-agents-from-zero/ea7f28ffe0b2c2650e3936f3bb591560225702b3/images/3/3-4-5-7.png	/mirror/4e/4ef3c358998b86030b962bb081e0a46f236cdd22.webp
https://raw.githubusercontent.com/didilili/ai-agents-from-zero/ea7f28ffe0b2c2650e3936f3bb591560225702b3/images/3/3-4-5-8.png	/mirror/32/3294666f6dcb0777dacdc700c12691b7a3e584a6.webp
https://raw.githubusercontent.com/didilili/ai-agents-from-zero/ea7f28ffe0b2c2650e3936f3bb591560225702b3/images/3/3-4-5-9.png	/mirror/cb/cb25b05e6ad9a3bf25a584f97c5a97257136ea11.webp
https://raw.githubusercontent.com/didilili/ai-agents-from-zero/ea7f28ffe0b2c2650e3936f3bb591560225702b3/images/3/3-4-6-1.png	/mirror/7c/7cad58d03baf736f5b874d504e4379b2459fad80.webp
https://raw.githubusercontent.com/didilili/ai-agents-from-zero/ea7f28ffe0b2c2650e3936f3bb591560225702b3/images/3/3-4-6-10.png	/mirror/50/505ac53bd16cbedc18d60719ddd2f656dfb6a181.webp
https://raw.githubusercontent.com/didilili/ai-agents-from-zero/ea7f28ffe0b2c2650e3936f3bb591560225702b3/images/3/3-4-6-11.png	/mirror/a6/a61555e7affa20f6988bcb6e3e0b1b59c591b260.webp
https://raw.githubusercontent.com/didilili/ai-agents-from-zero/ea7f28ffe0b2c2650e3936f3bb591560225702b3/images/3/3-4-6-12.png	/mirror/38/3842024815ee3f86c1e9b91066cdc36f4d3bf562.webp
https://raw.githubusercontent.com/didilili/ai-agents-from-zero/ea7f28ffe0b2c2650e3936f3bb591560225702b3/images/3/3-4-6-13.png	/mirror/b8/b82db047aece477bdc02599356df2f5de35e9b52.webp
https://raw.githubusercontent.com/didilili/ai-agents-from-zero/ea7f28ffe0b2c2650e3936f3bb591560225702b3/images/3/3-4-6-14.png	/mirror/ff/ff55b39528107e1c8cabdc39a8635cd7cf98bc68.webp
https://raw.githubusercontent.com/didilili/ai-agents-from-zero/ea7f28ffe0b2c2650e3936f3bb591560225702b3/images/3/3-4-6-2.png	/mirror/ba/bace48f17ca4e94abca268c1288e56a3903fab6c.webp
https://raw.githubusercontent.com/didilili/ai-agents-from-zero/ea7f28ffe0b2c2650e3936f3bb591560225702b3/images/3/3-4-6-3.png	/mirror/e3/e3659969907cecca83bfe936084badc0e8ea9ee5.webp
https://raw.githubusercontent.com/didilili/ai-agents-from-zero/ea7f28ffe0b2c2650e3936f3bb591560225702b3/images/3/3-4-6-4.png	/mirror/cd/cd3914c5054c9b268636708e83256646288f3b09.webp
https://raw.githubusercontent.com/didilili/ai-agents-from-zero/ea7f28ffe0b2c2650e3936f3bb591560225702b3/images/3/3-4-6-5.png	/mirror/ad/ad35592dc3332809ed9ce58ae71c8ba21e8351ec.webp
https://raw.githubusercontent.com/didilili/ai-agents-from-zero/ea7f28ffe0b2c2650e3936f3bb591560225702b3/images/3/3-4-6-6.png	/mirror/af/aff7ca368c8efe84836c196e6409abc43071dcbb.webp
https://raw.githubusercontent.com/didilili/ai-agents-from-zero/ea7f28ffe0b2c2650e3936f3bb591560225702b3/images/3/3-4-6-7.png	/mirror/16/163197a72fb7a67b2acdd93b3e8fb67854bc3922.webp
https://raw.githubusercontent.com/didilili/ai-agents-from-zero/ea7f28ffe0b2c2650e3936f3bb591560225702b3/images/3/3-4-6-8.png	/mirror/9e/9e9f505e4e2409d48c54ac4345359598d466b36c.webp
https://raw.githubusercontent.com/didilili/ai-agents-from-zero/ea7f28ffe0b2c2650e3936f3bb591560225702b3/images/3/3-4-6-9.png	/mirror/36/36588f76b75e1faf7647b1203a011e3d2d1599ab.webp
https://raw.githubusercontent.com/didilili/ai-agents-from-zero/ea7f28ffe0b2c2650e3936f3bb591560225702b3/images/3/3-5-1-1.png	/mirror/11/1187f4b4b2e7e4687a2fa166ca52e1e0b0b824d2.webp
https://raw.githubusercontent.com/didilili/ai-agents-from-zero/ea7f28ffe0b2c2650e3936f3bb591560225702b3/images/3/3-5-1-2.png	/mirror/b9/b948a2a756932025a3c509f2b050eebafbdc7f7e.webp
https://raw.githubusercontent.com/didilili/ai-agents-from-zero/ea7f28ffe0b2c2650e3936f3bb591560225702b3/images/3/3-5-2-1.png	/mirror/2a/2adac599b88433760e2a92ffc53634db5aa51b05.webp
https://raw.githubusercontent.com/didilili/ai-agents-from-zero/ea7f28ffe0b2c2650e3936f3bb591560225702b3/images/3/3-5-2-2.png	/mirror/f7/f705758d59af06929412998e100ab4ee267b9fad.webp
https://raw.githubusercontent.com/didilili/ai-agents-from-zero/ea7f28ffe0b2c2650e3936f3bb591560225702b3/images/3/3-5-2-3.png	/mirror/03/03b90baabcc0ba07c4a770c545135670c53bf858.webp
https://raw.githubusercontent.com/didilili/ai-agents-from-zero/ea7f28ffe0b2c2650e3936f3bb591560225702b3/images/3/3-5-2-4.png	/mirror/ec/ec43fbdc1a561dcdf7e0e6de1848ddd3ee398280.webp
https://raw.githubusercontent.com/didilili/ai-agents-from-zero/ea7f28ffe0b2c2650e3936f3bb591560225702b3/images/3/3-5-2-5.png	/mirror/2f/2f28965acdce9b28ea1327d8c2d33372382ace8b.webp
https://raw.githubusercontent.com/didilili/ai-agents-from-zero/ea7f28ffe0b2c2650e3936f3bb591560225702b3/images/3/3-5-2-6.png	/mirror/80/807071e9fd48f51a3e478181fab63bf67a3ef897.webp
https://raw.githubusercontent.com/didilili/ai-agents-from-zero/ea7f28ffe0b2c2650e3936f3bb591560225702b3/images/3/3-5-2-7.png	/mirror/a8/a8d21880482e2ffa73bdd64453060b07c1614684.webp
https://raw.githubusercontent.com/didilili/ai-agents-from-zero/ea7f28ffe0b2c2650e3936f3bb591560225702b3/images/3/3-5-2-8.png	/mirror/35/3598fce09cea3b125198d3a4a131fea259f69ad2.webp
https://raw.githubusercontent.com/didilili/ai-agents-from-zero/ea7f28ffe0b2c2650e3936f3bb591560225702b3/images/3/3-5-2-9.png	/mirror/67/67549c1fbebf7112dc319f87a6f60b2ed2e9d11e.webp
https://raw.githubusercontent.com/didilili/ai-agents-from-zero/ea7f28ffe0b2c2650e3936f3bb591560225702b3/images/3/3-5-3-1.png	/mirror/41/41c51ee3efcb7265f222361f7c285634eaa3815c.webp
https://raw.githubusercontent.com/didilili/ai-agents-from-zero/ea7f28ffe0b2c2650e3936f3bb591560225702b3/images/3/3-5-3-10.png	/mirror/43/436113f1bd50b74f1cf0dde03cd6f0e39917844a.webp
https://raw.githubusercontent.com/didilili/ai-agents-from-zero/ea7f28ffe0b2c2650e3936f3bb591560225702b3/images/3/3-5-3-2.png	/mirror/90/90afa6ef7b4b4e7726f04d27200d18031f3a23f1.webp
https://raw.githubusercontent.com/didilili/ai-agents-from-zero/ea7f28ffe0b2c2650e3936f3bb591560225702b3/images/3/3-5-3-3.png	/mirror/66/6674108786575af4ec9ca7ceb17c1586727caf3f.webp
https://raw.githubusercontent.com/didilili/ai-agents-from-zero/ea7f28ffe0b2c2650e3936f3bb591560225702b3/images/3/3-5-3-4.png	/mirror/fb/fb823989b119a32d7d0153522d7f7a2394d38a2e.webp
https://raw.githubusercontent.com/didilili/ai-agents-from-zero/ea7f28ffe0b2c2650e3936f3bb591560225702b3/images/3/3-5-3-5.png	/mirror/56/56186cd8a96e987f2484bb8477bf3c36bcebd0bb.webp
https://raw.githubusercontent.com/didilili/ai-agents-from-zero/ea7f28ffe0b2c2650e3936f3bb591560225702b3/images/3/3-5-3-6.png	/mirror/6f/6f6a483f7395a14d92673e63df4e3e4d54cd71d9.webp
https://raw.githubusercontent.com/didilili/ai-agents-from-zero/ea7f28ffe0b2c2650e3936f3bb591560225702b3/images/3/3-5-3-7.png	/mirror/7f/7faee5144e5fbadcac3399b0f20c6a7af0bac677.webp
https://raw.githubusercontent.com/didilili/ai-agents-from-zero/ea7f28ffe0b2c2650e3936f3bb591560225702b3/images/3/3-5-3-8.png	/mirror/1a/1a54b20830ba2064766be2ec22e6962304dc2694.webp
https://raw.githubusercontent.com/didilili/ai-agents-from-zero/ea7f28ffe0b2c2650e3936f3bb591560225702b3/images/3/3-6-2-1.png	/mirror/f8/f867ee208ccd5a09fd3d000e852d31fbc4214caa.webp
https://raw.githubusercontent.com/didilili/ai-agents-from-zero/ea7f28ffe0b2c2650e3936f3bb591560225702b3/images/3/3-6-2-2.png	/mirror/8f/8fbd0f6470c6d4cf92c09d07ff4efbe49fb2f029.webp
https://raw.githubusercontent.com/didilili/ai-agents-from-zero/ea7f28ffe0b2c2650e3936f3bb591560225702b3/images/3/3-9-1-1.png	/mirror/f3/f3d1ae7786db1790e5d2afde3e347495ff4b31e8.webp
https://raw.githubusercontent.com/didilili/ai-agents-from-zero/ea7f28ffe0b2c2650e3936f3bb591560225702b3/images/3/3-9-1-2.png	/mirror/1d/1de5d21342734394f2a22c86942db16494c2d194.webp
https://raw.githubusercontent.com/didilili/ai-agents-from-zero/ea7f28ffe0b2c2650e3936f3bb591560225702b3/images/3/3-9-2-1.png	/mirror/c9/c9e517ce4eb12ea8f95c9f1144d24b80bd43ecdf.webp
https://raw.githubusercontent.com/didilili/ai-agents-from-zero/ea7f28ffe0b2c2650e3936f3bb591560225702b3/images/3/3-9-2-2.png	/mirror/7c/7cf8daaf6503aff45be340f920f08f148bcb1cd5.webp
https://raw.githubusercontent.com/didilili/ai-agents-from-zero/ea7f28ffe0b2c2650e3936f3bb591560225702b3/images/3/3-9-3-1.png	/mirror/b3/b3b0c0a68c9c42884cb423d1b85e85ed2a1fc44f.webp
https://raw.githubusercontent.com/didilili/ai-agents-from-zero/ea7f28ffe0b2c2650e3936f3bb591560225702b3/images/3/3-9-3-2.png	/mirror/5d/5dcc83b02e0394680eae86395d312c17f42b0172.webp
https://raw.githubusercontent.com/didilili/ai-agents-from-zero/ea7f28ffe0b2c2650e3936f3bb591560225702b3/images/3/3-9-3-3.png	/mirror/36/36d9ac012500bd138bcd6ef8c7a1aa34ababe0df.webp
https://raw.githubusercontent.com/didilili/ai-agents-from-zero/ea7f28ffe0b2c2650e3936f3bb591560225702b3/images/3/3-9-4-1.png	/mirror/41/41502e256160f77c89a354fecb0706a39804984e.webp
https://raw.githubusercontent.com/didilili/ai-agents-from-zero/ea7f28ffe0b2c2650e3936f3bb591560225702b3/images/3/3-9-4-2.png	/mirror/6e/6ea29bdc8e12903849c34b174f63aee4296b535d.webp
https://raw.githubusercontent.com/didilili/ai-agents-from-zero/ea7f28ffe0b2c2650e3936f3bb591560225702b3/images/3/3-9-4-3.png	/mirror/8f/8f28831124a4b60eafa0456e7060bffee91902ef.webp
https://raw.githubusercontent.com/didilili/ai-agents-from-zero/ea7f28ffe0b2c2650e3936f3bb591560225702b3/images/3/3-9-4-4.png	/mirror/ac/ac300e7bafc205cce69f9f1350db0e79883115a3.webp
https://raw.githubusercontent.com/didilili/ai-agents-from-zero/ea7f28ffe0b2c2650e3936f3bb591560225702b3/images/3/3-9-4-5.png	/mirror/80/803d278b91edc2754c912b8d4e69bf3491294155.webp
https://raw.githubusercontent.com/didilili/ai-agents-from-zero/ea7f28ffe0b2c2650e3936f3bb591560225702b3/images/3/3-9-4-6.png	/mirror/7a/7aedc7b817031a4cae0edcd928aeb3a271224559.webp
https://raw.githubusercontent.com/didilili/ai-agents-from-zero/ea7f28ffe0b2c2650e3936f3bb591560225702b3/images/3/3-9-4-7.png	/mirror/7c/7c520d35ef66326ec203b2e754ae3b10d931dba2.webp
https://raw.githubusercontent.com/didilili/ai-agents-from-zero/ea7f28ffe0b2c2650e3936f3bb591560225702b3/images/4/4-1-1-1.png	/mirror/8c/8cf1175b2d6a63c0d62bf2ebe317558c54638ff8.webp
https://raw.githubusercontent.com/didilili/ai-agents-from-zero/ea7f28ffe0b2c2650e3936f3bb591560225702b3/images/4/4-1-2-1.png	/mirror/ea/ea3502688cb7943cd199dbd0449d5cfbdd5475d3.webp
https://raw.githubusercontent.com/didilili/ai-agents-from-zero/ea7f28ffe0b2c2650e3936f3bb591560225702b3/images/4/4-1-3-1.png	/mirror/da/da98de2cf17135e1da3075ee64d99dd84469825e.webp
https://raw.githubusercontent.com/didilili/ai-agents-from-zero/ea7f28ffe0b2c2650e3936f3bb591560225702b3/images/4/4-1-3-2.png	/mirror/86/86c55c795832f97e57e622aeadeab07979dc59af.webp
https://raw.githubusercontent.com/didilili/ai-agents-from-zero/ea7f28ffe0b2c2650e3936f3bb591560225702b3/images/4/4-1-3-3.png	/mirror/ae/ae13aaf1c70f63787d01fd888ad8e8d3c1d5c2d5.webp
https://raw.githubusercontent.com/didilili/ai-agents-from-zero/ea7f28ffe0b2c2650e3936f3bb591560225702b3/images/4/4-3-1-1.png	/mirror/44/44d00225215f909e11ad3571c603c634850ccb8f.webp
https://raw.githubusercontent.com/didilili/ai-agents-from-zero/ea7f28ffe0b2c2650e3936f3bb591560225702b3/images/4/4-3-2-1.png	/mirror/22/22879de45073c61e22befedd2c43a649f1320f76.webp
https://raw.githubusercontent.com/didilili/ai-agents-from-zero/ea7f28ffe0b2c2650e3936f3bb591560225702b3/images/4/4-3-3-1.png	/mirror/4e/4e632153184f1d7f206abf331a61c7125ca58066.webp
https://raw.githubusercontent.com/didilili/ai-agents-from-zero/ea7f28ffe0b2c2650e3936f3bb591560225702b3/images/4/4-3-4-1.png	/mirror/84/8431cb9f590541ea83ecbd68de39cd8b8b3661a8.webp
https://raw.githubusercontent.com/didilili/ai-agents-from-zero/ea7f28ffe0b2c2650e3936f3bb591560225702b3/images/4/4-3-5-1.png	/mirror/92/924e15e1f6ecec8cb6e2a2b547fee3558267948a.webp
https://raw.githubusercontent.com/didilili/ai-agents-from-zero/ea7f28ffe0b2c2650e3936f3bb591560225702b3/images/4/4-3-5-2.png	/mirror/91/91fa86bf69cdab88d748734113dcbc613b41ced3.webp
https://raw.githubusercontent.com/didilili/ai-agents-from-zero/ea7f28ffe0b2c2650e3936f3bb591560225702b3/images/4/4-3-5-3.png	/mirror/b6/b62e9accd8cd2fde16cdfd912c3905dc3698c8d3.webp
https://raw.githubusercontent.com/didilili/ai-agents-from-zero/ea7f28ffe0b2c2650e3936f3bb591560225702b3/images/4/4-3-5-4.png	/mirror/52/52f1a94aa529f6521000e498062e9e71a0dc5326.webp
https://raw.githubusercontent.com/didilili/ai-agents-from-zero/ea7f28ffe0b2c2650e3936f3bb591560225702b3/images/4/4-4-1-1.png	/mirror/af/af1784bfd1f3767c45fecaa620f75ecdd8aeda0e.webp
https://raw.githubusercontent.com/didilili/ai-agents-from-zero/ea7f28ffe0b2c2650e3936f3bb591560225702b3/images/4/4-4-2-1.png	/mirror/e4/e4018cb151dfdaaac5cd65b7655f7b7324fd66bc.webp
https://raw.githubusercontent.com/didilili/ai-agents-from-zero/ea7f28ffe0b2c2650e3936f3bb591560225702b3/images/4/4-4-3-1.png	/mirror/f4/f48de20fdb301bb1cd576addbd6c025d7195072b.webp
https://raw.githubusercontent.com/didilili/ai-agents-from-zero/ea7f28ffe0b2c2650e3936f3bb591560225702b3/images/4/4-4-4-1.png	/mirror/d5/d5107ff4420ce092fd4b138bd9a9751b14201ce3.webp
https://raw.githubusercontent.com/didilili/ai-agents-from-zero/ea7f28ffe0b2c2650e3936f3bb591560225702b3/images/4/4-6-4-1.png	/mirror/2d/2d9b6222bb080a147cf9f4703cb4e2392b3ddafe.webp
https://raw.githubusercontent.com/didilili/ai-agents-from-zero/ea7f28ffe0b2c2650e3936f3bb591560225702b3/images/4/4-6-4-2.png	/mirror/9d/9d0db850136f9a1ba2b7ee7ba5fcf44eb94c28e0.webp
https://raw.githubusercontent.com/didilili/ai-agents-from-zero/ea7f28ffe0b2c2650e3936f3bb591560225702b3/images/5/5-1-1-1.png	/mirror/8b/8b6187f019cc8cdacf9866a1318f0b5e8cd8ec85.webp
https://raw.githubusercontent.com/didilili/ai-agents-from-zero/ea7f28ffe0b2c2650e3936f3bb591560225702b3/images/5/5-2-1-1.png	/mirror/fa/fa5a7cac220eff08276d92b371c0e8abf889f93f.webp
https://raw.githubusercontent.com/didilili/ai-agents-from-zero/ea7f28ffe0b2c2650e3936f3bb591560225702b3/images/5/5-2-2-1.png	/mirror/27/27ea9949c488a6387d49c69f7a9c48f5197cfad9.webp
https://raw.githubusercontent.com/didilili/ai-agents-from-zero/ea7f28ffe0b2c2650e3936f3bb591560225702b3/images/5/5-2-3-1.png	/mirror/35/359691c650eca8f3328d4d2b9dce7e61290ca153.webp
https://raw.githubusercontent.com/didilili/ai-agents-from-zero/ea7f28ffe0b2c2650e3936f3bb591560225702b3/images/5/5-2-3-2.png	/mirror/5f/5ffaed489d23e9767462cac0abad54ce4af6fbc2.webp
https://raw.githubusercontent.com/didilili/ai-agents-from-zero/ea7f28ffe0b2c2650e3936f3bb591560225702b3/images/5/5-2-4-1.png	/mirror/6b/6bf6c4e316fbec2f67cce0b12858f2b68ed8f259.webp
https://raw.githubusercontent.com/didilili/ai-agents-from-zero/ea7f28ffe0b2c2650e3936f3bb591560225702b3/images/5/5-2-5-1.png	/mirror/1c/1cee1512dd77a6b2096b200a32c85c649195eda0.webp
https://raw.githubusercontent.com/didilili/ai-agents-from-zero/ea7f28ffe0b2c2650e3936f3bb591560225702b3/images/5/5-4-1-1.png	/mirror/9e/9e217d0746da0d1d2466183f8eb68241fecef2ea.webp
https://raw.githubusercontent.com/didilili/ai-agents-from-zero/ea7f28ffe0b2c2650e3936f3bb591560225702b3/images/5/5-4-2-1.png	/mirror/86/86fcb74fffca874abaee5d3f18b023ea511fe98f.webp
https://raw.githubusercontent.com/didilili/ai-agents-from-zero/ea7f28ffe0b2c2650e3936f3bb591560225702b3/images/5/5-4-3-1.png	/mirror/8c/8c4becd7af28dcff70be179e14288bcd479736cc.webp
https://raw.githubusercontent.com/didilili/ai-agents-from-zero/ea7f28ffe0b2c2650e3936f3bb591560225702b3/images/5/5-5-1-1.png	/mirror/0a/0ae34f4910188fca130e237c206c93047943df54.webp
https://raw.githubusercontent.com/didilili/ai-agents-from-zero/ea7f28ffe0b2c2650e3936f3bb591560225702b3/images/5/5-5-5-1.png	/mirror/ad/adf8eff160dcaef9d839b309be5a4a1bff8683d3.webp
https://raw.githubusercontent.com/didilili/ai-agents-from-zero/ea7f28ffe0b2c2650e3936f3bb591560225702b3/images/5/5-6-1-1.png	/mirror/bc/bca8baa2ca704e2c8334c80f2ad36aa05bb5ded7.webp
https://raw.githubusercontent.com/didilili/ai-agents-from-zero/ea7f28ffe0b2c2650e3936f3bb591560225702b3/images/6/6-2-0-1.png	/mirror/49/49bcd9b585f1f211d1ab8e123c94755994640e06.webp
https://raw.githubusercontent.com/didilili/ai-agents-from-zero/ea7f28ffe0b2c2650e3936f3bb591560225702b3/images/6/6-2-1-1.png	/mirror/64/64cc4af8fb7f9879e8216efbf0350eb692a015b3.webp
https://raw.githubusercontent.com/didilili/ai-agents-from-zero/ea7f28ffe0b2c2650e3936f3bb591560225702b3/images/6/6-2-2-1.png	/mirror/9f/9fc9128c020c17baf22195ddb68c11e280b9e681.webp
https://raw.githubusercontent.com/didilili/ai-agents-from-zero/ea7f28ffe0b2c2650e3936f3bb591560225702b3/images/6/6-2-2-10.png	/mirror/bc/bcccc801aa7b4411c86c5889984946ff57197ff0.webp
https://raw.githubusercontent.com/didilili/ai-agents-from-zero/ea7f28ffe0b2c2650e3936f3bb591560225702b3/images/6/6-2-2-11.png	/mirror/b8/b803737d8311719d253a8f04936f857091d1be1c.webp
https://raw.githubusercontent.com/didilili/ai-agents-from-zero/ea7f28ffe0b2c2650e3936f3bb591560225702b3/images/6/6-2-2-12.png	/mirror/b0/b072586556137029dcb2e161708c285568b06d05.webp
https://raw.githubusercontent.com/didilili/ai-agents-from-zero/ea7f28ffe0b2c2650e3936f3bb591560225702b3/images/6/6-2-2-13.png	/mirror/06/06ab8af8c970e1f5111c8edffe1aa0d28aa3a84d.webp
https://raw.githubusercontent.com/didilili/ai-agents-from-zero/ea7f28ffe0b2c2650e3936f3bb591560225702b3/images/6/6-2-2-14.png	/mirror/0e/0ee4c257f624a8e5d0f484baa5303978bb002c74.webp
https://raw.githubusercontent.com/didilili/ai-agents-from-zero/ea7f28ffe0b2c2650e3936f3bb591560225702b3/images/6/6-2-2-15.png	/mirror/e1/e11a529c6583d9ce28e21fc5efec66a13998f2ac.webp
https://raw.githubusercontent.com/didilili/ai-agents-from-zero/ea7f28ffe0b2c2650e3936f3bb591560225702b3/images/6/6-2-2-2.png	/mirror/ef/ef5b3e7437f5763e15fb7e1c75b059e59ac43e27.webp
https://raw.githubusercontent.com/didilili/ai-agents-from-zero/ea7f28ffe0b2c2650e3936f3bb591560225702b3/images/6/6-2-2-3.png	/mirror/85/85a7d8a31bfd95b43471872dba158c58e9c65710.webp
https://raw.githubusercontent.com/didilili/ai-agents-from-zero/ea7f28ffe0b2c2650e3936f3bb591560225702b3/images/6/6-2-2-4.png	/mirror/3a/3a183a2ef2344b7e4ea17bf415e17f96d016507b.webp
https://raw.githubusercontent.com/didilili/ai-agents-from-zero/ea7f28ffe0b2c2650e3936f3bb591560225702b3/images/6/6-2-2-5.png	/mirror/69/696066de53264aaaebe1312f2ff7dff68d005059.webp
https://raw.githubusercontent.com/didilili/ai-agents-from-zero/ea7f28ffe0b2c2650e3936f3bb591560225702b3/images/6/6-2-2-6.png	/mirror/52/52ce4120feb609dc724d407dee0a733da6f06231.webp
https://raw.githubusercontent.com/didilili/ai-agents-from-zero/ea7f28ffe0b2c2650e3936f3bb591560225702b3/images/6/6-2-2-7.png	/mirror/67/670999e196c538a3b42ce9cb32f0d148ac7d6e57.webp
https://raw.githubusercontent.com/didilili/ai-agents-from-zero/ea7f28ffe0b2c2650e3936f3bb591560225702b3/images/6/6-2-2-8.png	/mirror/ef/efa8a6e098b616b84da76072cc21e85b466604f2.webp
https://raw.githubusercontent.com/didilili/ai-agents-from-zero/ea7f28ffe0b2c2650e3936f3bb591560225702b3/images/6/6-2-2-9.png	/mirror/ff/ffaa1c4ad14ea911bb7c7e1b9081d28e1e71ba61.webp
https://raw.githubusercontent.com/didilili/ai-agents-from-zero/ea7f28ffe0b2c2650e3936f3bb591560225702b3/images/6/6-2-3-1.png	/mirror/1a/1ae833415f8292b26deb43aefd28fec661024cb0.webp
https://raw.githubusercontent.com/didilili/ai-agents-from-zero/ea7f28ffe0b2c2650e3936f3bb591560225702b3/images/6/6-2-3-2.png	/mirror/1f/1fb0b9a41feb8f70f48f1a6c4a87f4cb44a8f346.webp
https://raw.githubusercontent.com/didilili/ai-agents-from-zero/ea7f28ffe0b2c2650e3936f3bb591560225702b3/images/6/6-2-3-3.jpeg	/mirror/0a/0adf55892ea9a9d9205c6a6713415afb4c453fae.jpeg
https://raw.githubusercontent.com/didilili/ai-agents-from-zero/ea7f28ffe0b2c2650e3936f3bb591560225702b3/images/6/6-2-3-4.png	/mirror/cb/cb89ec5064015b75d04e29d4d3b8abfad595e973.webp
https://raw.githubusercontent.com/didilili/ai-agents-from-zero/ea7f28ffe0b2c2650e3936f3bb591560225702b3/images/6/6-2-3-5.png	/mirror/0c/0c8f2fe18941f4e19e155aeaf2adb7005757dfc6.webp
https://raw.githubusercontent.com/didilili/ai-agents-from-zero/ea7f28ffe0b2c2650e3936f3bb591560225702b3/images/6/6-2-3-6.png	/mirror/0d/0da1b1cd8010858fe42995e52475dce28e058f8d.webp
https://raw.githubusercontent.com/didilili/ai-agents-from-zero/ea7f28ffe0b2c2650e3936f3bb591560225702b3/images/6/6-2-4-1.png	/mirror/7c/7c03e3dd07a6705bab1581adae9eb0aef37abe48.webp
https://raw.githubusercontent.com/didilili/ai-agents-from-zero/ea7f28ffe0b2c2650e3936f3bb591560225702b3/images/6/6-2-4-2.png	/mirror/21/21ef1f85b2cebf066a9726f9575c8cde3fe83971.webp
https://raw.githubusercontent.com/didilili/ai-agents-from-zero/ea7f28ffe0b2c2650e3936f3bb591560225702b3/images/6/6-3-3-1.png	/mirror/29/293707474d2ad0217a99f7f61be7c6e1e2a3cc84.webp
https://raw.githubusercontent.com/didilili/ai-agents-from-zero/ea7f28ffe0b2c2650e3936f3bb591560225702b3/images/6/6-3-4-1.png	/mirror/93/93db2f46b0de75d6f6b62fff67f6343ae42a85bf.webp
https://raw.githubusercontent.com/didilili/ai-agents-from-zero/ea7f28ffe0b2c2650e3936f3bb591560225702b3/images/6/6-3-4-2.png	/mirror/59/59b3a1d876683eb221e17666c260bd638946fafd.webp
https://raw.githubusercontent.com/didilili/ai-agents-from-zero/ea7f28ffe0b2c2650e3936f3bb591560225702b3/images/6/6-3-4-3.png	/mirror/05/0590b4d16b288341c041ee6935f6c53a67258933.webp
https://raw.githubusercontent.com/didilili/ai-agents-from-zero/ea7f28ffe0b2c2650e3936f3bb591560225702b3/images/6/6-3-4-4.png	/mirror/ac/ac5837c7d433c53fc58d1e1200bffdaa0bdf4358.webp
https://raw.githubusercontent.com/didilili/ai-agents-from-zero/ea7f28ffe0b2c2650e3936f3bb591560225702b3/images/6/6-3-5-1.png	/mirror/ff/ffee80c0aff58fa6c156c0b405199ba38964a113.webp
https://raw.githubusercontent.com/didilili/ai-agents-from-zero/ea7f28ffe0b2c2650e3936f3bb591560225702b3/images/6/6-4-1-1.png	/mirror/eb/eb9b91eda8d0dc738dfcbc936491fd77a2cb1c2b.webp
https://raw.githubusercontent.com/didilili/ai-agents-from-zero/ea7f28ffe0b2c2650e3936f3bb591560225702b3/images/6/6-4-2-1.png	/mirror/d4/d431ea06816b89d9b70a62d820a611a8d2bea398.webp
https://raw.githubusercontent.com/didilili/ai-agents-from-zero/ea7f28ffe0b2c2650e3936f3bb591560225702b3/images/6/6-4-2-2.png	/mirror/3e/3ecc9391c570c4a35ebfa36731f71c98ee6fac27.webp
https://raw.githubusercontent.com/didilili/ai-agents-from-zero/ea7f28ffe0b2c2650e3936f3bb591560225702b3/images/6/6-4-2-3.png	/mirror/4e/4e36d4949c7a113697c9b232ff3654340870d76a.webp
https://raw.githubusercontent.com/didilili/ai-agents-from-zero/ea7f28ffe0b2c2650e3936f3bb591560225702b3/images/6/6-4-3-1.png	/mirror/f1/f1a359edfda8284fe5490c1db70fade54348b449.webp
https://raw.githubusercontent.com/didilili/ai-agents-from-zero/ea7f28ffe0b2c2650e3936f3bb591560225702b3/images/6/6-4-4-1.png	/mirror/5f/5fd5d9f60e43a2e6dbf09a945dd169e9661ed582.webp
https://raw.githubusercontent.com/didilili/ai-agents-from-zero/ea7f28ffe0b2c2650e3936f3bb591560225702b3/images/6/6-4-4-2.png	/mirror/c0/c0caaba3e5a9625574273fac638d9c2c2fd98c44.webp
https://raw.githubusercontent.com/didilili/ai-agents-from-zero/ea7f28ffe0b2c2650e3936f3bb591560225702b3/images/6/6-4-4-3.png	/mirror/bf/bf27c7510f8f24ab3cdd9a335558dfe2feda7cb7.webp
https://raw.githubusercontent.com/didilili/ai-agents-from-zero/ea7f28ffe0b2c2650e3936f3bb591560225702b3/images/6/6-4-5-1.png	/mirror/1d/1d6fd328e55556c5525b3e3cfb1cf833162ee04b.webp
https://raw.githubusercontent.com/didilili/ai-agents-from-zero/ea7f28ffe0b2c2650e3936f3bb591560225702b3/images/6/6-4-5-2.png	/mirror/45/4550d4643b1bccc2779463cfc8dc9b3cc48bf5a9.webp
https://raw.githubusercontent.com/didilili/ai-agents-from-zero/ea7f28ffe0b2c2650e3936f3bb591560225702b3/images/6/6-4-5-3.png	/mirror/e6/e6bcd18dd0ad1fe42818fbe5c65f087b0d957866.webp
https://raw.githubusercontent.com/didilili/ai-agents-from-zero/ea7f28ffe0b2c2650e3936f3bb591560225702b3/images/6/6-4-5-4.png	/mirror/f5/f55e649c7df2e083b4a8c90e05ab632579bed93c.webp
https://raw.githubusercontent.com/didilili/ai-agents-from-zero/ea7f28ffe0b2c2650e3936f3bb591560225702b3/images/6/6-4-6-1.png	/mirror/71/7171a2ec55bc346afb0054dc4c9cc243844ca0d8.webp
https://raw.githubusercontent.com/didilili/ai-agents-from-zero/ea7f28ffe0b2c2650e3936f3bb591560225702b3/images/6/6-4-6-10.png	/mirror/4a/4afcdd6a5bb61322a06c24f53e838697172d38b9.webp
https://raw.githubusercontent.com/didilili/ai-agents-from-zero/ea7f28ffe0b2c2650e3936f3bb591560225702b3/images/6/6-4-6-11.png	/mirror/ca/ca23f729f46169d91ba9cf871530cd459523769e.webp
https://raw.githubusercontent.com/didilili/ai-agents-from-zero/ea7f28ffe0b2c2650e3936f3bb591560225702b3/images/6/6-4-6-12.png	/mirror/f1/f163fda840db88ef443ba3358489b75fd3b30afe.webp
https://raw.githubusercontent.com/didilili/ai-agents-from-zero/ea7f28ffe0b2c2650e3936f3bb591560225702b3/images/6/6-4-6-13.png	/mirror/bf/bf5912353bab13e67e69d50ab1646a486497c198.webp
https://raw.githubusercontent.com/didilili/ai-agents-from-zero/ea7f28ffe0b2c2650e3936f3bb591560225702b3/images/6/6-4-6-14.png	/mirror/6f/6f1bd98af318ba47424f1902c5ea8960e1299e0a.webp
https://raw.githubusercontent.com/didilili/ai-agents-from-zero/ea7f28ffe0b2c2650e3936f3bb591560225702b3/images/6/6-4-6-15.png	/mirror/92/9255a245eec243eef0ed2a48ee75b550c98335d2.webp
https://raw.githubusercontent.com/didilili/ai-agents-from-zero/ea7f28ffe0b2c2650e3936f3bb591560225702b3/images/6/6-4-6-16.png	/mirror/bc/bcebcf1d6ea24998ea168e6e7b85d6c4a258a9de.webp
https://raw.githubusercontent.com/didilili/ai-agents-from-zero/ea7f28ffe0b2c2650e3936f3bb591560225702b3/images/6/6-4-6-17.png	/mirror/bb/bbbdb1ab54f22e00ada1e6bba53d22b8b6841a6e.webp
https://raw.githubusercontent.com/didilili/ai-agents-from-zero/ea7f28ffe0b2c2650e3936f3bb591560225702b3/images/6/6-4-6-18.png	/mirror/30/30bb69d7e78f6fc40a04e9dbce7971c95dee4cbf.webp
https://raw.githubusercontent.com/didilili/ai-agents-from-zero/ea7f28ffe0b2c2650e3936f3bb591560225702b3/images/6/6-4-6-19.png	/mirror/28/286ee8e608c51069d8c343c72de5597fa9c18054.webp
https://raw.githubusercontent.com/didilili/ai-agents-from-zero/ea7f28ffe0b2c2650e3936f3bb591560225702b3/images/6/6-4-6-2.png	/mirror/da/dacb182ceb0c300f9bd221731433e945c79915bf.webp
https://raw.githubusercontent.com/didilili/ai-agents-from-zero/ea7f28ffe0b2c2650e3936f3bb591560225702b3/images/6/6-4-6-20.png	/mirror/e3/e3efb2b14bda2206f5556549893169dc3564f6be.webp
https://raw.githubusercontent.com/didilili/ai-agents-from-zero/ea7f28ffe0b2c2650e3936f3bb591560225702b3/images/6/6-4-6-21.png	/mirror/0d/0dac4df96d59838d9e7062c091202b75f7175ed4.webp
https://raw.githubusercontent.com/didilili/ai-agents-from-zero/ea7f28ffe0b2c2650e3936f3bb591560225702b3/images/6/6-4-6-22.png	/mirror/20/20f7cfba1da1ddc460763cb31c0687a7e76426b8.webp
https://raw.githubusercontent.com/didilili/ai-agents-from-zero/ea7f28ffe0b2c2650e3936f3bb591560225702b3/images/6/6-4-6-23.png	/mirror/dd/ddb052e71f7c479a228105687259d32d66317582.webp
https://raw.githubusercontent.com/didilili/ai-agents-from-zero/ea7f28ffe0b2c2650e3936f3bb591560225702b3/images/6/6-4-6-24.png	/mirror/14/14d79d541a089262e9ae4c2e5c83a53eb9fb391f.webp
https://raw.githubusercontent.com/didilili/ai-agents-from-zero/ea7f28ffe0b2c2650e3936f3bb591560225702b3/images/6/6-4-6-25.png	/mirror/57/576e276ab0137def9c7ccfe145818a02d7eeee3e.webp
https://raw.githubusercontent.com/didilili/ai-agents-from-zero/ea7f28ffe0b2c2650e3936f3bb591560225702b3/images/6/6-4-6-3.png	/mirror/f1/f1b7161755643f288c330757595a19f01d14359e.webp
https://raw.githubusercontent.com/didilili/ai-agents-from-zero/ea7f28ffe0b2c2650e3936f3bb591560225702b3/images/6/6-4-6-4.png	/mirror/99/9964b057d66e96fc41eed534e41b97e0eae5e55e.webp
https://raw.githubusercontent.com/didilili/ai-agents-from-zero/ea7f28ffe0b2c2650e3936f3bb591560225702b3/images/6/6-4-6-5.png	/mirror/5c/5c3df44ad91c48679337c8a737332ef0a57f6f64.webp
https://raw.githubusercontent.com/didilili/ai-agents-from-zero/ea7f28ffe0b2c2650e3936f3bb591560225702b3/images/6/6-4-6-6.png	/mirror/a9/a9e759aa65bb7971e074e0e7f457587abc6c793b.webp
https://raw.githubusercontent.com/didilili/ai-agents-from-zero/ea7f28ffe0b2c2650e3936f3bb591560225702b3/images/6/6-4-6-7.png	/mirror/c1/c1cbab58c45f7d380de72603d551b2e34345f203.webp
https://raw.githubusercontent.com/didilili/ai-agents-from-zero/ea7f28ffe0b2c2650e3936f3bb591560225702b3/images/6/6-4-6-8.png	/mirror/ae/ae5215e6dd8d5038551ad0ca688fbf339991b6c3.webp
https://raw.githubusercontent.com/didilili/ai-agents-from-zero/ea7f28ffe0b2c2650e3936f3bb591560225702b3/images/6/6-4-6-9.png	/mirror/7e/7e389b77fec3a605f93c833d9c7d18eeae1cd0f9.webp
https://raw.githubusercontent.com/didilili/ai-agents-from-zero/ea7f28ffe0b2c2650e3936f3bb591560225702b3/images/7/7-1-2-1.png	/mirror/b6/b62b20bc9e2077afd21e9aa24eb56c903f1b4b27.webp
https://raw.githubusercontent.com/didilili/ai-agents-from-zero/ea7f28ffe0b2c2650e3936f3bb591560225702b3/images/7/7-1-3-1.png	/mirror/c2/c2625947a90cca1305e838ee8ee1cc37c17152c7.webp
https://raw.githubusercontent.com/didilili/ai-agents-from-zero/ea7f28ffe0b2c2650e3936f3bb591560225702b3/images/7/7-2-2-1.png	/mirror/4d/4d8478f1db37129893293152c774c22e21ff7b08.webp
https://raw.githubusercontent.com/didilili/ai-agents-from-zero/ea7f28ffe0b2c2650e3936f3bb591560225702b3/images/7/7-2-2-2.png	/mirror/f1/f12ddda360d95f783743584e30e1230e244bc389.webp
https://raw.githubusercontent.com/didilili/ai-agents-from-zero/ea7f28ffe0b2c2650e3936f3bb591560225702b3/images/7/7-2-2-3.png	/mirror/55/5507804a93293bb89b9a55fe3a5b9993521cb8ee.webp
https://raw.githubusercontent.com/didilili/ai-agents-from-zero/ea7f28ffe0b2c2650e3936f3bb591560225702b3/images/7/7-2-2-4.png	/mirror/af/af836e368998f797003fda521ff5bcd4bbcf3cdf.webp
https://raw.githubusercontent.com/didilili/ai-agents-from-zero/ea7f28ffe0b2c2650e3936f3bb591560225702b3/images/7/7-2-2-5.png	/mirror/2a/2a6e2af8b43ef62b9f81e8880c0c530692482663.webp
https://raw.githubusercontent.com/didilili/ai-agents-from-zero/ea7f28ffe0b2c2650e3936f3bb591560225702b3/images/7/7-2-2-6.png	/mirror/5b/5bfbbe04d9078afe7b1842cc2122c44c5da78483.webp
https://raw.githubusercontent.com/didilili/ai-agents-from-zero/ea7f28ffe0b2c2650e3936f3bb591560225702b3/images/7/7-2-2-7.png	/mirror/13/138b08e581dcce69458da1a2b09b6041f64b9b22.webp
https://raw.githubusercontent.com/didilili/ai-agents-from-zero/ea7f28ffe0b2c2650e3936f3bb591560225702b3/images/7/7-2-2-8.png	/mirror/ab/aba3c46a77b3e95ad48ca4c880d67720d271218a.webp
https://raw.githubusercontent.com/didilili/ai-agents-from-zero/ea7f28ffe0b2c2650e3936f3bb591560225702b3/images/7/7-2-2-9.png	/mirror/27/27f3fb801781091e01239873d51ede51d5cbf624.png
https://raw.githubusercontent.com/didilili/ai-agents-from-zero/ea7f28ffe0b2c2650e3936f3bb591560225702b3/images/7/7-2-3-1.png	/mirror/e5/e5d6fe26c067494c2b3dc609de6668c47ffb248e.webp
https://raw.githubusercontent.com/didilili/ai-agents-from-zero/ea7f28ffe0b2c2650e3936f3bb591560225702b3/images/7/7-2-3-2.png	/mirror/98/98ee107d4b3afbeddf46a9b84b6f64c12cdab53a.webp
https://raw.githubusercontent.com/didilili/ai-agents-from-zero/ea7f28ffe0b2c2650e3936f3bb591560225702b3/images/7/7-2-3-3.png	/mirror/86/865c92714c7cd41e9623a3e4e0f1328e3e6a02e7.webp
https://raw.githubusercontent.com/didilili/ai-agents-from-zero/ea7f28ffe0b2c2650e3936f3bb591560225702b3/images/7/7-2-3-4.png	/mirror/a0/a07c4d1e1c7fdbb7a6d15d76d2f8b3bc10181bdd.png
https://raw.githubusercontent.com/didilili/ai-agents-from-zero/ea7f28ffe0b2c2650e3936f3bb591560225702b3/images/7/7-2-3-5.png	/mirror/13/130c0aa15feac24a8910ca02ad9f53d5733ec1c7.png
https://raw.githubusercontent.com/didilili/ai-agents-from-zero/ea7f28ffe0b2c2650e3936f3bb591560225702b3/images/7/7-2-4-1.png	/mirror/bf/bf81781b5306910edaaeca074491af19c701b9cf.webp
https://raw.githubusercontent.com/didilili/ai-agents-from-zero/ea7f28ffe0b2c2650e3936f3bb591560225702b3/images/7/7-2-4-10.png	/mirror/84/84e396674270730caed387c73a077379b5f36f16.png
https://raw.githubusercontent.com/didilili/ai-agents-from-zero/ea7f28ffe0b2c2650e3936f3bb591560225702b3/images/7/7-2-4-11.png	/mirror/3f/3fcb8e3721862ee36f8d86c6f43a42852ed38066.png
https://raw.githubusercontent.com/didilili/ai-agents-from-zero/ea7f28ffe0b2c2650e3936f3bb591560225702b3/images/7/7-2-4-12.png	/mirror/53/53878e66be1f14ad290a54ad3b5bddda773d7ce2.png
https://raw.githubusercontent.com/didilili/ai-agents-from-zero/ea7f28ffe0b2c2650e3936f3bb591560225702b3/images/7/7-2-4-13.png	/mirror/fa/faf1696e11caa929f16c74991f6a4c369c67a05c.webp
https://raw.githubusercontent.com/didilili/ai-agents-from-zero/ea7f28ffe0b2c2650e3936f3bb591560225702b3/images/7/7-2-4-14.png	/mirror/e5/e536343f8849eac431fe743ebb806511a28bcd4f.webp
https://raw.githubusercontent.com/didilili/ai-agents-from-zero/ea7f28ffe0b2c2650e3936f3bb591560225702b3/images/7/7-2-4-15.png	/mirror/67/67cfa0e015a61f4874f609257478b9db9276ae0f.webp
https://raw.githubusercontent.com/didilili/ai-agents-from-zero/ea7f28ffe0b2c2650e3936f3bb591560225702b3/images/7/7-2-4-16.png	/mirror/6a/6a54c624e0806d035d54f5497a7872a8b3b2dd9c.webp
https://raw.githubusercontent.com/didilili/ai-agents-from-zero/ea7f28ffe0b2c2650e3936f3bb591560225702b3/images/7/7-2-4-17.png	/mirror/c0/c0533e3bd6c70e640272ec0095ff2ea223993a06.webp
https://raw.githubusercontent.com/didilili/ai-agents-from-zero/ea7f28ffe0b2c2650e3936f3bb591560225702b3/images/7/7-2-4-2.png	/mirror/e6/e6ed96a6324d35f1ff52f0287e86927d3cfa01d1.webp
https://raw.githubusercontent.com/didilili/ai-agents-from-zero/ea7f28ffe0b2c2650e3936f3bb591560225702b3/images/7/7-2-4-25.png	/mirror/f8/f8a2742f1c2adee87a0868b9f2012700a5763bc8.webp
https://raw.githubusercontent.com/didilili/ai-agents-from-zero/ea7f28ffe0b2c2650e3936f3bb591560225702b3/images/7/7-2-4-3.png	/mirror/bb/bb21fed27f8f0b7859c8583d9e3745ad49766fdd.webp
https://raw.githubusercontent.com/didilili/ai-agents-from-zero/ea7f28ffe0b2c2650e3936f3bb591560225702b3/images/7/7-2-4-4.png	/mirror/f9/f9e3f8b4d606b8c864b8cbf6727dd41ca97df95d.png
https://raw.githubusercontent.com/didilili/ai-agents-from-zero/ea7f28ffe0b2c2650e3936f3bb591560225702b3/images/7/7-2-4-5.png	/mirror/71/7161dfd61815d17de843d9604277bef5d8d1e14f.png
https://raw.githubusercontent.com/didilili/ai-agents-from-zero/ea7f28ffe0b2c2650e3936f3bb591560225702b3/images/7/7-2-4-6.png	/mirror/6b/6b5779a99e725f241a1908c862b796162321bf8b.png
https://raw.githubusercontent.com/didilili/ai-agents-from-zero/ea7f28ffe0b2c2650e3936f3bb591560225702b3/images/7/7-2-4-8.png	/mirror/fa/fa20bf37e120f01511ad29443396b5ecefffa783.png
https://raw.githubusercontent.com/didilili/ai-agents-from-zero/ea7f28ffe0b2c2650e3936f3bb591560225702b3/images/7/7-2-5-1.png	/mirror/5a/5a45adaf1689f0c8f0515d7524118f3c28274db4.webp
https://raw.githubusercontent.com/didilili/ai-agents-from-zero/ea7f28ffe0b2c2650e3936f3bb591560225702b3/images/7/7-2-5-2.png	/mirror/2f/2f64ba458edd684543f98231d4bf1ceaac7b067d.webp
https://raw.githubusercontent.com/didilili/ai-agents-from-zero/ea7f28ffe0b2c2650e3936f3bb591560225702b3/images/7/7-2-5-3.png	/mirror/42/42b533ae8afcb20d064754c3a638e8a9827d8545.webp
https://raw.githubusercontent.com/didilili/ai-agents-from-zero/ea7f28ffe0b2c2650e3936f3bb591560225702b3/images/7/7-2-5-4.png	/mirror/7f/7fa819456959aa400de4c0724c521a134e86171a.webp
https://raw.githubusercontent.com/didilili/ai-agents-from-zero/ea7f28ffe0b2c2650e3936f3bb591560225702b3/images/7/7-3-1-2.png	/mirror/11/115234ac3bec384c1cccecec4d685ad9d570688e.webp
https://raw.githubusercontent.com/didilili/ai-agents-from-zero/ea7f28ffe0b2c2650e3936f3bb591560225702b3/images/7/7-3-1-3.png	/mirror/94/94b41f82511b2871edb29de47760031913e5f475.webp
https://raw.githubusercontent.com/didilili/ai-agents-from-zero/ea7f28ffe0b2c2650e3936f3bb591560225702b3/images/7/7-3-1-4.png	/mirror/eb/ebc19612bf926f0af58cee707c930b2dc1d7fcab.webp
https://raw.githubusercontent.com/didilili/ai-agents-from-zero/ea7f28ffe0b2c2650e3936f3bb591560225702b3/images/7/7-3-1-5.png	/mirror/1d/1d529f4be7cb03d49b3e1a738b9a2396e84cda2a.webp
https://raw.githubusercontent.com/didilili/ai-agents-from-zero/ea7f28ffe0b2c2650e3936f3bb591560225702b3/images/7/7-3-1-6.png	/mirror/68/6802484015fee4de0c15c82c77dca036ff8eaf90.png
https://raw.githubusercontent.com/didilili/ai-agents-from-zero/ea7f28ffe0b2c2650e3936f3bb591560225702b3/images/7/7-3-1-7.png	/mirror/bd/bd815337f792bad4285b2fd6ad0752140f794667.webp
https://raw.githubusercontent.com/didilili/ai-agents-from-zero/ea7f28ffe0b2c2650e3936f3bb591560225702b3/images/7/7-3-1-8.png	/mirror/b3/b36606f7b7e188ebf0dcccda076f84950bf83b6f.png
https://raw.githubusercontent.com/didilili/ai-agents-from-zero/ea7f28ffe0b2c2650e3936f3bb591560225702b3/images/7/7-3-2-4.png	/mirror/c2/c2a8da480ed7fe9cc66f00e7a4e02795d330565b.webp
https://raw.githubusercontent.com/didilili/ai-agents-from-zero/ea7f28ffe0b2c2650e3936f3bb591560225702b3/images/7/7-3-3-1.png	/mirror/8f/8f8a63b49772d469d55626186d1144429124aa2e.webp
https://raw.githubusercontent.com/didilili/ai-agents-from-zero/ea7f28ffe0b2c2650e3936f3bb591560225702b3/images/7/7-3-3-2.png	/mirror/c9/c9e442ea4e35dd679efb6955b5500b5f10dd0037.webp
https://raw.githubusercontent.com/didilili/ai-agents-from-zero/ea7f28ffe0b2c2650e3936f3bb591560225702b3/images/7/7-3-3-3.png	/mirror/34/34153f567a7b0531cb03520c320bc3c0ef54a360.webp
https://raw.githubusercontent.com/didilili/ai-agents-from-zero/ea7f28ffe0b2c2650e3936f3bb591560225702b3/images/7/7-3-3-4.png	/mirror/78/7865181c2f441134460c1801db3cca1db8735d02.png
https://raw.githubusercontent.com/didilili/ai-agents-from-zero/ea7f28ffe0b2c2650e3936f3bb591560225702b3/images/7/7-3-3-5.png	/mirror/1f/1f2c109c2ee53924ff649b982f6be9f79b33548d.webp
https://raw.githubusercontent.com/didilili/ai-agents-from-zero/ea7f28ffe0b2c2650e3936f3bb591560225702b3/images/7/7-3-3-6.png	/mirror/9c/9c8564ac588340659a8600325c4b71e4ad0e3762.png
https://raw.githubusercontent.com/didilili/ai-agents-from-zero/ea7f28ffe0b2c2650e3936f3bb591560225702b3/images/7/7-3-4-1.png	/mirror/f7/f7b964a02f325431f3a8f08d4e0610f3d1106d8f.png
https://raw.githubusercontent.com/didilili/ai-agents-from-zero/ea7f28ffe0b2c2650e3936f3bb591560225702b3/images/7/7-3-4-2.png	/mirror/40/40c5ed630350be7f8dffd5d9ed7c0a3ac3e695da.png
https://raw.githubusercontent.com/didilili/ai-agents-from-zero/ea7f28ffe0b2c2650e3936f3bb591560225702b3/images/7/7-3-4-3.png	/mirror/df/dfb5e227890bb0098e2d90ead51d4fc08a6ebaba.png
https://raw.githubusercontent.com/didilili/ai-agents-from-zero/ea7f28ffe0b2c2650e3936f3bb591560225702b3/images/7/7-3-4-4.png	/mirror/10/10112ea2a3dbcfcc60f5620ad2a4494aa3606188.webp
https://raw.githubusercontent.com/didilili/ai-agents-from-zero/ea7f28ffe0b2c2650e3936f3bb591560225702b3/images/7/7-3-4-5.png	/mirror/2e/2eee9ec6bd3830e90038764b8f75dbcce2055d9b.png
https://raw.githubusercontent.com/didilili/ai-agents-from-zero/ea7f28ffe0b2c2650e3936f3bb591560225702b3/images/7/7-3-5-1.png	/mirror/e6/e63a80747a1dedfb8219b42e7e3fa0bea3e862ef.png
https://raw.githubusercontent.com/didilili/ai-agents-from-zero/ea7f28ffe0b2c2650e3936f3bb591560225702b3/images/7/7-3-5-2.png	/mirror/24/248422ae436216aa01e04e55b06adef8a768a45a.png
https://raw.githubusercontent.com/didilili/ai-agents-from-zero/ea7f28ffe0b2c2650e3936f3bb591560225702b3/images/7/7-3-5-3.png	/mirror/01/01091ea2707223717742eae06008b30a2e9f91ce.png
https://raw.githubusercontent.com/didilili/ai-agents-from-zero/ea7f28ffe0b2c2650e3936f3bb591560225702b3/images/7/7-3-5-4.png	/mirror/3c/3c8c31179f1b4e0390d4db2499f3736d9eb6a660.webp
https://raw.githubusercontent.com/didilili/ai-agents-from-zero/ea7f28ffe0b2c2650e3936f3bb591560225702b3/images/7/7-3-5-5.png	/mirror/0f/0f1b416c5ba4dc755c21de72e6907ecaab420ed7.png
https://raw.githubusercontent.com/didilili/ai-agents-from-zero/ea7f28ffe0b2c2650e3936f3bb591560225702b3/images/7/7-3-6-1.png	/mirror/da/da3fc412f0fc1d09e9140a371e9431bb1b073716.webp
https://raw.githubusercontent.com/didilili/ai-agents-from-zero/ea7f28ffe0b2c2650e3936f3bb591560225702b3/images/7/7-3-6-10.png	/mirror/3b/3bcfab72dc5d95203fe59d3cea741f072db03c42.webp
https://raw.githubusercontent.com/didilili/ai-agents-from-zero/ea7f28ffe0b2c2650e3936f3bb591560225702b3/images/7/7-3-6-11.png	/mirror/15/15fb10428b1d53f32427005d2b1c6d339a6d9d51.webp
https://raw.githubusercontent.com/didilili/ai-agents-from-zero/ea7f28ffe0b2c2650e3936f3bb591560225702b3/images/7/7-3-6-12.png	/mirror/c0/c01847e9dc1ce2ebc7436fa94d9da12a2f8af68a.webp
https://raw.githubusercontent.com/didilili/ai-agents-from-zero/ea7f28ffe0b2c2650e3936f3bb591560225702b3/images/7/7-3-6-2.png	/mirror/1a/1afb640b06ade610152f3904ae6957da7773ecde.webp
https://raw.githubusercontent.com/didilili/ai-agents-from-zero/ea7f28ffe0b2c2650e3936f3bb591560225702b3/images/7/7-3-6-3.png	/mirror/13/13b97a6d9d3f6ebe0ed69746e978d8954230152e.webp
https://raw.githubusercontent.com/didilili/ai-agents-from-zero/ea7f28ffe0b2c2650e3936f3bb591560225702b3/images/7/7-3-6-4.png	/mirror/dd/dd5cef9de67a4489abdce3fab953d9944147fcdc.webp
https://raw.githubusercontent.com/didilili/ai-agents-from-zero/ea7f28ffe0b2c2650e3936f3bb591560225702b3/images/7/7-3-6-5.png	/mirror/ba/baab37792c38356b9d36a738a58c9d7f9a9128f6.webp
https://raw.githubusercontent.com/didilili/ai-agents-from-zero/ea7f28ffe0b2c2650e3936f3bb591560225702b3/images/7/7-3-6-6.png	/mirror/37/37efbe02615b489c35959806deb3b70cba37946f.webp
https://raw.githubusercontent.com/didilili/ai-agents-from-zero/ea7f28ffe0b2c2650e3936f3bb591560225702b3/images/7/7-3-6-7.png	/mirror/9c/9c8912e112f9d10da60875a2e92d4728e48adee6.webp
https://raw.githubusercontent.com/didilili/ai-agents-from-zero/ea7f28ffe0b2c2650e3936f3bb591560225702b3/images/7/7-3-6-8.png	/mirror/6b/6bd14a71732ab8d6d84f68ddd7460dec0385513e.webp
https://raw.githubusercontent.com/didilili/ai-agents-from-zero/ea7f28ffe0b2c2650e3936f3bb591560225702b3/images/7/7-3-6-9.png	/mirror/ef/ef6534336f9f467791eb9f113b54ce35a1d4f8a1.webp
https://raw.githubusercontent.com/didilili/ai-agents-from-zero/ea7f28ffe0b2c2650e3936f3bb591560225702b3/images/8/8-1-3-1.png	/mirror/4d/4d887b8f5f44a027a6b3a3082d647a130a6c6190.webp
https://raw.githubusercontent.com/didilili/ai-agents-from-zero/ea7f28ffe0b2c2650e3936f3bb591560225702b3/images/8/8-1-4-1.png	/mirror/2d/2dcadc04fe28b795476826c4b8d7c4150e93de69.webp
https://raw.githubusercontent.com/didilili/ai-agents-from-zero/ea7f28ffe0b2c2650e3936f3bb591560225702b3/images/8/8-2-2-1.png	/mirror/4c/4c9c34c99aa6367f817509cee67de133fa5db4ee.png
https://raw.githubusercontent.com/didilili/ai-agents-from-zero/ea7f28ffe0b2c2650e3936f3bb591560225702b3/images/8/8-2-2-2.png	/mirror/fe/fe12f77be2288f650e78f5b04931ac341d714000.png
https://raw.githubusercontent.com/didilili/ai-agents-from-zero/ea7f28ffe0b2c2650e3936f3bb591560225702b3/images/8/8-2-3-1.png	/mirror/f6/f643c33952a87d9752784928d4278a335ca11886.webp
https://raw.githubusercontent.com/didilili/ai-agents-from-zero/ea7f28ffe0b2c2650e3936f3bb591560225702b3/images/8/8-2-4-1.png	/mirror/cd/cdaf44d4d4efa8e3de9944e02b8484e20329f7da.webp
https://raw.githubusercontent.com/didilili/ai-agents-from-zero/ea7f28ffe0b2c2650e3936f3bb591560225702b3/images/8/8-2-4-2.png	/mirror/63/63345a8d061c80acdbe9c58d2596cd5ff0b509c7.webp
https://raw.githubusercontent.com/didilili/ai-agents-from-zero/ea7f28ffe0b2c2650e3936f3bb591560225702b3/images/8/8-2-6-1.png	/mirror/98/980c2f1fb36918b46bacf2079b118b02e05b61de.webp
https://raw.githubusercontent.com/didilili/ai-agents-from-zero/ea7f28ffe0b2c2650e3936f3bb591560225702b3/images/8/8-2-6-2.png	/mirror/40/405f7ba579cf0bdc8966ab669111d7bc62bf9b7b.webp
https://raw.githubusercontent.com/didilili/ai-agents-from-zero/ea7f28ffe0b2c2650e3936f3bb591560225702b3/images/8/8-2-7-1.png	/mirror/9e/9ec09d88bf1502afec85a754dc4d8f0da47cc54d.webp
https://raw.githubusercontent.com/didilili/ai-agents-from-zero/ea7f28ffe0b2c2650e3936f3bb591560225702b3/images/8/8-2-8-1.png	/mirror/f6/f65820eb7cbbc0f1786d0ebc73a021af4d7c6e99.webp
https://raw.githubusercontent.com/didilili/ai-agents-from-zero/ea7f28ffe0b2c2650e3936f3bb591560225702b3/images/8/8-2-8-2.png	/mirror/26/266dc8aceee2dee82bd12b43e621d9e8a9e860bd.webp
https://raw.githubusercontent.com/didilili/ai-agents-from-zero/ea7f28ffe0b2c2650e3936f3bb591560225702b3/images/8/8-2-8-3.png	/mirror/2d/2dd616b2b0bc254dce4af32d6bb7b3a3caa9c1ac.webp
https://raw.githubusercontent.com/didilili/ai-agents-from-zero/ea7f28ffe0b2c2650e3936f3bb591560225702b3/images/8/8-4-2-1.png	/mirror/42/42e4955ebef57d30124703e4b3487ee4497f0f3d.png
https://raw.githubusercontent.com/didilili/ai-agents-from-zero/ea7f28ffe0b2c2650e3936f3bb591560225702b3/images/8/8-4-4-1.png	/mirror/0d/0d789fce740b782a879d18dff8b9a91748e02ced.webp
https://raw.githubusercontent.com/didilili/ai-agents-from-zero/ea7f28ffe0b2c2650e3936f3bb591560225702b3/images/8/8-4-5-1.png	/mirror/8c/8cbc6f170cdbbf947191993d1d21ab0eba4c8400.png
https://raw.githubusercontent.com/didilili/ai-agents-from-zero/ea7f28ffe0b2c2650e3936f3bb591560225702b3/images/8/8-4-5-2.png	/mirror/eb/eb23c6384c754bd50711a2bd0fed7d6c2348da7f.png
https://raw.githubusercontent.com/didilili/ai-agents-from-zero/ea7f28ffe0b2c2650e3936f3bb591560225702b3/images/8/8-6-4-1.png	/mirror/12/1268056fc29454a8302750bbec63ddc1f8b54248.webp
https://raw.githubusercontent.com/didilili/ai-agents-from-zero/ea7f28ffe0b2c2650e3936f3bb591560225702b3/images/8/8-6-4-2.png	/mirror/d7/d75fcc766aaa121a9b2bd1fa7c5499a14a4b98c1.webp
https://raw.githubusercontent.com/didilili/ai-agents-from-zero/ea7f28ffe0b2c2650e3936f3bb591560225702b3/images/8/8-6-4-3.png	/mirror/8b/8b28726e021cb5086a115d965d70ca0ebef51074.webp
https://raw.githubusercontent.com/didilili/ai-agents-from-zero/ea7f28ffe0b2c2650e3936f3bb591560225702b3/images/8/8-6-4-4.png	/mirror/b1/b13a911a99d5989a39fa4c5697959b795fc6e427.webp
https://raw.githubusercontent.com/didilili/ai-agents-from-zero/ea7f28ffe0b2c2650e3936f3bb591560225702b3/images/8/8-6-4-5.png	/mirror/0e/0eaccaf947e78db6c9ffb6853d0a922965ec3662.webp
https://raw.githubusercontent.com/didilili/ai-agents-from-zero/ea7f28ffe0b2c2650e3936f3bb591560225702b3/images/8/8-6-5-1.png	/mirror/55/5547c30c1fab2efa726f82fe1eb991422a154efa.webp
https://raw.githubusercontent.com/didilili/ai-agents-from-zero/ea7f28ffe0b2c2650e3936f3bb591560225702b3/images/8/8-6-5-2.png	/mirror/fd/fd696d263dca125beecae15c40847b045909e5ab.png
https://raw.githubusercontent.com/didilili/ai-agents-from-zero/ea7f28ffe0b2c2650e3936f3bb591560225702b3/images/8/8-6-5-3.png	/mirror/9b/9ba6017a66ea2366af60d36b7797e7d61cd34ded.webp
https://raw.githubusercontent.com/didilili/ai-agents-from-zero/ea7f28ffe0b2c2650e3936f3bb591560225702b3/images/8/8-6-5-4.png	/mirror/77/777c565aaa57316edfa1e0e2890cd794a91e494c.webp
https://raw.githubusercontent.com/didilili/ai-agents-from-zero/ea7f28ffe0b2c2650e3936f3bb591560225702b3/images/8/8-7-1-1.png	/mirror/06/06c9bd3e086770ef00fd042911a54f28879989b7.webp
https://raw.githubusercontent.com/didilili/ai-agents-from-zero/ea7f28ffe0b2c2650e3936f3bb591560225702b3/images/8/8-7-1-2.png	/mirror/c4/c4449611d24163da203ea04310fa836acd5562da.webp
https://raw.githubusercontent.com/didilili/ai-agents-from-zero/ea7f28ffe0b2c2650e3936f3bb591560225702b3/images/9/9-1-2-1.png	/mirror/1d/1d6686350b141a8761435fb716b5ef47411f55d6.webp
https://raw.githubusercontent.com/didilili/ai-agents-from-zero/ea7f28ffe0b2c2650e3936f3bb591560225702b3/images/9/9-1-3-1.jpg	/mirror/60/60e8fa7fdca87310fea831a14a6f3629bc82a57d.webp
https://raw.githubusercontent.com/didilili/ai-agents-from-zero/ea7f28ffe0b2c2650e3936f3bb591560225702b3/images/9/9-2-2-1.png	/mirror/5b/5bc27808f6e68e93fcb07114af437fd53d97ee24.webp
https://raw.githubusercontent.com/didilili/ai-agents-from-zero/ea7f28ffe0b2c2650e3936f3bb591560225702b3/images/9/9-2-4-1.png	/mirror/47/470ac0d57ef26ca9bc3241779950b31d409c87f7.webp
https://raw.githubusercontent.com/didilili/ai-agents-from-zero/ea7f28ffe0b2c2650e3936f3bb591560225702b3/images/9/9-3-1-1.gif	/mirror/dc/dc09022a58cf70b82d79b871cf927a53ae10ce70.webp
https://raw.githubusercontent.com/didilili/ai-agents-from-zero/ea7f28ffe0b2c2650e3936f3bb591560225702b3/images/9/9-3-1-2.gif	/mirror/19/19759f9a8a7e360fec2e633e2711429801df5b26.webp
https://raw.githubusercontent.com/didilili/ai-agents-from-zero/ea7f28ffe0b2c2650e3936f3bb591560225702b3/images/9/9-3-1-3.gif	/mirror/6f/6ffa827cec1cd1c1c272953c900f1ce11c0b3d5f.webp
https://raw.githubusercontent.com/didilili/ai-agents-from-zero/ea7f28ffe0b2c2650e3936f3bb591560225702b3/images/9/9-3-3-1.jpeg	/mirror/b3/b30ef6b140054a013b66dc6b3b63dede8dd8edfd.webp
https://raw.githubusercontent.com/didilili/ai-agents-from-zero/ea7f28ffe0b2c2650e3936f3bb591560225702b3/images/9/9-4-1-1.png	/mirror/90/90156b3238cc13545b1a3488b9a143d99a12e63f.webp
https://raw.githubusercontent.com/didilili/ai-agents-from-zero/ea7f28ffe0b2c2650e3936f3bb591560225702b3/images/9/9-4-2-1.png	/mirror/77/77f6ce866058b4fd6cd3d1471073904569aaf368.webp
https://raw.githubusercontent.com/didilili/ai-agents-from-zero/ea7f28ffe0b2c2650e3936f3bb591560225702b3/images/9/9-4-5-1.png	/mirror/ee/ee8fb9efb04f979e87dbcaf973ea56da632a43be.webp
https://raw.githubusercontent.com/didilili/ai-agents-from-zero/ea7f28ffe0b2c2650e3936f3bb591560225702b3/images/9/9-4-6-1.png	/mirror/89/89195bdf5196a415481491aca99783efcd93a2f0.webp
https://raw.githubusercontent.com/didilili/ai-agents-from-zero/ea7f28ffe0b2c2650e3936f3bb591560225702b3/images/9/9-4-8-1.jpeg	/mirror/75/759390be549e52cf1135521a0746453e6b092e2d.webp
https://raw.githubusercontent.com/didilili/ai-agents-from-zero/ea7f28ffe0b2c2650e3936f3bb591560225702b3/images/9/9-4-8-2.jpg	/mirror/fd/fd43c0c893c8a169a5f495806bd651dd049602dc.webp
https://raw.githubusercontent.com/didilili/ai-agents-from-zero/ea7f28ffe0b2c2650e3936f3bb591560225702b3/images/banner-v8.png	/mirror/f6/f6cae25785cb9d44df7b94a20489cdddaf79e20f.webp
https://raw.githubusercontent.com/didilili/ai-agents-from-zero/ea7f28ffe0b2c2650e3936f3bb591560225702b3/images/智能体生态架构图.png	/mirror/ce/cef12c03ffb321c219cddaa2dd50d2ef5ffb22bd.webp
https://raw.githubusercontent.com/ed-donner/production/daeb3dae34be3287842ea7faa3e6f4cba467028b/assets/course.png	/mirror/16/16294d448cb97c5eff2617420751a025b02060e1.webp
https://raw.githubusercontent.com/freestylefly/CodexGuide/f93c14ba1239178f63210c7e2e6e6965ebf59e79/assets/theme-codexguide-preview.png	/mirror/fc/fc07ee78ff818070e98c4632ad46a0c74d26ccc5.webp
https://raw.githubusercontent.com/freestylefly/CodexGuide/f93c14ba1239178f63210c7e2e6e6965ebf59e79/docs/images/canghe-wechat-official-account-qr.png	/mirror/34/3447f478347ba75a5424698afc4b9a95c40d804e.webp
https://raw.githubusercontent.com/fufankeji/FuFan-VibeCodingCourse/5336ede159a7ac2ce0ee136324fe5bffd56970ca/00_Introduction/images/cursor_git_collaboration.png	/mirror/12/12484ca3f2b1bd2af8dc9dae9d3b10932712096c.webp
https://raw.githubusercontent.com/fufankeji/FuFan-VibeCodingCourse/5336ede159a7ac2ce0ee136324fe5bffd56970ca/00_Introduction/images/cursor_github_config.png	/mirror/27/27eb0160286037c746364f25d4bac078131761ef.webp
https://raw.githubusercontent.com/fufankeji/FuFan-VibeCodingCourse/5336ede159a7ac2ce0ee136324fe5bffd56970ca/00_Introduction/images/git_github_relationship.png	/mirror/10/10e4c17d7c865c2ddaf4268a6d9ed18526cc9fe8.webp
https://raw.githubusercontent.com/fufankeji/FuFan-VibeCodingCourse/5336ede159a7ac2ce0ee136324fe5bffd56970ca/00_Introduction/images/git_setup_flow.png	/mirror/ae/ae08cd8699bf641a52105372b5ddbd079e41d19d.webp
https://raw.githubusercontent.com/fufankeji/FuFan-VibeCodingCourse/5336ede159a7ac2ce0ee136324fe5bffd56970ca/Stage1_AI_Programming_Fundamentals/Lesson01_Dev_Workflow_and_Environment/images/open1.png	/mirror/70/7016cc7ad12dde8c39d62cf0151375be5e585d6c.webp
https://raw.githubusercontent.com/github/spec-kit/main/media/spec-kit-video-header.jpg	/mirror/87/87011979806f77dbdbb7a0a4f62e9ed9ed512bcf.webp
https://raw.githubusercontent.com/google-gemini/cookbook/a1b990c859a34823c982f70edaff35b830511c64/examples/iot/esp32/voice_led_controller/wiring-diagram.png	/mirror/b0/b05dbb0d305ea7d139fc5cace3a17914d25f3d24.webp
https://raw.githubusercontent.com/heilcheng/awesome-agent-skills/de9056857eb0e96da833469d2ee3ac392058225d/assets/banner.png	/mirror/f8/f8d60be91ac76a5c0eb15e47c3d5edae70162933.webp
https://raw.githubusercontent.com/jamwithai/production-agentic-rag-course/424a0eb99edf841994f2a9a053912b489d2a94ff/static/langgraph-mermaid.png	/mirror/6f/6f9a9421710c54d8da151ceb87db51116fec56fe.webp
https://raw.githubusercontent.com/jamwithai/production-agentic-rag-course/424a0eb99edf841994f2a9a053912b489d2a94ff/static/mother_of_ai_project_rag_architecture.gif	/mirror/30/3085cd9bd207560afac2d73781f2b86057e97db3.webp
https://raw.githubusercontent.com/jamwithai/production-agentic-rag-course/424a0eb99edf841994f2a9a053912b489d2a94ff/static/week1_infra_setup.png	/mirror/a8/a86b7477b786218e1cfed24d94d2e30ed4c4fb4a.webp
https://raw.githubusercontent.com/jamwithai/production-agentic-rag-course/424a0eb99edf841994f2a9a053912b489d2a94ff/static/week2_data_ingestion_flow.png	/mirror/24/24a0f27081fb6c014f11fe34f71095864ab0858a.webp
https://raw.githubusercontent.com/jamwithai/production-agentic-rag-course/424a0eb99edf841994f2a9a053912b489d2a94ff/static/week3_opensearch_flow.png	/mirror/84/84f689ac714b8c28bf98564ca3ce170e5e3061e1.webp
https://raw.githubusercontent.com/jamwithai/production-agentic-rag-course/424a0eb99edf841994f2a9a053912b489d2a94ff/static/week4_hybrid_opensearch.png	/mirror/95/95232b6d8b37b9e3db438e5d1878e5ceec57e91c.webp
https://raw.githubusercontent.com/jamwithai/production-agentic-rag-course/424a0eb99edf841994f2a9a053912b489d2a94ff/static/week6_monitoring_and_caching.png	/mirror/6a/6a115b16d5361acdcfc868adb3dc8a9bf9ed2264.webp
https://raw.githubusercontent.com/jamwithai/production-agentic-rag-course/424a0eb99edf841994f2a9a053912b489d2a94ff/static/week7_telegram_and_agentic_ai.png	/mirror/a6/a67646774695681cf5556f53070f631cbed22d82.webp
https://raw.githubusercontent.com/jnMetaCode/superpowers-zh/79ea5d262b7a1c7ce76a289390853bca51f940d4/assets/qr-wechat.jpg	/mirror/51/51645663a1cf7aab51332581e206cb2c9b1ba1de.webp
https://raw.githubusercontent.com/joeylee12629-star/article-assets/main/win-packaging/sec-en-01.jpg	/mirror/22/2280549c2f8697e826063a481c6c09d28c647075.webp
https://raw.githubusercontent.com/joeylee12629-star/article-assets/main/win-packaging/sec-en-02.jpg	/mirror/86/8667418825dc0093cb1fbf43448e62dc5d85edd1.webp
https://raw.githubusercontent.com/joeylee12629-star/article-assets/main/win-packaging/sec-en-03.jpg	/mirror/4d/4dada502be7bff65de22d084dfc3f0281876d0b1.webp
https://raw.githubusercontent.com/joeylee12629-star/article-assets/main/win-packaging/sec-en-04.jpg	/mirror/89/89f26c18d9e232e66468a06315ad43d40471854f.webp
https://raw.githubusercontent.com/joeylee12629-star/article-assets/main/win-packaging/sec-en-05.jpg	/mirror/b4/b4d27bed220907c3b35171e1c7374257a39e7e0f.webp
https://raw.githubusercontent.com/joeylee12629-star/article-assets/main/win-packaging/sec-en-06.jpg	/mirror/10/1032ba349e591927306b106656093bf5c75bdf72.webp
https://raw.githubusercontent.com/keli-wen/agentic-harness-patterns-skill/17549f55b84a94b1ff647ae4711be600fe8ae12f/images/agent-harness-patterns-header.png	/mirror/f4/f4729a89d4ad68aca2087b6788e52e017a93652e.webp
https://raw.githubusercontent.com/keli-wen/agentic-harness-patterns-skill/17549f55b84a94b1ff647ae4711be600fe8ae12f/images/fig1-harness-filesystem.png	/mirror/ba/ba96f66ce3bee68fa3d6e0860fe903e218140aca.webp
https://raw.githubusercontent.com/keli-wen/agentic-harness-patterns-skill/17549f55b84a94b1ff647ae4711be600fe8ae12f/images/fig2-fanout-convergence.png	/mirror/f0/f0e5b4589ea0f4c6acc2eb328a862ae5fe58f7b8.webp
https://raw.githubusercontent.com/keli-wen/agentic-harness-patterns-skill/17549f55b84a94b1ff647ae4711be600fe8ae12f/images/fig3-pca-projection.png	/mirror/85/8508f6a87da1a94e78d5f633452a8c289fcce823.webp
https://raw.githubusercontent.com/keli-wen/agentic-harness-patterns-skill/17549f55b84a94b1ff647ae4711be600fe8ae12f/images/skill-install-screenshot.png	/mirror/61/61a8868a08633fba50acffab2f831078f9d20404.webp
https://raw.githubusercontent.com/langchain-ai/deepagents/d93ab3351bbf4c3687212f665094ccad100f2c08/.github/images/logo-dark.svg	/mirror/18/189ebcf3c6787085937eb051e680d286714fed26.svg
https://raw.githubusercontent.com/langchain-ai/deepagents/d93ab3351bbf4c3687212f665094ccad100f2c08/.github/images/logo-light.svg	/mirror/c9/c9388249bafa67ab09a9d3b6215cd312dd2d8fa3.svg
https://raw.githubusercontent.com/langchain-ai/deepagents/d93ab3351bbf4c3687212f665094ccad100f2c08/examples/better-harness/better_harness_optimization.svg	/mirror/61/613c580e343a4f8e8edd9460ad74ef13edfc5cd9.svg
https://raw.githubusercontent.com/langgptai/wonderful-prompts/c8e5dbd3bc01740728fd1ab8f8d4f654a17e3697/imgs/continue.jpg	/mirror/67/67922c0431fe0fdf995cee797928801c1bf453fb.webp
https://raw.githubusercontent.com/lemonade-sdk/assets/refs/heads/main/huggingface_course/custom_model.png	/mirror/e4/e4a8abe7622e587362629771a3adafc2130fe7ec.webp
https://raw.githubusercontent.com/lemonade-sdk/assets/refs/heads/main/huggingface_course/hf_lemonade.png	/mirror/8f/8fea4284444991068531d79e90b1ff69943fc578.webp
https://raw.githubusercontent.com/lemonade-sdk/assets/refs/heads/main/huggingface_course/recording.gif	/mirror/01/01e26968b1a6c60acc7354c1e72ddc76b9422361.webp
https://raw.githubusercontent.com/microsoft/AI-Engineering-Coach/18b1a3d16b586c171426c6a407cc5c2dc073556e/assets/screen-achievements.png	/mirror/69/696d104e34f25843a380ac641dcfcdd05c7d97e4.webp
https://raw.githubusercontent.com/microsoft/AI-Engineering-Coach/18b1a3d16b586c171426c6a407cc5c2dc073556e/assets/screen-antipatterns.png	/mirror/ca/ca53eed670692bb621d71acc7835c05c93c15f66.webp
https://raw.githubusercontent.com/microsoft/AI-Engineering-Coach/18b1a3d16b586c171426c6a407cc5c2dc073556e/assets/screen-consumption.png	/mirror/18/18f731d3fad83de445a6be2608c89992774729f9.webp
https://raw.githubusercontent.com/microsoft/AI-Engineering-Coach/18b1a3d16b586c171426c6a407cc5c2dc073556e/assets/screen-context-management.png	/mirror/e6/e61304624b09ce00fd20ac3b76cf9c86d0562eed.webp
https://raw.githubusercontent.com/microsoft/AI-Engineering-Coach/18b1a3d16b586c171426c6a407cc5c2dc073556e/assets/screen-context-quality.png	/mirror/25/25f07d851f37c5a2ba40336c5a7a00862298fa96.webp
https://raw.githubusercontent.com/microsoft/AI-Engineering-Coach/18b1a3d16b586c171426c6a407cc5c2dc073556e/assets/screen-learning.png	/mirror/e9/e9b18aee712f698140b86cf465deb4a73bd12085.webp
https://raw.githubusercontent.com/microsoft/AI-Engineering-Coach/18b1a3d16b586c171426c6a407cc5c2dc073556e/assets/screen-output.png	/mirror/fe/fea6513fefa9a16f1c7cdac6857246e6dc25743b.webp
https://raw.githubusercontent.com/microsoft/AI-Engineering-Coach/18b1a3d16b586c171426c6a407cc5c2dc073556e/assets/screen-patterns-projects.png	/mirror/47/47a2adf772f6e019d7ee2ec6d4ae84043bef409d.webp
https://raw.githubusercontent.com/microsoft/AI-Engineering-Coach/18b1a3d16b586c171426c6a407cc5c2dc073556e/assets/screen-patterns-workhours.png	/mirror/05/05a0a97b2b91a0a1518bcf8ff588e01f4f46b5c2.webp
https://raw.githubusercontent.com/microsoft/AI-Engineering-Coach/18b1a3d16b586c171426c6a407cc5c2dc073556e/assets/screen-sdlc.png	/mirror/5e/5e749e8504833152d06c293122991a299e0d0623.webp
https://raw.githubusercontent.com/microsoft/AI-Engineering-Coach/18b1a3d16b586c171426c6a407cc5c2dc073556e/assets/screen-share.png	/mirror/3f/3ff97df12c14f68bc80480958c7704e3d3111c34.webp
https://raw.githubusercontent.com/microsoft/AI-Engineering-Coach/18b1a3d16b586c171426c6a407cc5c2dc073556e/assets/screen-skill-finder.png	/mirror/5c/5cb9a585e045f83cacc31df0adab12c4e98ac3e4.webp
https://raw.githubusercontent.com/microsoft/AI-Engineering-Coach/18b1a3d16b586c171426c6a407cc5c2dc073556e/assets/screen-timeline.png	/mirror/0e/0efbdb99589c543f08b5a04c56ea7c0e4e301340.webp
https://raw.githubusercontent.com/microsoft/LangChain4j-for-Beginners/9aed2ec27717775def0da2ff2d7950baa8995a64/01-introduction/images/conversational-chat-stateful-demo.png	/mirror/16/16d1577bd1c85a64e802451b7e597de64b8e49d0.webp
https://raw.githubusercontent.com/microsoft/LangChain4j-for-Beginners/9aed2ec27717775def0da2ff2d7950baa8995a64/01-introduction/images/dashboard.png	/mirror/42/42052e3deb5d2d840ba75bd26d91235124ce1602.webp
https://raw.githubusercontent.com/microsoft/LangChain4j-for-Beginners/9aed2ec27717775def0da2ff2d7950baa8995a64/01-introduction/images/home-screen.png	/mirror/47/4762af497126a8d241bcd293fee6d90e7a265ecb.webp
https://raw.githubusercontent.com/microsoft/LangChain4j-for-Beginners/9aed2ec27717775def0da2ff2d7950baa8995a64/01-introduction/images/memory-window.png	/mirror/65/652ca76b19a9589fb5f46082019669ce698962c1.webp
https://raw.githubusercontent.com/microsoft/LangChain4j-for-Beginners/9aed2ec27717775def0da2ff2d7950baa8995a64/01-introduction/images/simple-chat-stateless-demo.png	/mirror/b0/b0cf4d1cec173bb8dc734900fffac45a4bdd4af5.webp
https://raw.githubusercontent.com/microsoft/LangChain4j-for-Beginners/9aed2ec27717775def0da2ff2d7950baa8995a64/01-introduction/images/stateless-vs-stateful.png	/mirror/ec/ecfc8a89f75b2b0880da6e8b75d2303b9c46b666.webp
https://raw.githubusercontent.com/microsoft/LangChain4j-for-Beginners/9aed2ec27717775def0da2ff2d7950baa8995a64/01-introduction/images/token-explanation.png	/mirror/0f/0ff9402038d8699dd96712c4295d6a10cb8e58f9.webp
https://raw.githubusercontent.com/microsoft/LangChain4j-for-Beginners/9aed2ec27717775def0da2ff2d7950baa8995a64/02-prompt-engineering/images/chain-of-thought.png	/mirror/62/627a55933841ec3a4707380736ec54cdad8137c7.webp
https://raw.githubusercontent.com/microsoft/LangChain4j-for-Beginners/9aed2ec27717775def0da2ff2d7950baa8995a64/02-prompt-engineering/images/constrained-output-pattern.png	/mirror/99/99b49c2d41858164d2ea8a6d8fa5fc646ed23270.webp
https://raw.githubusercontent.com/microsoft/LangChain4j-for-Beginners/9aed2ec27717775def0da2ff2d7950baa8995a64/02-prompt-engineering/images/context-memory.png	/mirror/50/504f3fd27576704bec32a36e8705837891d6aeab.webp
https://raw.githubusercontent.com/microsoft/LangChain4j-for-Beginners/9aed2ec27717775def0da2ff2d7950baa8995a64/02-prompt-engineering/images/dashboard-home.png	/mirror/ac/ac1d41ba98aea60942e9a080074b36cd1501b5d6.webp
https://raw.githubusercontent.com/microsoft/LangChain4j-for-Beginners/9aed2ec27717775def0da2ff2d7950baa8995a64/02-prompt-engineering/images/dashboard.png	/mirror/1a/1a078c7c3c379ba3bdab0b6557c1a3618ae93774.webp
https://raw.githubusercontent.com/microsoft/LangChain4j-for-Beginners/9aed2ec27717775def0da2ff2d7950baa8995a64/02-prompt-engineering/images/eight-patterns.png	/mirror/6e/6ed38dc21b44382f065f3f56f4a70e8cdbb948f9.webp
https://raw.githubusercontent.com/microsoft/LangChain4j-for-Beginners/9aed2ec27717775def0da2ff2d7950baa8995a64/02-prompt-engineering/images/few-shot-prompting.png	/mirror/09/09ecf2363d36b43923eccdfff9e83e9631343c16.webp
https://raw.githubusercontent.com/microsoft/LangChain4j-for-Beginners/9aed2ec27717775def0da2ff2d7950baa8995a64/02-prompt-engineering/images/five-patterns-overview.png	/mirror/1d/1dab519129e53c4cacf3bad061d5ef61b3c36537.webp
https://raw.githubusercontent.com/microsoft/LangChain4j-for-Beginners/9aed2ec27717775def0da2ff2d7950baa8995a64/02-prompt-engineering/images/how-langchain4j-fits.png	/mirror/43/43b238bd41d8330e8400ed0d629e84c3ae3ff085.webp
https://raw.githubusercontent.com/microsoft/LangChain4j-for-Beginners/9aed2ec27717775def0da2ff2d7950baa8995a64/02-prompt-engineering/images/prompt-templates.png	/mirror/b0/b080c8ef8890c178102e05293c4e554d9057774b.webp
https://raw.githubusercontent.com/microsoft/LangChain4j-for-Beginners/9aed2ec27717775def0da2ff2d7950baa8995a64/02-prompt-engineering/images/reasoning-control.png	/mirror/d9/d95acc9c3e802f0fd05c03cee356aa8f03cace39.webp
https://raw.githubusercontent.com/microsoft/LangChain4j-for-Beginners/9aed2ec27717775def0da2ff2d7950baa8995a64/02-prompt-engineering/images/role-based-prompting.png	/mirror/c6/c6139ed8957633b58d045bc7200e3dfcc70b9c98.webp
https://raw.githubusercontent.com/microsoft/LangChain4j-for-Beginners/9aed2ec27717775def0da2ff2d7950baa8995a64/02-prompt-engineering/images/self-reflection-cycle.png	/mirror/5e/5e0e22e5e83017399f8763350f25f0e3fe060a8b.webp
https://raw.githubusercontent.com/microsoft/LangChain4j-for-Beginners/9aed2ec27717775def0da2ff2d7950baa8995a64/02-prompt-engineering/images/step-by-step-pattern.png	/mirror/86/867e7d03bd203a6396c6ac4d95085ab5d1ef42df.webp
https://raw.githubusercontent.com/microsoft/LangChain4j-for-Beginners/9aed2ec27717775def0da2ff2d7950baa8995a64/02-prompt-engineering/images/structured-analysis-pattern.png	/mirror/9d/9d5b6d1dbb6d7d0b1da71ecaaa87f0654ca79215.webp
https://raw.githubusercontent.com/microsoft/LangChain4j-for-Beginners/9aed2ec27717775def0da2ff2d7950baa8995a64/02-prompt-engineering/images/task-execution-pattern.png	/mirror/3e/3e43ac2fa23dc0327c5271e378e22c37fa5a656f.webp
https://raw.githubusercontent.com/microsoft/LangChain4j-for-Beginners/9aed2ec27717775def0da2ff2d7950baa8995a64/02-prompt-engineering/images/what-is-prompt-engineering.png	/mirror/0e/0e828eb8c9bf2b27cc9e3f1173bc94d3de47f426.webp
https://raw.githubusercontent.com/microsoft/LangChain4j-for-Beginners/9aed2ec27717775def0da2ff2d7950baa8995a64/02-prompt-engineering/images/what-youll-learn.png	/mirror/6c/6cf2cae32f4df456e869ca17029fd3425dc2f2b3.webp
https://raw.githubusercontent.com/microsoft/LangChain4j-for-Beginners/9aed2ec27717775def0da2ff2d7950baa8995a64/02-prompt-engineering/images/zero-shot-prompting.png	/mirror/e2/e25ffbed975794c73fd706efa305497a2f549cea.webp
https://raw.githubusercontent.com/microsoft/LangChain4j-for-Beginners/9aed2ec27717775def0da2ff2d7950baa8995a64/03-rag/images/context-assembly.png	/mirror/b7/b76547f5e7a4d2313532f8cc86eef5a27373842c.webp
https://raw.githubusercontent.com/microsoft/LangChain4j-for-Beginners/9aed2ec27717775def0da2ff2d7950baa8995a64/03-rag/images/cosine-similarity.png	/mirror/6f/6fd230535a409cea5f4a6afec88080e3240ce26f.webp
https://raw.githubusercontent.com/microsoft/LangChain4j-for-Beginners/9aed2ec27717775def0da2ff2d7950baa8995a64/03-rag/images/dashboard.png	/mirror/7c/7cdb10d2a3e5a8b4df4e0fabab8e7fb6a2c71266.webp
https://raw.githubusercontent.com/microsoft/LangChain4j-for-Beginners/9aed2ec27717775def0da2ff2d7950baa8995a64/03-rag/images/document-chunking.png	/mirror/4e/4e247ac7e848c473b251ef3d140b227efa7540e5.webp
https://raw.githubusercontent.com/microsoft/LangChain4j-for-Beginners/9aed2ec27717775def0da2ff2d7950baa8995a64/03-rag/images/easy-rag-pipeline.png	/mirror/44/449db14829263f21bddb0ff3fb2c43256ee4ca2e.webp
https://raw.githubusercontent.com/microsoft/LangChain4j-for-Beginners/9aed2ec27717775def0da2ff2d7950baa8995a64/03-rag/images/embedding-failure-modes.png	/mirror/68/685d9a708952ad6ca1f855a31edad1455e86a17c.webp
https://raw.githubusercontent.com/microsoft/LangChain4j-for-Beginners/9aed2ec27717775def0da2ff2d7950baa8995a64/03-rag/images/embedding-model-concept.png	/mirror/53/533da34ead144eab140783854dfdba126bbf0401.webp
https://raw.githubusercontent.com/microsoft/LangChain4j-for-Beginners/9aed2ec27717775def0da2ff2d7950baa8995a64/03-rag/images/embedding-search-steps.png	/mirror/85/85a0e2ab99655f66c2b7331d872dd6b601a864dc.webp
https://raw.githubusercontent.com/microsoft/LangChain4j-for-Beginners/9aed2ec27717775def0da2ff2d7950baa8995a64/03-rag/images/rag-approaches.png	/mirror/61/61097aafa3c71acf422a5c813e1bf8817d86232f.webp
https://raw.githubusercontent.com/microsoft/LangChain4j-for-Beginners/9aed2ec27717775def0da2ff2d7950baa8995a64/03-rag/images/rag-architecture.png	/mirror/1d/1d6ff46672928f7f621bd04f93efe1c4f92bd2e6.webp
https://raw.githubusercontent.com/microsoft/LangChain4j-for-Beginners/9aed2ec27717775def0da2ff2d7950baa8995a64/03-rag/images/rag-homepage.png	/mirror/a0/a0dd629468e1abdb0cdf37682adae713e4ade555.webp
https://raw.githubusercontent.com/microsoft/LangChain4j-for-Beginners/9aed2ec27717775def0da2ff2d7950baa8995a64/03-rag/images/rag-langchain4j-classes.png	/mirror/6b/6b71ed3cc8964c2a418eb73c66e53ab011e07f13.webp
https://raw.githubusercontent.com/microsoft/LangChain4j-for-Beginners/9aed2ec27717775def0da2ff2d7950baa8995a64/03-rag/images/rag-query-results.png	/mirror/a8/a8ec94713c1a1dac5e7ba8e812806d86db47775c.webp
https://raw.githubusercontent.com/microsoft/LangChain4j-for-Beginners/9aed2ec27717775def0da2ff2d7950baa8995a64/03-rag/images/semantic-search.png	/mirror/25/2590b7926c81a7b56483dd20a2629346f06dd223.webp
https://raw.githubusercontent.com/microsoft/LangChain4j-for-Beginners/9aed2ec27717775def0da2ff2d7950baa8995a64/03-rag/images/similarity-scores.png	/mirror/d3/d3d9fb400e17b5d3b4a6b2d408c9fcceaea503fa.webp
https://raw.githubusercontent.com/microsoft/LangChain4j-for-Beginners/9aed2ec27717775def0da2ff2d7950baa8995a64/03-rag/images/vector-embeddings.png	/mirror/01/015748ffc7d586bf93bad390d30e4fc43fc13595.webp
https://raw.githubusercontent.com/microsoft/LangChain4j-for-Beginners/9aed2ec27717775def0da2ff2d7950baa8995a64/03-rag/images/what-is-rag.png	/mirror/05/055e08d07bc43d9f8b6415ccb2d5e4a60c6c1b03.webp
https://raw.githubusercontent.com/microsoft/LangChain4j-for-Beginners/9aed2ec27717775def0da2ff2d7950baa8995a64/03-rag/images/when-to-use-rag.png	/mirror/e6/e66532bca1a5d1971ed455db0636c56e1b63f186.webp
https://raw.githubusercontent.com/microsoft/LangChain4j-for-Beginners/9aed2ec27717775def0da2ff2d7950baa8995a64/04-tools/images/dashboard.png	/mirror/57/571e0e5eaced842d6ae4d9ae0caac1cda3fba218.webp
https://raw.githubusercontent.com/microsoft/LangChain4j-for-Beginners/9aed2ec27717775def0da2ff2d7950baa8995a64/04-tools/images/decision-making.png	/mirror/ab/abf252b8ab6349982ba5a540a33d9a343701651f.webp
https://raw.githubusercontent.com/microsoft/LangChain4j-for-Beginners/9aed2ec27717775def0da2ff2d7950baa8995a64/04-tools/images/error-handling-flow.png	/mirror/70/70a624622e7f426ff0ff797f5c920f6819a8479e.webp
https://raw.githubusercontent.com/microsoft/LangChain4j-for-Beginners/9aed2ec27717775def0da2ff2d7950baa8995a64/04-tools/images/react-pattern-detail.png	/mirror/01/0105993eca3aae6a2e258ed9cb5092af21a5149f.webp
https://raw.githubusercontent.com/microsoft/LangChain4j-for-Beginners/9aed2ec27717775def0da2ff2d7950baa8995a64/04-tools/images/session-management.png	/mirror/bc/bcd70201819908c99c04abad778b10d419682055.webp
https://raw.githubusercontent.com/microsoft/LangChain4j-for-Beginners/9aed2ec27717775def0da2ff2d7950baa8995a64/04-tools/images/spring-boot-sequence.png	/mirror/4d/4db558696d697eed302c045daec0bc68dcdff0a7.webp
https://raw.githubusercontent.com/microsoft/LangChain4j-for-Beginners/9aed2ec27717775def0da2ff2d7950baa8995a64/04-tools/images/spring-boot-wiring.png	/mirror/6f/6f26bd6daa75034454bec737d3d796ad69c94c35.webp
https://raw.githubusercontent.com/microsoft/LangChain4j-for-Beginners/9aed2ec27717775def0da2ff2d7950baa8995a64/04-tools/images/tool-calling-flow.png	/mirror/07/07f2f6e75de83b4df2103d9bd03cbedb8096a970.webp
https://raw.githubusercontent.com/microsoft/LangChain4j-for-Beginners/9aed2ec27717775def0da2ff2d7950baa8995a64/04-tools/images/tool-calling-sequence.png	/mirror/fd/fd3e40794ac8d3b70d9d75cc9b9957d3bd0adea9.webp
https://raw.githubusercontent.com/microsoft/LangChain4j-for-Beginners/9aed2ec27717775def0da2ff2d7950baa8995a64/04-tools/images/tool-chaining-example.png	/mirror/ec/ecaabfabb25fb7894d03aae41ccd17f8db583646.webp
https://raw.githubusercontent.com/microsoft/LangChain4j-for-Beginners/9aed2ec27717775def0da2ff2d7950baa8995a64/04-tools/images/tool-definitions-anatomy.png	/mirror/b0/b01143e35a50db3594014cd976e443660d33ab27.webp
https://raw.githubusercontent.com/microsoft/LangChain4j-for-Beginners/9aed2ec27717775def0da2ff2d7950baa8995a64/04-tools/images/tool-ecosystem.png	/mirror/d3/d3309827786be0d075d78a1592a2abcb92fbf514.webp
https://raw.githubusercontent.com/microsoft/LangChain4j-for-Beginners/9aed2ec27717775def0da2ff2d7950baa8995a64/04-tools/images/tools-conversation-demo.png	/mirror/ae/ae41e8e996580a4cdb4c2f65ebeec4781803d95d.webp
https://raw.githubusercontent.com/microsoft/LangChain4j-for-Beginners/9aed2ec27717775def0da2ff2d7950baa8995a64/04-tools/images/tools-homepage.png	/mirror/0f/0f50e07041edc120f4a7a96b7d4f510b60c8e614.webp
https://raw.githubusercontent.com/microsoft/LangChain4j-for-Beginners/9aed2ec27717775def0da2ff2d7950baa8995a64/04-tools/images/tools-vs-rag.png	/mirror/55/55de7e6400a81085e73d7338184cf94bd6b63a02.webp
https://raw.githubusercontent.com/microsoft/LangChain4j-for-Beginners/9aed2ec27717775def0da2ff2d7950baa8995a64/04-tools/images/what-are-tools.png	/mirror/7c/7c136da08279967750032ac75eaf6483bcd0a9e7.webp
https://raw.githubusercontent.com/microsoft/LangChain4j-for-Beginners/9aed2ec27717775def0da2ff2d7950baa8995a64/04-tools/images/when-to-use-tools.png	/mirror/0c/0c75535fe636cb3274704ab85202034c46d0ade7.webp
https://raw.githubusercontent.com/microsoft/LangChain4j-for-Beginners/9aed2ec27717775def0da2ff2d7950baa8995a64/05-mcp/images/agent-listeners.png	/mirror/0c/0c69940303f7c541067f08f2d71d1e1ace62b2a4.webp
https://raw.githubusercontent.com/microsoft/LangChain4j-for-Beginners/9aed2ec27717775def0da2ff2d7950baa8995a64/05-mcp/images/agentic-scope.png	/mirror/0c/0c0ee28719f9c8c592581aaf9bddd3809f8c6965.webp
https://raw.githubusercontent.com/microsoft/LangChain4j-for-Beginners/9aed2ec27717775def0da2ff2d7950baa8995a64/05-mcp/images/course-completion.png	/mirror/cb/cb7cec0eefa7efc3616ba1feaa1caf0af07bc44b.webp
https://raw.githubusercontent.com/microsoft/LangChain4j-for-Beginners/9aed2ec27717775def0da2ff2d7950baa8995a64/05-mcp/images/custom-vs-mcp-tools.png	/mirror/fe/feb3450b160d336f9fcabd32a2dc2e6bc0789be4.webp
https://raw.githubusercontent.com/microsoft/LangChain4j-for-Beginners/9aed2ec27717775def0da2ff2d7950baa8995a64/05-mcp/images/file-report-workflow.png	/mirror/b1/b1134243726419dae39bc56417d85beeb9656865.webp
https://raw.githubusercontent.com/microsoft/LangChain4j-for-Beginners/9aed2ec27717775def0da2ff2d7950baa8995a64/05-mcp/images/mcp-architecture.png	/mirror/21/21a856cd039978f10372fde8d4065ea4b1cf6e54.webp
https://raw.githubusercontent.com/microsoft/LangChain4j-for-Beginners/9aed2ec27717775def0da2ff2d7950baa8995a64/05-mcp/images/mcp-comparison.png	/mirror/48/484f7fe8b7410a28ab805801fc7467ba61fab194.webp
https://raw.githubusercontent.com/microsoft/LangChain4j-for-Beginners/9aed2ec27717775def0da2ff2d7950baa8995a64/05-mcp/images/mcp-ecosystem.png	/mirror/d4/d4bb7ea46b0a8883d51f0fcc1d8198796b899a0f.webp
https://raw.githubusercontent.com/microsoft/LangChain4j-for-Beginners/9aed2ec27717775def0da2ff2d7950baa8995a64/05-mcp/images/mcp-protocol-detail.png	/mirror/11/112e1245cdcdf65d5941cb8b37005f9504232383.webp
https://raw.githubusercontent.com/microsoft/LangChain4j-for-Beginners/9aed2ec27717775def0da2ff2d7950baa8995a64/05-mcp/images/response-strategies.png	/mirror/a1/a1c4078c0984af95d63d98ef8b77465bf9d93d6d.webp
https://raw.githubusercontent.com/microsoft/LangChain4j-for-Beginners/9aed2ec27717775def0da2ff2d7950baa8995a64/05-mcp/images/stdio-transport-flow.png	/mirror/19/19f959974208ba7f95ab10e6b8064bb713700450.webp
https://raw.githubusercontent.com/microsoft/LangChain4j-for-Beginners/9aed2ec27717775def0da2ff2d7950baa8995a64/05-mcp/images/supervisor-agent-pattern.png	/mirror/9a/9a3ab6dacc07364191ab26c001f09423d717c39b.webp
https://raw.githubusercontent.com/microsoft/LangChain4j-for-Beginners/9aed2ec27717775def0da2ff2d7950baa8995a64/05-mcp/images/supervisor-agent-sequence.png	/mirror/3a/3a2440dbe311c749de8b90c62fb7ba02fe7adc29.webp
https://raw.githubusercontent.com/microsoft/LangChain4j-for-Beginners/9aed2ec27717775def0da2ff2d7950baa8995a64/05-mcp/images/tool-discovery.png	/mirror/e6/e684115fab2902cb25eed2e3d4399798c2211836.webp
https://raw.githubusercontent.com/microsoft/LangChain4j-for-Beginners/9aed2ec27717775def0da2ff2d7950baa8995a64/05-mcp/images/transport-mechanisms.png	/mirror/63/6382096e3d4c50c93ac511639dd311d13e144240.webp
https://raw.githubusercontent.com/microsoft/LangChain4j-for-Beginners/9aed2ec27717775def0da2ff2d7950baa8995a64/05-mcp/images/workflow-patterns.png	/mirror/7e/7eeeb72b065f44faef96b7ecd72206103772b845.webp
https://raw.githubusercontent.com/microsoft/LangChain4j-for-Beginners/9aed2ec27717775def0da2ff2d7950baa8995a64/docs/images/conversation-isolation.png	/mirror/e9/e90422334483acbfea641344ae319d90c79bedae.webp
https://raw.githubusercontent.com/microsoft/LangChain4j-for-Beginners/9aed2ec27717775def0da2ff2d7950baa8995a64/docs/images/mock-vs-real.png	/mirror/ae/ae51cb63e1a68118c242405b1d5391e11d044cbf.webp
https://raw.githubusercontent.com/microsoft/LangChain4j-for-Beginners/9aed2ec27717775def0da2ff2d7950baa8995a64/docs/images/prompt-template-testing.png	/mirror/d7/d738cf4804ea1c2f675c995ae08a6788b9a0adc1.webp
https://raw.githubusercontent.com/microsoft/LangChain4j-for-Beginners/9aed2ec27717775def0da2ff2d7950baa8995a64/docs/images/rag-testing.png	/mirror/97/979ca09aa4e330a90ce870660227b61fd780a062.webp
https://raw.githubusercontent.com/microsoft/LangChain4j-for-Beginners/9aed2ec27717775def0da2ff2d7950baa8995a64/docs/images/test-results.png	/mirror/a0/a0d76d22e2852e9cabd739faa794a845447d3407.webp
https://raw.githubusercontent.com/microsoft/LangChain4j-for-Beginners/9aed2ec27717775def0da2ff2d7950baa8995a64/docs/images/testing-pyramid.png	/mirror/e3/e31092a64faf0218562afe39e50ce5723352a15a.webp
https://raw.githubusercontent.com/microsoft/LangChain4j-for-Beginners/9aed2ec27717775def0da2ff2d7950baa8995a64/docs/images/tools-testing.png	/mirror/48/48651d0eec162b17ac072017fdf70a548e64f05d.webp
https://raw.githubusercontent.com/microsoft/LangChain4j-for-Beginners/9aed2ec27717775def0da2ff2d7950baa8995a64/docs/images/vscode-testing.png	/mirror/15/15f29d3f210177eeac715fe57d545c7b6ba72691.webp
https://raw.githubusercontent.com/microsoft/ai-agents-for-beginners/25b7985f3b2dc37a84f4a7387ccd3c9f0e5b1595/translated_images/zh-CN/AgentRunExample.471a94bc40cbdc0c.webp	/mirror/07/07e536b4562dc141d276e519a2d825613b9a359a.webp
https://raw.githubusercontent.com/microsoft/ai-agents-for-beginners/25b7985f3b2dc37a84f4a7387ccd3c9f0e5b1595/translated_images/zh-CN/agent-playground.dc146586de715010.webp	/mirror/bc/bc9e213b190eed5148d7aa56a2c4f9512a7aa56d.webp
https://raw.githubusercontent.com/microsoft/ai-agents-for-beginners/25b7985f3b2dc37a84f4a7387ccd3c9f0e5b1595/translated_images/zh-CN/agent-service-in-action.34fb465c9a84659e.webp	/mirror/38/38c10f691389fe09bf4e62dc2dd7bd3d8e89d3e0.webp
https://raw.githubusercontent.com/microsoft/ai-agents-for-beginners/25b7985f3b2dc37a84f4a7387ccd3c9f0e5b1595/translated_images/zh-CN/agent-setup.9bbb8755bf5df672.webp	/mirror/4a/4a24f2c0a63487d4af056ca93734597913c2cc05.webp
https://raw.githubusercontent.com/microsoft/ai-agents-for-beginners/25b7985f3b2dc37a84f4a7387ccd3c9f0e5b1595/translated_images/zh-CN/agentic-design-principles.1cfdf8b6d3cc73c2.webp	/mirror/07/07ec9233ce9373d1ba319bee366f7438fea9d1d1.webp
https://raw.githubusercontent.com/microsoft/ai-agents-for-beginners/25b7985f3b2dc37a84f4a7387ccd3c9f0e5b1595/translated_images/zh-CN/agentic-rag-core-loop.c8f4b85c26920f71.webp	/mirror/6b/6b4cb472fc14ce18938bce1f8fe974c4cd49de22.webp
https://raw.githubusercontent.com/microsoft/ai-agents-for-beginners/25b7985f3b2dc37a84f4a7387ccd3c9f0e5b1595/translated_images/zh-CN/azure-ai-foundry.88d0c35298348c2f.webp	/mirror/9e/9ef5b27a936c8b0eedf5f8a59cccafdd98774269.webp
https://raw.githubusercontent.com/microsoft/ai-agents-for-beginners/25b7985f3b2dc37a84f4a7387ccd3c9f0e5b1595/translated_images/zh-CN/defining-goals-tasks.d70439e19e37c47a.webp	/mirror/a8/a85e8065733fb4efd9ca00c2f2ecec4df6662152.webp
https://raw.githubusercontent.com/microsoft/ai-agents-for-beginners/25b7985f3b2dc37a84f4a7387ccd3c9f0e5b1595/translated_images/zh-CN/forked-repo.33f27ca1901baa6a.webp	/mirror/ff/ffb38f33393edb39e3ed19aea8e6e7e6f2d9b489.webp
https://raw.githubusercontent.com/microsoft/ai-agents-for-beginners/25b7985f3b2dc37a84f4a7387ccd3c9f0e5b1595/translated_images/zh-CN/functioncalling-diagram.a84006fc287f6014.webp	/mirror/2a/2ac8e79d7f667f848bbe7dc4879f92ab89ee6391.webp
https://raw.githubusercontent.com/microsoft/ai-agents-for-beginners/25b7985f3b2dc37a84f4a7387ccd3c9f0e5b1595/translated_images/zh-CN/human-in-the-loop.5f0068a678f62f4f.webp	/mirror/95/95b9a799e2c5e3804e48234a4e7c0947f8c2ff3b.webp
https://raw.githubusercontent.com/microsoft/ai-agents-for-beginners/25b7985f3b2dc37a84f4a7387ccd3c9f0e5b1595/translated_images/zh-CN/model-deployment.3749c53fb81e18fd.webp	/mirror/41/419d7eb7d65ab733f786b59aa41875aed6d30d4e.webp
https://raw.githubusercontent.com/microsoft/ai-agents-for-beginners/25b7985f3b2dc37a84f4a7387ccd3c9f0e5b1595/translated_images/zh-CN/repo-thumbnailv3.917487e234b90100.webp	/mirror/3e/3ebadeb4a1fd2effe94c2b8d513c5cd0cc3cff09.webp
https://raw.githubusercontent.com/microsoft/ai-agents-for-beginners/25b7985f3b2dc37a84f4a7387ccd3c9f0e5b1595/translated_images/zh-CN/self-correction.da87f3783b7f174b.webp	/mirror/ba/ba9ee8fe9a473f1bf041de1f80421cdf8a1e7f32.webp
https://raw.githubusercontent.com/microsoft/ai-agents-for-beginners/25b7985f3b2dc37a84f4a7387ccd3c9f0e5b1595/translated_images/zh-CN/system-message-framework.3a97368c92d11d68.webp	/mirror/8e/8e601c57904a512935620f93b3b643c3885aa3dc.webp
https://raw.githubusercontent.com/microsoft/ai-agents-for-beginners/25b7985f3b2dc37a84f4a7387ccd3c9f0e5b1595/translated_images/zh-CN/tool-integration.0f569710b5c17c10.webp	/mirror/4e/4ecca613f92a8e1b8086855cef94e9e4ccebff21.webp
https://raw.githubusercontent.com/microsoft/ai-agents-for-beginners/25b7985f3b2dc37a84f4a7387ccd3c9f0e5b1595/translated_images/zh-CN/understanding-threats.89edeada8a97fc0f.webp	/mirror/01/01534e228825d17de850f7435c1638ce059afb2d.webp
https://raw.githubusercontent.com/microsoft/ai-agents-for-beginners/25b7985f3b2dc37a84f4a7387ccd3c9f0e5b1595/translated_images/zh-CN/what-are-ai-agents.1ec8c4d548af601a.webp	/mirror/61/61f5a3f2b755292eec1b4ffd211544ac39815d68.webp
https://raw.githubusercontent.com/microsoft/ai-agents-for-beginners/25b7985f3b2dc37a84f4a7387ccd3c9f0e5b1595/translated_images/zh-CN/when-to-use-ai-agents.54becb3bed74a479.webp	/mirror/57/57b7c9e30904f3a63509df32110891fd56c376e0.webp
https://raw.githubusercontent.com/microsoft/edgeai-for-beginners/e88f123a4bb5796594919db3a13257c429d1288c/imgs/cover.png	/mirror/b0/b0e31b10e23dc3e87d20c8e696d84ff1daca4dce.webp
https://raw.githubusercontent.com/microsoft/generative-ai-for-beginners/c9657f3fdb6e4f50a168b1d026eadf4cda2f0d07/00-course-setup/images/who-will-pay.webp	/mirror/58/58e2166bdda561f9f08a85924ced9c80acc9da87.webp
https://raw.githubusercontent.com/microsoft/generative-ai-for-beginners/c9657f3fdb6e4f50a168b1d026eadf4cda2f0d07/01-introduction-to-genai/images/01-lesson-banner.png	/mirror/df/df3e5ff58e4f1e16263e54c37fb88423f14d71b2.webp
https://raw.githubusercontent.com/microsoft/generative-ai-for-beginners/c9657f3fdb6e4f50a168b1d026eadf4cda2f0d07/01-introduction-to-genai/images/AI-diagram.png	/mirror/b1/b1c16105266411cff42050aa296195eca19c63c4.webp
https://raw.githubusercontent.com/microsoft/generative-ai-for-beginners/c9657f3fdb6e4f50a168b1d026eadf4cda2f0d07/01-introduction-to-genai/images/coding-example.png	/mirror/a1/a1576deb4eebf37d3fce01c5eeea63bb7d620aaf.webp
https://raw.githubusercontent.com/microsoft/generative-ai-for-beginners/c9657f3fdb6e4f50a168b1d026eadf4cda2f0d07/01-introduction-to-genai/images/conversation-example.png	/mirror/14/146f47d10ab34a9481fcb03614f630154ce7e8fc.webp
https://raw.githubusercontent.com/microsoft/generative-ai-for-beginners/c9657f3fdb6e4f50a168b1d026eadf4cda2f0d07/01-introduction-to-genai/images/creative-writing-example.png	/mirror/af/afc25e30e90a75c3137b86a592c04b2865980d7c.webp
https://raw.githubusercontent.com/microsoft/generative-ai-for-beginners/c9657f3fdb6e4f50a168b1d026eadf4cda2f0d07/01-introduction-to-genai/images/students-by-DALLE2.png	/mirror/1e/1e4888695e19e11bf2fa58f7ba7f4a0490ca995f.webp
https://raw.githubusercontent.com/microsoft/generative-ai-for-beginners/c9657f3fdb6e4f50a168b1d026eadf4cda2f0d07/01-introduction-to-genai/images/summarization-example.png	/mirror/19/19745eaf2e55498bec11bcf60dcc736bbf012053.webp
https://raw.githubusercontent.com/microsoft/generative-ai-for-beginners/c9657f3fdb6e4f50a168b1d026eadf4cda2f0d07/01-introduction-to-genai/images/text-completion-example.png	/mirror/90/90b283a9ae83179843cb891a39db0682bb6f12c8.webp
https://raw.githubusercontent.com/microsoft/generative-ai-for-beginners/c9657f3fdb6e4f50a168b1d026eadf4cda2f0d07/01-introduction-to-genai/images/tokenizer-example.png	/mirror/3b/3b36eea62cb19851a4205e0a2d135f7d9f5011ac.webp
https://raw.githubusercontent.com/microsoft/generative-ai-for-beginners/c9657f3fdb6e4f50a168b1d026eadf4cda2f0d07/02-exploring-and-comparing-different-llms/images/02-lesson-banner.png	/mirror/fe/fe782c58702801906d53e97de0cf64434b9b33af.webp
https://raw.githubusercontent.com/microsoft/generative-ai-for-beginners/c9657f3fdb6e4f50a168b1d026eadf4cda2f0d07/02-exploring-and-comparing-different-llms/images/AzureAIStudioModelCatalog.png	/mirror/11/11a89fc3a02b3476d45a3e885af1f259b85b580e.webp
https://raw.githubusercontent.com/microsoft/generative-ai-for-beginners/c9657f3fdb6e4f50a168b1d026eadf4cda2f0d07/02-exploring-and-comparing-different-llms/images/Deploy.png	/mirror/76/7623107fe8f99a83c7eda66b563a89fd36bb17af.webp
https://raw.githubusercontent.com/microsoft/generative-ai-for-beginners/c9657f3fdb6e4f50a168b1d026eadf4cda2f0d07/02-exploring-and-comparing-different-llms/images/Embedding.png	/mirror/38/382aafa83ef8047f76f3eee982e839ec789296ee.webp
https://raw.githubusercontent.com/microsoft/generative-ai-for-beginners/c9657f3fdb6e4f50a168b1d026eadf4cda2f0d07/02-exploring-and-comparing-different-llms/images/FineTuning.png	/mirror/48/4843d71f30a5085a1e8d5ba5f01bbcbff9167394.webp
https://raw.githubusercontent.com/microsoft/generative-ai-for-beginners/c9657f3fdb6e4f50a168b1d026eadf4cda2f0d07/02-exploring-and-comparing-different-llms/images/FoundationModel.png	/mirror/33/33d2ea9a86113cbd5bd332508d0a4f64078d4d22.webp
https://raw.githubusercontent.com/microsoft/generative-ai-for-beginners/c9657f3fdb6e4f50a168b1d026eadf4cda2f0d07/02-exploring-and-comparing-different-llms/images/Image.png	/mirror/5a/5a91afdff96ead85598a04661f3c721841eeb597.webp
https://raw.githubusercontent.com/microsoft/generative-ai-for-beginners/c9657f3fdb6e4f50a168b1d026eadf4cda2f0d07/02-exploring-and-comparing-different-llms/images/ModelBenchmarks.png	/mirror/f6/f674031283918d12c652a729410e472450670384.webp
https://raw.githubusercontent.com/microsoft/generative-ai-for-beginners/c9657f3fdb6e4f50a168b1d026eadf4cda2f0d07/02-exploring-and-comparing-different-llms/images/ModelCard.png	/mirror/90/907eb984beb7d6f6dc141c4c66aa128cd54d5353.webp
https://raw.githubusercontent.com/microsoft/generative-ai-for-beginners/c9657f3fdb6e4f50a168b1d026eadf4cda2f0d07/02-exploring-and-comparing-different-llms/images/ModelDeploy.png	/mirror/ef/ef49c77f19be8c35a46d727790123a271477989c.webp
https://raw.githubusercontent.com/microsoft/generative-ai-for-beginners/c9657f3fdb6e4f50a168b1d026eadf4cda2f0d07/02-exploring-and-comparing-different-llms/images/Multimodal.png	/mirror/3d/3da55b3a15a31927f61dfaaee459947cbd70ae1b.webp
https://raw.githubusercontent.com/microsoft/generative-ai-for-beginners/c9657f3fdb6e4f50a168b1d026eadf4cda2f0d07/02-exploring-and-comparing-different-llms/images/Text.png	/mirror/31/3167e57a61fbd2721f3ca0851ddf8854b10ca8d3.webp
https://raw.githubusercontent.com/microsoft/generative-ai-for-beginners/c9657f3fdb6e4f50a168b1d026eadf4cda2f0d07/03-using-generative-ai-responsibly/images/03-lesson-banner.png	/mirror/e4/e464a5dfdab9138e882f9a947cdfcdc69ef3ce85.webp
https://raw.githubusercontent.com/microsoft/generative-ai-for-beginners/c9657f3fdb6e4f50a168b1d026eadf4cda2f0d07/03-using-generative-ai-responsibly/images/ChatGPT-titanic-survivor-prompt.webp	/mirror/26/26742e0a8d0ad4f76b118b5cf88a7153fb5bcc8e.webp
https://raw.githubusercontent.com/microsoft/generative-ai-for-beginners/c9657f3fdb6e4f50a168b1d026eadf4cda2f0d07/03-using-generative-ai-responsibly/images/mitigate-cycle.png	/mirror/09/09587ee40a62cfda84fc98baef48e0a3d73e4034.webp
https://raw.githubusercontent.com/microsoft/generative-ai-for-beginners/c9657f3fdb6e4f50a168b1d026eadf4cda2f0d07/03-using-generative-ai-responsibly/images/mitigation-layers.png	/mirror/58/58c3a6f0de744e1ac65ecce02f5473d37fecbb2e.webp
https://raw.githubusercontent.com/microsoft/generative-ai-for-beginners/c9657f3fdb6e4f50a168b1d026eadf4cda2f0d07/04-prompt-engineering-fundamentals/images/04-fabrication-aoai.png	/mirror/a6/a622c436ed6be7b23880dfbc1393fa0b595c535c.webp
https://raw.githubusercontent.com/microsoft/generative-ai-for-beginners/c9657f3fdb6e4f50a168b1d026eadf4cda2f0d07/04-prompt-engineering-fundamentals/images/04-fabrication-huggingchat.png	/mirror/1d/1d6537b783df5836274662566ecb477ef6b52e4a.webp
https://raw.githubusercontent.com/microsoft/generative-ai-for-beginners/c9657f3fdb6e4f50a168b1d026eadf4cda2f0d07/04-prompt-engineering-fundamentals/images/04-fabrication-oai.png	/mirror/b7/b75dd30021a80ae6d4b68ea3a3af803c328d4fdc.webp
https://raw.githubusercontent.com/microsoft/generative-ai-for-beginners/c9657f3fdb6e4f50a168b1d026eadf4cda2f0d07/04-prompt-engineering-fundamentals/images/04-lesson-banner.png	/mirror/fc/fc1ff802c501efcb92cf133bde701a87bd2f34e0.webp
https://raw.githubusercontent.com/microsoft/generative-ai-for-beginners/c9657f3fdb6e4f50a168b1d026eadf4cda2f0d07/04-prompt-engineering-fundamentals/images/04-playground-chat-base.png	/mirror/e0/e023e4ee47f0d3fab6fcf945df2d6a5751141904.webp
https://raw.githubusercontent.com/microsoft/generative-ai-for-beginners/c9657f3fdb6e4f50a168b1d026eadf4cda2f0d07/04-prompt-engineering-fundamentals/images/04-playground-chat-instructions.png	/mirror/ff/ffe9d8c7d9301886b280450604ad5df68289cdfe.webp
https://raw.githubusercontent.com/microsoft/generative-ai-for-beginners/c9657f3fdb6e4f50a168b1d026eadf4cda2f0d07/04-prompt-engineering-fundamentals/images/04-prompt-engineering-sketchnote.png	/mirror/05/052f11a6d2581003ca07785d675ebb8bde375f11.webp
https://raw.githubusercontent.com/microsoft/generative-ai-for-beginners/c9657f3fdb6e4f50a168b1d026eadf4cda2f0d07/04-prompt-engineering-fundamentals/images/04-tokenizer-example.png	/mirror/c4/c4e49c3756f9d3b0c23cd577b5b1118caefb9e8a.webp
https://raw.githubusercontent.com/microsoft/generative-ai-for-beginners/c9657f3fdb6e4f50a168b1d026eadf4cda2f0d07/05-advanced-prompts/images/05-lesson-banner.png	/mirror/97/97d1198266e5284600887b24ac385150fd050f92.webp
https://raw.githubusercontent.com/microsoft/generative-ai-for-beginners/c9657f3fdb6e4f50a168b1d026eadf4cda2f0d07/06-text-generation-apps/images/06-lesson-banner.png	/mirror/c8/c80cc7a7f2b062d716c8a47a317462fbe73a55f6.webp
https://raw.githubusercontent.com/microsoft/generative-ai-for-beginners/c9657f3fdb6e4f50a168b1d026eadf4cda2f0d07/07-building-chat-applications/images/07-lesson-banner.png	/mirror/74/74d3b1d853d1ea8cf49c3f79428f5b8d745435d6.webp
https://raw.githubusercontent.com/microsoft/generative-ai-for-beginners/c9657f3fdb6e4f50a168b1d026eadf4cda2f0d07/07-building-chat-applications/images/custom-instructions.png	/mirror/f5/f5b7e9cab0dcc24af1bdd1a1078155e3cf394670.webp
https://raw.githubusercontent.com/microsoft/generative-ai-for-beginners/c9657f3fdb6e4f50a168b1d026eadf4cda2f0d07/07-building-chat-applications/images/lesson-plan-prompt.png	/mirror/9d/9d9ab03b5fcc6488546e649c3acad4c552eeb251.webp
https://raw.githubusercontent.com/microsoft/generative-ai-for-beginners/c9657f3fdb6e4f50a168b1d026eadf4cda2f0d07/08-building-search-applications/images/08-lesson-banner.png	/mirror/91/91b6d050c3387afd535338fed7dc154fb03b379e.webp
https://raw.githubusercontent.com/microsoft/generative-ai-for-beginners/c9657f3fdb6e4f50a168b1d026eadf4cda2f0d07/08-building-search-applications/images/notebook-search.png	/mirror/46/466a41bf33cf7c97cc082c9c62d7c5e9a5ab4018.webp
https://raw.githubusercontent.com/microsoft/generative-ai-for-beginners/c9657f3fdb6e4f50a168b1d026eadf4cda2f0d07/08-building-search-applications/images/query-results.png	/mirror/2f/2fd87e87ee877c4d452b7de7b83d28282c2d3251.webp
https://raw.githubusercontent.com/microsoft/generative-ai-for-beginners/c9657f3fdb6e4f50a168b1d026eadf4cda2f0d07/09-building-image-applications/images/09-lesson-banner.png	/mirror/16/16746cc3dabf8c1cd0bac2910893b5334052d172.webp
https://raw.githubusercontent.com/microsoft/generative-ai-for-beginners/c9657f3fdb6e4f50a168b1d026eadf4cda2f0d07/09-building-image-applications/images/mask.png	/mirror/c6/c65db3b046a978464aadb0dc6e51b2a9ff29544c.webp
https://raw.githubusercontent.com/microsoft/generative-ai-for-beginners/c9657f3fdb6e4f50a168b1d026eadf4cda2f0d07/09-building-image-applications/images/sunlit_lounge.png	/mirror/42/42d670367bdddf8c256c79804d9e17a042c4edd4.webp
https://raw.githubusercontent.com/microsoft/generative-ai-for-beginners/c9657f3fdb6e4f50a168b1d026eadf4cda2f0d07/09-building-image-applications/images/sunlit_lounge_result.png	/mirror/3a/3af8b7ee96e875c85570d5ec056d27b0e2ee5f14.webp
https://raw.githubusercontent.com/microsoft/generative-ai-for-beginners/c9657f3fdb6e4f50a168b1d026eadf4cda2f0d07/10-building-low-code-ai-applications/images/10-lesson-banner.png	/mirror/70/707b215eace34bc13c7f0facd50b720540b7b501.webp
https://raw.githubusercontent.com/microsoft/generative-ai-for-beginners/c9657f3fdb6e4f50a168b1d026eadf4cda2f0d07/10-building-low-code-ai-applications/images/ai-builder-models.png	/mirror/52/528ed267253aae18f0cc637f6fa47d18fa5943a8.webp
https://raw.githubusercontent.com/microsoft/generative-ai-for-beginners/c9657f3fdb6e4f50a168b1d026eadf4cda2f0d07/10-building-low-code-ai-applications/images/copilot-chat-prompt-dataverse.png	/mirror/f8/f89d11e58e035de916152b7aa36dbdb125fb3b93.webp
https://raw.githubusercontent.com/microsoft/generative-ai-for-beginners/c9657f3fdb6e4f50a168b1d026eadf4cda2f0d07/10-building-low-code-ai-applications/images/copilot-chat-prompt-powerapps.png	/mirror/02/024e7bdeba9cc1ede6d937888bccebe00089e038.webp
https://raw.githubusercontent.com/microsoft/generative-ai-for-beginners/c9657f3fdb6e4f50a168b1d026eadf4cda2f0d07/10-building-low-code-ai-applications/images/copilot-chat-prompt-powerautomate.png	/mirror/86/8697595b46632ef57dcd52fae23a77daa6264e6f.webp
https://raw.githubusercontent.com/microsoft/generative-ai-for-beginners/c9657f3fdb6e4f50a168b1d026eadf4cda2f0d07/10-building-low-code-ai-applications/images/copilot-dataverse-table-powerapps.png	/mirror/45/4543171a58850f650f8e621b60d2d4cf20c82732.webp
https://raw.githubusercontent.com/microsoft/generative-ai-for-beginners/c9657f3fdb6e4f50a168b1d026eadf4cda2f0d07/10-building-low-code-ai-applications/images/copilot-dataverse-table.png	/mirror/fd/fd0af690910a1b6079af844b8de8fb94049f7bdc.webp
https://raw.githubusercontent.com/microsoft/generative-ai-for-beginners/c9657f3fdb6e4f50a168b1d026eadf4cda2f0d07/10-building-low-code-ai-applications/images/copilot-new-column.png	/mirror/51/516d2432ef98ba1abbbb2a35512ae1fa7a6ad726.webp
https://raw.githubusercontent.com/microsoft/generative-ai-for-beginners/c9657f3fdb6e4f50a168b1d026eadf4cda2f0d07/10-building-low-code-ai-applications/images/copilot-new-screen.png	/mirror/c9/c90bb78db7b4476a0681930a2a34edc41f86ebc0.webp
https://raw.githubusercontent.com/microsoft/generative-ai-for-beginners/c9657f3fdb6e4f50a168b1d026eadf4cda2f0d07/10-building-low-code-ai-applications/images/create-prompt-gpt.png	/mirror/bf/bfc9eed3be94b10a103ac442aa3ab8adc27aee81.webp
https://raw.githubusercontent.com/microsoft/generative-ai-for-beginners/c9657f3fdb6e4f50a168b1d026eadf4cda2f0d07/10-building-low-code-ai-applications/images/describe-new-table.png	/mirror/bd/bd888dc26b05333bb854c9b82ab2d4b714d0e284.webp
https://raw.githubusercontent.com/microsoft/generative-ai-for-beginners/c9657f3fdb6e4f50a168b1d026eadf4cda2f0d07/10-building-low-code-ai-applications/images/powerautomate-add-row.png	/mirror/41/41b5ff5ab70c8d375ca4aba02e87c284960ac537.webp
https://raw.githubusercontent.com/microsoft/generative-ai-for-beginners/c9657f3fdb6e4f50a168b1d026eadf4cda2f0d07/10-building-low-code-ai-applications/images/powerautomate-remove-actions.png	/mirror/2b/2bb1a16c4248efb23e512248fd60f6c9112004e3.webp
https://raw.githubusercontent.com/microsoft/generative-ai-for-beginners/c9657f3fdb6e4f50a168b1d026eadf4cda2f0d07/11-integrating-with-function-calling/images/11-lesson-banner.png	/mirror/82/82788f7a435e7ee32a1f73b254a0bcab676cd496.webp
https://raw.githubusercontent.com/microsoft/generative-ai-for-beginners/c9657f3fdb6e4f50a168b1d026eadf4cda2f0d07/12-designing-ux-for-ai-applications/images/12-lesson-banner.png	/mirror/26/2686521c92a3136823a3b08ae89661e0d42eff25.webp
https://raw.githubusercontent.com/microsoft/generative-ai-for-beginners/c9657f3fdb6e4f50a168b1d026eadf4cda2f0d07/12-designing-ux-for-ai-applications/images/bing1.png	/mirror/a5/a518e5138d49ca0ec5d15afc8a4d82b6a71894c5.webp
https://raw.githubusercontent.com/microsoft/generative-ai-for-beginners/c9657f3fdb6e4f50a168b1d026eadf4cda2f0d07/12-designing-ux-for-ai-applications/images/bing2.png	/mirror/08/086e11b770d02b0ba6e2db699161c0ab1f00b6c0.webp
https://raw.githubusercontent.com/microsoft/generative-ai-for-beginners/c9657f3fdb6e4f50a168b1d026eadf4cda2f0d07/12-designing-ux-for-ai-applications/images/explanability-in-ai.png	/mirror/96/96c8b0105509cbf45edafd5258b55769aa6f31d9.webp
https://raw.githubusercontent.com/microsoft/generative-ai-for-beginners/c9657f3fdb6e4f50a168b1d026eadf4cda2f0d07/12-designing-ux-for-ai-applications/images/feedback-loops.png	/mirror/b0/b0f6550183f761501cdf5fc8aba937a00c5402a0.webp
https://raw.githubusercontent.com/microsoft/generative-ai-for-beginners/c9657f3fdb6e4f50a168b1d026eadf4cda2f0d07/12-designing-ux-for-ai-applications/images/simplified-explanations.png	/mirror/ef/ef09975bc1f86af73aaa96b5011614f490b38f83.webp
https://raw.githubusercontent.com/microsoft/generative-ai-for-beginners/c9657f3fdb6e4f50a168b1d026eadf4cda2f0d07/12-designing-ux-for-ai-applications/images/solving-questions.png	/mirror/64/641848e759a8e0d99e3d57bcf765d4f89502911e.webp
https://raw.githubusercontent.com/microsoft/generative-ai-for-beginners/c9657f3fdb6e4f50a168b1d026eadf4cda2f0d07/12-designing-ux-for-ai-applications/images/uxinai.png	/mirror/da/da2a7afcfe72841668b11d09d1ffe2a7752cedd6.webp
https://raw.githubusercontent.com/microsoft/generative-ai-for-beginners/c9657f3fdb6e4f50a168b1d026eadf4cda2f0d07/13-securing-ai-applications/images/13-AI-red-team.png	/mirror/2c/2ceb8e960e240e784c7b82f3f467066b49e5ec30.webp
https://raw.githubusercontent.com/microsoft/generative-ai-for-beginners/c9657f3fdb6e4f50a168b1d026eadf4cda2f0d07/13-securing-ai-applications/images/13-lesson-banner.png	/mirror/be/be1ef38f4ecd9dafd189323feefa3fe40787797f.webp
https://raw.githubusercontent.com/microsoft/generative-ai-for-beginners/c9657f3fdb6e4f50a168b1d026eadf4cda2f0d07/14-the-generative-ai-application-lifecycle/images/01-llmops-shift.png	/mirror/6d/6d662a1011835e030f4853e93ab5b52de6fd4045.webp
https://raw.githubusercontent.com/microsoft/generative-ai-for-beginners/c9657f3fdb6e4f50a168b1d026eadf4cda2f0d07/14-the-generative-ai-application-lifecycle/images/02-llmops.png	/mirror/1c/1c08c888bfa45133422e063e4232e89f79349858.webp
https://raw.githubusercontent.com/microsoft/generative-ai-for-beginners/c9657f3fdb6e4f50a168b1d026eadf4cda2f0d07/14-the-generative-ai-application-lifecycle/images/03-llm-stage-flows.png	/mirror/1b/1bbdd2cce04bf87c2a90b60f250e1074f2d91a48.webp
https://raw.githubusercontent.com/microsoft/generative-ai-for-beginners/c9657f3fdb6e4f50a168b1d026eadf4cda2f0d07/14-the-generative-ai-application-lifecycle/images/04-azure-ai-platform.png	/mirror/8e/8eeb4daded51eea46b22c4a4c64d4c5f558291bd.webp
https://raw.githubusercontent.com/microsoft/generative-ai-for-beginners/c9657f3fdb6e4f50a168b1d026eadf4cda2f0d07/14-the-generative-ai-application-lifecycle/images/05-llm-azure-ai-prompt.png	/mirror/7b/7bb25d217aed2821f3393b6c11e0fc56ff3d9a7f.webp
https://raw.githubusercontent.com/microsoft/generative-ai-for-beginners/c9657f3fdb6e4f50a168b1d026eadf4cda2f0d07/14-the-generative-ai-application-lifecycle/images/06-llm-promptflow.png	/mirror/2f/2f7f5c2a664b4b6eba33314d83edbfcf5d53233f.webp
https://raw.githubusercontent.com/microsoft/skills/main/.github/assets/agent-skills-image.png	/mirror/3a/3ac420ab660adc218c749c0fb1f3936a8f6bc0fd.webp
https://raw.githubusercontent.com/openai/openai-agents-python/83c737fd0b8d9a53bd39fa2a0856070417bb0bd3/docs/assets/images/mcp-tracing.jpg	/mirror/e5/e5b537dc814ed448f9df8d9b64d8ceba8aca6204.webp
https://raw.githubusercontent.com/openai/openai-cookbook/a0709e05a54d8dd1c4d9be3fc0a41526c3496c39/examples/agents_sdk/deployment_manager/docs/screenshots/app-details.png	/mirror/ff/ff6ecb1c110ef35a0f48959e92d2ebb34bf1be1d.webp
https://raw.githubusercontent.com/openai/openai-cookbook/a0709e05a54d8dd1c4d9be3fc0a41526c3496c39/examples/agents_sdk/deployment_manager/docs/screenshots/deployments.png	/mirror/be/beb7f75fa0429a50297b49933eefdf2b1b5ed8f2.webp
https://raw.githubusercontent.com/openai/openai-cookbook/a0709e05a54d8dd1c4d9be3fc0a41526c3496c39/examples/agents_sdk/deployment_manager/docs/screenshots/traces.png	/mirror/6a/6aca2afabe5851883c474a2c6f12717001d56c85.webp
https://raw.githubusercontent.com/openai/openai-cookbook/a0709e05a54d8dd1c4d9be3fc0a41526c3496c39/examples/agents_sdk/migrate-from-claude-agent-sdk/assets/claude-agent-sdk-pattern.png	/mirror/e7/e784123600487102e169453d6d850476581c2cf4.webp
https://raw.githubusercontent.com/openai/openai-cookbook/a0709e05a54d8dd1c4d9be3fc0a41526c3496c39/examples/agents_sdk/migrate-from-claude-agent-sdk/assets/openai-agents-sdk-pattern.png	/mirror/5a/5adf437b8fb7462b9ec1f294b709f0bd9048c3a9.webp
https://raw.githubusercontent.com/openai/openai-cookbook/a0709e05a54d8dd1c4d9be3fc0a41526c3496c39/images/chain_of_thought_fig1.png	/mirror/c9/c9d442ce7112b9763a281f3a635cf158dd13d971.webp
https://raw.githubusercontent.com/openai/openai-cookbook/a0709e05a54d8dd1c4d9be3fc0a41526c3496c39/images/chain_of_thought_fig11.png	/mirror/d1/d17f3c59445fda2147001a56b442f285edbcc422.webp
https://raw.githubusercontent.com/openai/openai-cookbook/a0709e05a54d8dd1c4d9be3fc0a41526c3496c39/images/chain_of_thought_fig3.png	/mirror/ce/ce0ede10d2faab83c6a07a642745b88b14a78ef6.webp
https://raw.githubusercontent.com/openai/openai-cookbook/a0709e05a54d8dd1c4d9be3fc0a41526c3496c39/images/chain_of_thought_fig5.png	/mirror/e5/e5d5bd3356b343a70d8e1796bfa4077a60f5d12a.webp
https://raw.githubusercontent.com/openai/openai-cookbook/a0709e05a54d8dd1c4d9be3fc0a41526c3496c39/images/faithful-reasoning_fig3.png	/mirror/35/35a7559572d9380db2df7c495a5b23cd8404e0ff.webp
https://raw.githubusercontent.com/openai/openai-cookbook/a0709e05a54d8dd1c4d9be3fc0a41526c3496c39/images/faithful-reasoning_fig4.png	/mirror/97/976d953585cb7c31d16df5b607cd6e1117b82a2e.webp
https://raw.githubusercontent.com/openai/openai-cookbook/a0709e05a54d8dd1c4d9be3fc0a41526c3496c39/images/faithful-reasoning_fig5.png	/mirror/5f/5f8a3ffe14b6e905872c1766797ba0c9b3a6c6f9.webp
https://raw.githubusercontent.com/openai/openai-cookbook/a0709e05a54d8dd1c4d9be3fc0a41526c3496c39/images/faithful-reasoning_fig7.png	/mirror/76/76cb1eb3f472267da95971585492b2599d10ade9.webp
https://raw.githubusercontent.com/openai/openai-cookbook/a0709e05a54d8dd1c4d9be3fc0a41526c3496c39/images/faithful-reasoning_tab2.png	/mirror/0d/0dca8d1623646396bfc8f0d132d3edb69f286d85.webp
https://raw.githubusercontent.com/openai/openai-cookbook/a0709e05a54d8dd1c4d9be3fc0a41526c3496c39/images/faithful-reasoning_tab5.png	/mirror/e0/e0c8fea2918bac04676834e5b4bdfc04a71b1df7.webp
https://raw.githubusercontent.com/openai/openai-cookbook/a0709e05a54d8dd1c4d9be3fc0a41526c3496c39/images/least-to-most_fig1.png	/mirror/c1/c1926df5b032cfa15b668bfacf7f83ab1cd76bc0.webp
https://raw.githubusercontent.com/openai/openai-cookbook/a0709e05a54d8dd1c4d9be3fc0a41526c3496c39/images/least-to-most_tab11.png	/mirror/e4/e403194af9a31a66485fceac81bd5b415d10449a.webp
https://raw.githubusercontent.com/openai/openai-cookbook/a0709e05a54d8dd1c4d9be3fc0a41526c3496c39/images/least-to-most_tab4.png	/mirror/93/9399258666d638c8a6cd04d79715ffb9e388dd58.webp
https://raw.githubusercontent.com/openai/openai-cookbook/a0709e05a54d8dd1c4d9be3fc0a41526c3496c39/images/least-to-most_tab9.png	/mirror/18/18cd648f2276b49736497731f4814b4f430c5607.webp
https://raw.githubusercontent.com/openai/openai-cookbook/a0709e05a54d8dd1c4d9be3fc0a41526c3496c39/images/lm_cascades_fig1.png	/mirror/31/318c824334299d6f1e36c014cb7dc34a9fb397d5.webp
https://raw.githubusercontent.com/openai/openai-cookbook/a0709e05a54d8dd1c4d9be3fc0a41526c3496c39/images/lm_cascades_fig3.png	/mirror/1d/1d98d6e6d137ee7b4890343312797c798138a6bc.webp
https://raw.githubusercontent.com/openai/openai-cookbook/a0709e05a54d8dd1c4d9be3fc0a41526c3496c39/images/lm_cascades_fig4.png	/mirror/03/031f31dbc6fe9199ef5a7d4800d776e3584837cd.webp
https://raw.githubusercontent.com/openai/openai-cookbook/a0709e05a54d8dd1c4d9be3fc0a41526c3496c39/images/lm_cascades_fig5.png	/mirror/75/75f855dbe1c65d8fb269a049387ea2d83274ed17.webp
https://raw.githubusercontent.com/openai/openai-cookbook/a0709e05a54d8dd1c4d9be3fc0a41526c3496c39/images/maieutic_fig2.png	/mirror/1a/1a5eef872cbcb4a496a123d9f20ef3856c653aa8.webp
https://raw.githubusercontent.com/openai/openai-cookbook/a0709e05a54d8dd1c4d9be3fc0a41526c3496c39/images/maieutic_fig6.png	/mirror/70/70e015443587ed6f680f02f9d9382cc373e8323b.webp
https://raw.githubusercontent.com/openai/openai-cookbook/a0709e05a54d8dd1c4d9be3fc0a41526c3496c39/images/maieutic_tab1.png	/mirror/1e/1e1857c22147d0bd521534213e9a840e2b5ac033.webp
https://raw.githubusercontent.com/openai/openai-cookbook/a0709e05a54d8dd1c4d9be3fc0a41526c3496c39/images/openai-cookbook-white.png	/mirror/c8/c82e03e751695da8e8941414ad304d52fa74f693.webp
https://raw.githubusercontent.com/openai/openai-cookbook/a0709e05a54d8dd1c4d9be3fc0a41526c3496c39/images/openai-cookbook.png	/mirror/92/9203d0cccc385b0e55518c14daffa52caadee43f.png
https://raw.githubusercontent.com/openai/openai-cookbook/a0709e05a54d8dd1c4d9be3fc0a41526c3496c39/images/per_run_spending_controller/decision_flow.svg	/mirror/3b/3b8f4feee2724fa09e30095687513978f91854a2.svg
https://raw.githubusercontent.com/openai/openai-cookbook/a0709e05a54d8dd1c4d9be3fc0a41526c3496c39/images/per_run_spending_controller/support_ticket.svg	/mirror/3d/3dcbd0c448ab3ac050cd35ee5fd98389873e3093.svg
https://raw.githubusercontent.com/openai/openai-cookbook/a0709e05a54d8dd1c4d9be3fc0a41526c3496c39/images/selection-inference_fig1.png	/mirror/c2/c21c5a09348c7c279d6e99f29923a9b15db6a499.webp
https://raw.githubusercontent.com/openai/openai-cookbook/a0709e05a54d8dd1c4d9be3fc0a41526c3496c39/images/selection-inference_fig4.png	/mirror/c9/c98a7ecece91bf67ed3e783eca70ff81ca6cea89.webp
https://raw.githubusercontent.com/openai/openai-cookbook/a0709e05a54d8dd1c4d9be3fc0a41526c3496c39/images/self-consistency_fig1.png	/mirror/3c/3c6730f0bbc765395810b122373c8b0af7da8fb6.webp
https://raw.githubusercontent.com/openai/openai-cookbook/a0709e05a54d8dd1c4d9be3fc0a41526c3496c39/images/self-consistency_fig3.png	/mirror/09/09d9986a4f39beefeb2e7e5edb42c28a41fb3a38.webp
https://raw.githubusercontent.com/openai/openai-cookbook/a0709e05a54d8dd1c4d9be3fc0a41526c3496c39/images/star_fig1.png	/mirror/12/129c1b55b931bc57ea65e3f043a07f1330fc53d5.webp
https://raw.githubusercontent.com/openai/openai-cookbook/a0709e05a54d8dd1c4d9be3fc0a41526c3496c39/images/star_tab1.png	/mirror/8a/8aa9b3a34f0dfad17876a860a136fa6996134bf5.webp
https://raw.githubusercontent.com/openai/openai-cookbook/a0709e05a54d8dd1c4d9be3fc0a41526c3496c39/images/verifiers_fig3.png	/mirror/67/677d1f8ddf78e4b8525b84b078ed5f963abadf93.webp
https://raw.githubusercontent.com/openai/openai-cookbook/a0709e05a54d8dd1c4d9be3fc0a41526c3496c39/images/verifiers_fig5.png	/mirror/f5/f529d84fe55b680193c154b76dcb2aa03f18f583.webp
https://raw.githubusercontent.com/openai/openai-cookbook/a0709e05a54d8dd1c4d9be3fc0a41526c3496c39/images/zero-shot_reasoners_fig2.png	/mirror/ea/ea007ef55f5ffd91bb190e1011f594b90af88563.webp
https://raw.githubusercontent.com/openai/openai-cookbook/a0709e05a54d8dd1c4d9be3fc0a41526c3496c39/images/zero-shot_reasoners_tab1.png	/mirror/0e/0e9a31d9ac46e2ff462e7996403f68fb5d9ae3f8.webp
https://raw.githubusercontent.com/openai/openai-cookbook/a0709e05a54d8dd1c4d9be3fc0a41526c3496c39/images/zero-shot_reasoners_tab5.png	/mirror/ba/ba2505a474e44e547a521ec7c87a5f1c28c8e465.webp
https://raw.githubusercontent.com/patchy631/ai-engineering-hub/2c9b106168d4540b88e727e4aa316c06c856c2b7/agent-with-mcp-memory/assets/thumbnail.jpeg	/mirror/ef/ef960f56bab796eec4e58f4edc6592092ff23284.webp
https://raw.githubusercontent.com/patchy631/ai-engineering-hub/2c9b106168d4540b88e727e4aa316c06c856c2b7/ai-avatar-demo/assets/architecture.gif	/mirror/85/8568eda064370c7097dd40921398d89d1ef4a526.webp
https://raw.githubusercontent.com/patchy631/ai-engineering-hub/2c9b106168d4540b88e727e4aa316c06c856c2b7/ai-engineering-roadmap/assets/3b1bnn.png	/mirror/1a/1ad381b65382bd7ca3a5b9a155afc224091e308c.webp
https://raw.githubusercontent.com/patchy631/ai-engineering-hub/2c9b106168d4540b88e727e4aa316c06c856c2b7/ai-engineering-roadmap/assets/ai engg roadmap.jpg	/mirror/20/20598ab6b81b9adc20260e219049a8f3de6ca81b.webp
https://raw.githubusercontent.com/patchy631/ai-engineering-hub/2c9b106168d4540b88e727e4aa316c06c856c2b7/ai-engineering-roadmap/assets/ai-engg-book.png	/mirror/e9/e9086023822a28bd567e900a8d4e82669bfaaa26.webp
https://raw.githubusercontent.com/patchy631/ai-engineering-hub/2c9b106168d4540b88e727e4aa316c06c856c2b7/ai-engineering-roadmap/assets/ai-engg-hub.png	/mirror/87/87804e50e689f3c1781361b951473f2a842acecb.webp
https://raw.githubusercontent.com/patchy631/ai-engineering-hub/2c9b106168d4540b88e727e4aa316c06c856c2b7/ai-engineering-roadmap/assets/aipython.png	/mirror/10/10e2522d4c5364fb721d1c72fd1cbc1687b26a4e.webp
https://raw.githubusercontent.com/patchy631/ai-engineering-hub/2c9b106168d4540b88e727e4aa316c06c856c2b7/ai-engineering-roadmap/assets/anthropic.png	/mirror/68/68b55143594984e1b982c414be0fe7b3d857d402.webp
https://raw.githubusercontent.com/patchy631/ai-engineering-hub/2c9b106168d4540b88e727e4aa316c06c856c2b7/ai-engineering-roadmap/assets/crewai.png	/mirror/7f/7fcbabbd314a19a50e16948a059ab9d0a09f06c4.webp
https://raw.githubusercontent.com/patchy631/ai-engineering-hub/2c9b106168d4540b88e727e4aa316c06c856c2b7/ai-engineering-roadmap/assets/cs50.png	/mirror/7c/7ca404622351980919d652c7424e3959f195157c.webp
https://raw.githubusercontent.com/patchy631/ai-engineering-hub/2c9b106168d4540b88e727e4aa316c06c856c2b7/ai-engineering-roadmap/assets/khanacademy.png	/mirror/7c/7c4a2f0682af89ceb07a4df3ed2aace06c5c61ca.webp
https://raw.githubusercontent.com/patchy631/ai-engineering-hub/2c9b106168d4540b88e727e4aa316c06c856c2b7/ai-engineering-roadmap/assets/mcp-guidebook.png	/mirror/cc/ccb381837252b8586353ee1bec5b0c9f5b54995a.webp
https://raw.githubusercontent.com/patchy631/ai-engineering-hub/2c9b106168d4540b88e727e4aa316c06c856c2b7/ai-engineering-roadmap/assets/nnkarpathy.png	/mirror/f3/f3619095b5dad9399b3d30b1da1c22f72f98ab68.webp
https://raw.githubusercontent.com/qiuzhi2046/Qclaw/c494768977f4e48b8eacbfae7ae390af11fc015f/docs/images/config.png	/mirror/cc/cc4ea3b483e53ddeeedc0ff7f1a2666af93fceb7.webp
https://raw.githubusercontent.com/qiuzhi2046/Qclaw/c494768977f4e48b8eacbfae7ae390af11fc015f/docs/images/feishu_contributor.png	/mirror/81/81bdb76a9e29a8ea519fdfd4743c7fd4c291c817.webp
https://raw.githubusercontent.com/qiuzhi2046/Qclaw/c494768977f4e48b8eacbfae7ae390af11fc015f/docs/images/feishu_qrcode.png	/mirror/c2/c203fa161d7ee5c664546731143a1890fc04cbf9.webp
https://raw.githubusercontent.com/qiuzhi2046/Qclaw/c494768977f4e48b8eacbfae7ae390af11fc015f/docs/images/im.png	/mirror/2e/2ecbf40f455b5b6ee22eba2ed9e5bfd6eb28c2a0.webp
https://raw.githubusercontent.com/qiuzhi2046/Qclaw/c494768977f4e48b8eacbfae7ae390af11fc015f/docs/images/safety.png	/mirror/7c/7c55977417ca16286c7fb670775fd842357d49b3.webp
https://raw.githubusercontent.com/qiuzhi2046/Qclaw/c494768977f4e48b8eacbfae7ae390af11fc015f/docs/images/skills.png	/mirror/2c/2c73e97c78de55dd873434c29ad30cfe2c954a02.webp
https://raw.githubusercontent.com/qiuzhi2046/Qclaw/c494768977f4e48b8eacbfae7ae390af11fc015f/docs/images/state_management.png	/mirror/6b/6ba70287b8f7513fa26d5b0aa7ac40f1ee5cf1e7.webp
https://raw.githubusercontent.com/qiuzhi2046/Qclaw/c494768977f4e48b8eacbfae7ae390af11fc015f/docs/images/wechat-search.png	/mirror/34/3478ed4ab502d71c866b0b808e3bb2d7e978559d.webp
https://raw.githubusercontent.com/qiuzhi2046/Qclaw/c494768977f4e48b8eacbfae7ae390af11fc015f/src/assets/feedback10_users.png	/mirror/9d/9d2f0b8a80dbbbfdcf1812cf04d3db359180a201.webp
https://raw.githubusercontent.com/qiuzhi2046/Qclaw/c494768977f4e48b8eacbfae7ae390af11fc015f/src/assets/logo.png	/mirror/97/97961f369179a4927a262631a41665569f9bb6ab.webp
https://raw.githubusercontent.com/ranxi2001/zero2Agent/46e9f7c28f84f54b2f6e45681d14989f01e18291/assets/images/article-page.png	/mirror/e6/e6f02529898a6f29a67ef5130466b94096f64acf.webp
https://raw.githubusercontent.com/ranxi2001/zero2Agent/46e9f7c28f84f54b2f6e45681d14989f01e18291/assets/images/homepage.png	/mirror/b6/b699d00aee2dc45c4332ce7f3a2ff2f74cafc8fd.webp
https://raw.githubusercontent.com/ranxi2001/zero2Agent/46e9f7c28f84f54b2f6e45681d14989f01e18291/final-project/01-prd/architecture-10layers.drawio.png	/mirror/07/075785423ecfdb0bdd929a1c45cd8adca34bef36.webp
https://raw.githubusercontent.com/ranxi2001/zero2Agent/46e9f7c28f84f54b2f6e45681d14989f01e18291/final-project/01-prd/commands.drawio.png	/mirror/74/7460c7c6dc2f5511fabf03cc5115d93cdeb67786.webp
https://raw.githubusercontent.com/ranxi2001/zero2Agent/46e9f7c28f84f54b2f6e45681d14989f01e18291/final-project/01-prd/context-strategy.drawio.png	/mirror/f2/f20d5b319bf393b2d95a7e7a1155a13add0de1a6.webp
https://raw.githubusercontent.com/ranxi2001/zero2Agent/46e9f7c28f84f54b2f6e45681d14989f01e18291/final-project/01-prd/dev-roadmap.drawio.png	/mirror/5c/5cc5ad687fb49a74e348318354f58880b389af16.webp
https://raw.githubusercontent.com/ranxi2001/zero2Agent/46e9f7c28f84f54b2f6e45681d14989f01e18291/final-project/01-prd/diagnosis-dimensions.drawio.png	/mirror/d8/d81047dbb9b3c75e22c1dc82272c1c2b68be25b1.webp
https://raw.githubusercontent.com/ranxi2001/zero2Agent/46e9f7c28f84f54b2f6e45681d14989f01e18291/final-project/01-prd/hook-pipeline.drawio.png	/mirror/c2/c28f28c3032d41c537625503c22c07c9a97498ee.webp
https://raw.githubusercontent.com/ranxi2001/zero2Agent/46e9f7c28f84f54b2f6e45681d14989f01e18291/final-project/01-prd/knowledge-base.drawio.png	/mirror/c3/c3908358693797e717b5481c6b64fd349ad2d18d.webp
https://raw.githubusercontent.com/ranxi2001/zero2Agent/46e9f7c28f84f54b2f6e45681d14989f01e18291/final-project/01-prd/memory-types.drawio.png	/mirror/fb/fbbd1480dd66df667dda1e898201b16ea03e0a0e.webp
https://raw.githubusercontent.com/ranxi2001/zero2Agent/46e9f7c28f84f54b2f6e45681d14989f01e18291/final-project/01-prd/permission-matrix.drawio.png	/mirror/9c/9c118ed352cbe8b45a0edcffc206434c661519c3.webp
https://raw.githubusercontent.com/ranxi2001/zero2Agent/46e9f7c28f84f54b2f6e45681d14989f01e18291/final-project/01-prd/query-engine.drawio.png	/mirror/0b/0b7c34b2d4a12d1b1540d47d2b4a8ede9e79aa23.webp
https://raw.githubusercontent.com/ranxi2001/zero2Agent/46e9f7c28f84f54b2f6e45681d14989f01e18291/final-project/01-prd/session-state.drawio.png	/mirror/66/666712321bdab55409346ce8d487a40f818e8c68.webp
https://raw.githubusercontent.com/ranxi2001/zero2Agent/46e9f7c28f84f54b2f6e45681d14989f01e18291/final-project/01-prd/skills-flow.drawio.png	/mirror/a0/a0fc9b638071d87d3264f0e9ee3ccb27a10599fd.webp
https://raw.githubusercontent.com/ranxi2001/zero2Agent/46e9f7c28f84f54b2f6e45681d14989f01e18291/final-project/01-prd/subagent-parallel.drawio.png	/mirror/32/32340097933d0b411e75e141604cfbcac85edb43.webp
https://raw.githubusercontent.com/ranxi2001/zero2Agent/46e9f7c28f84f54b2f6e45681d14989f01e18291/final-project/01-prd/user-scenarios.drawio.png	/mirror/27/27de1099bcf701748e96fbbdb881130cb298915d.webp
https://raw.githubusercontent.com/ranxi2001/zero2Agent/46e9f7c28f84f54b2f6e45681d14989f01e18291/final-project/02-architecture/data-flow-lifecycle.drawio.png	/mirror/b9/b9db86fba1678ae173e836afefef78f95b1c93ca.webp
https://raw.githubusercontent.com/ranxi2001/zero2Agent/46e9f7c28f84f54b2f6e45681d14989f01e18291/final-project/06-context-memory/info-layers.drawio.png	/mirror/cd/cd1d06c84b2da80bb4972aa1fda7a03accaa66c0.webp
https://raw.githubusercontent.com/ranxi2001/zero2Agent/46e9f7c28f84f54b2f6e45681d14989f01e18291/final-project/12-web-ui/wireframe-audio.drawio.png	/mirror/47/47ff622a5f4152fe6b0d2fc616dc22a2b04d1be1.webp
https://raw.githubusercontent.com/ranxi2001/zero2Agent/46e9f7c28f84f54b2f6e45681d14989f01e18291/final-project/12-web-ui/wireframe-diagnose-input.drawio.png	/mirror/b8/b8cc192bec6ff620afeba48e53e41dabc540e7ec.webp
https://raw.githubusercontent.com/ranxi2001/zero2Agent/46e9f7c28f84f54b2f6e45681d14989f01e18291/final-project/12-web-ui/wireframe-diagnose-live.drawio.png	/mirror/b6/b6834a246e8ea31a26e422bd50b12691b2bee613.webp
https://raw.githubusercontent.com/ranxi2001/zero2Agent/46e9f7c28f84f54b2f6e45681d14989f01e18291/final-project/12-web-ui/wireframe-home.drawio.png	/mirror/2b/2bfa4edd8e1addc95b29a72671287defee1c84fb.webp
https://raw.githubusercontent.com/ranxi2001/zero2Agent/46e9f7c28f84f54b2f6e45681d14989f01e18291/final-project/12-web-ui/wireframe-mock.drawio.png	/mirror/d1/d13e79bbee6ef639f81018c7dcef428417f3575f.webp
https://raw.githubusercontent.com/ranxi2001/zero2Agent/46e9f7c28f84f54b2f6e45681d14989f01e18291/final-project/12-web-ui/wireframe-report.drawio.png	/mirror/7c/7c533cdab64ac73d4af18c11f5f3648069f2994d.webp
https://raw.githubusercontent.com/ranxi2001/zero2Agent/46e9f7c28f84f54b2f6e45681d14989f01e18291/final-project/12-web-ui/wireframe-speech-analysis.drawio.png	/mirror/7d/7d0a50737541f4cc77b2959ce8b2e2244524cbc4.webp
https://raw.githubusercontent.com/revfactory/harness/cceac68ea1d0ad198ef4b7b906cd238375836387/harness_team.png	/mirror/91/91d21972155199be71cb22b20f1137b1969d62a7.webp
https://raw.githubusercontent.com/shanraisshan/claude-code-best-practice/2d6ea151c0d7189c3eaf364809c5574bd210e545/!/claude-jumping.svg	/mirror/08/083732f2d17cc173d2ce8cdf174e11bd1ccf34d9.svg
https://raw.githubusercontent.com/shanraisshan/claude-code-best-practice/2d6ea151c0d7189c3eaf364809c5574bd210e545/!/claude-speaking.svg	/mirror/48/48bb3d9e6cdf26bfb5f9361e29c75c8636de982a.svg
https://raw.githubusercontent.com/shanraisshan/claude-code-best-practice/2d6ea151c0d7189c3eaf364809c5574bd210e545/!/codex-jumping.svg	/mirror/71/7159acc316491dfc7514720ec530a07a8805aa21.svg
https://raw.githubusercontent.com/shanraisshan/claude-code-best-practice/2d6ea151c0d7189c3eaf364809c5574bd210e545/!/codex-speaking.svg	/mirror/58/5885900f4988c090615185f8b7b895b75e8726d9.svg
https://raw.githubusercontent.com/shanraisshan/claude-code-best-practice/2d6ea151c0d7189c3eaf364809c5574bd210e545/!/gemini-jumping.svg	/mirror/8a/8a570311273c8a9431da5e61365d477b26f8eee9.svg
https://raw.githubusercontent.com/shanraisshan/claude-code-best-practice/2d6ea151c0d7189c3eaf364809c5574bd210e545/!/gemini-speaking.svg	/mirror/b6/b69946a0100c55f24503560e1af578179989aa5f.svg
https://raw.githubusercontent.com/shanraisshan/claude-code-best-practice/2d6ea151c0d7189c3eaf364809c5574bd210e545/!/root/boris-slider.gif	/mirror/e1/e1d31bd46c23961222b7a0e6b226b49972a33942.webp
https://raw.githubusercontent.com/shanraisshan/claude-code-best-practice/2d6ea151c0d7189c3eaf364809c5574bd210e545/!/root/supported-claudekit.svg	/mirror/6d/6d401c87fc5926d14b74dc69a371fe661cc0172b.svg
https://raw.githubusercontent.com/shanraisshan/claude-code-best-practice/2d6ea151c0d7189c3eaf364809c5574bd210e545/!/root/supported-disrupt.svg	/mirror/66/6675f999e810ca18c2bc8b7c8294c068556bf3e6.svg
https://raw.githubusercontent.com/shanraisshan/claude-code-best-practice/2d6ea151c0d7189c3eaf364809c5574bd210e545/!/root/supported-label.svg	/mirror/f7/f79a74a25ebcc6663b7961cb2e51f55bc6cb8128.svg
https://raw.githubusercontent.com/shanraisshan/claude-code-best-practice/2d6ea151c0d7189c3eaf364809c5574bd210e545/!/tags/a.svg	/mirror/fa/fa202a49264f29f499c42c6416cc0bb07a9a22c1.svg
https://raw.githubusercontent.com/shanraisshan/claude-code-best-practice/2d6ea151c0d7189c3eaf364809c5574bd210e545/!/tags/anthropic-academy.svg	/mirror/f3/f3ad8c7f8706fee1eb1a4dadebdd70a1b1d96057.svg
https://raw.githubusercontent.com/shanraisshan/claude-code-best-practice/2d6ea151c0d7189c3eaf364809c5574bd210e545/!/tags/best-practice.svg	/mirror/54/54cb6fa3b3621835f6ce056ce859bd144c52cda7.svg
https://raw.githubusercontent.com/shanraisshan/claude-code-best-practice/2d6ea151c0d7189c3eaf364809c5574bd210e545/!/tags/beta.svg	/mirror/49/49b6d45ff80080e53cf557c91df9dfd3d7c97ef1.svg
https://raw.githubusercontent.com/shanraisshan/claude-code-best-practice/2d6ea151c0d7189c3eaf364809c5574bd210e545/!/tags/billion-dollar-questions.svg	/mirror/d1/d13331f4d968d2e5dd44dcaa80291ec0b23e7ada.svg
https://raw.githubusercontent.com/shanraisshan/claude-code-best-practice/2d6ea151c0d7189c3eaf364809c5574bd210e545/!/tags/boris-cherny.svg	/mirror/06/06d4c2d756c8b08f5d0655e67ff88e40ae5f7785.svg
https://raw.githubusercontent.com/shanraisshan/claude-code-best-practice/2d6ea151c0d7189c3eaf364809c5574bd210e545/!/tags/c.svg	/mirror/4a/4ae922bc23a6c7f65f12aa199bf61252ca723c3d.svg
https://raw.githubusercontent.com/shanraisshan/claude-code-best-practice/2d6ea151c0d7189c3eaf364809c5574bd210e545/!/tags/cat-wu.svg	/mirror/01/0124358fe02ff7efbfcc842529ad8897628383b6.svg
https://raw.githubusercontent.com/shanraisshan/claude-code-best-practice/2d6ea151c0d7189c3eaf364809c5574bd210e545/!/tags/claude-certified-architect.svg	/mirror/f4/f4ecd7289e3edf75555810ee86eeb7892ed32369.svg
https://raw.githubusercontent.com/shanraisshan/claude-code-best-practice/2d6ea151c0d7189c3eaf364809c5574bd210e545/!/tags/claude-community-ambassador.svg	/mirror/8a/8a7bbe492eb39b97a3533dd1211a54912bd05424.svg
https://raw.githubusercontent.com/shanraisshan/claude-code-best-practice/2d6ea151c0d7189c3eaf364809c5574bd210e545/!/tags/claude-for-oss.svg	/mirror/b1/b187bda60c57914e95cbe71091ddd94be2682c08.svg
https://raw.githubusercontent.com/shanraisshan/claude-code-best-practice/2d6ea151c0d7189c3eaf364809c5574bd210e545/!/tags/claude.svg	/mirror/29/2910d28b9579116c260ad24033759975908597b6.svg
https://raw.githubusercontent.com/shanraisshan/claude-code-best-practice/2d6ea151c0d7189c3eaf364809c5574bd210e545/!/tags/click-badges.svg	/mirror/55/55860e2055b39b13a5f37ce75d11071bb3e4f984.svg
https://raw.githubusercontent.com/shanraisshan/claude-code-best-practice/2d6ea151c0d7189c3eaf364809c5574bd210e545/!/tags/community-davila7.svg	/mirror/40/4088e928de05e69d41b6fa46f122bc0bc7b85e27.svg
https://raw.githubusercontent.com/shanraisshan/claude-code-best-practice/2d6ea151c0d7189c3eaf364809c5574bd210e545/!/tags/community-dex.svg	/mirror/37/374b1aeceb5d58073153f11a510252b26d90bbfb.svg
https://raw.githubusercontent.com/shanraisshan/claude-code-best-practice/2d6ea151c0d7189c3eaf364809c5574bd210e545/!/tags/community-karpathy.svg	/mirror/dc/dc831fcaec824e67ec9d3e67567271d5427533c6.svg
https://raw.githubusercontent.com/shanraisshan/claude-code-best-practice/2d6ea151c0d7189c3eaf364809c5574bd210e545/!/tags/community-matt.svg	/mirror/4c/4ca3a422395156c2186a6067606c405eba66e5b5.svg
https://raw.githubusercontent.com/shanraisshan/claude-code-best-practice/2d6ea151c0d7189c3eaf364809c5574bd210e545/!/tags/community-shayan.svg	/mirror/74/74e872a225e1bee048f007ec03aa02fc57f88376.svg
https://raw.githubusercontent.com/shanraisshan/claude-code-best-practice/2d6ea151c0d7189c3eaf364809c5574bd210e545/!/tags/community.svg	/mirror/bd/bd3f445a0dd1c4fadb943637cf0674933a130eeb.svg
https://raw.githubusercontent.com/shanraisshan/claude-code-best-practice/2d6ea151c0d7189c3eaf364809c5574bd210e545/!/tags/developed-by.svg	/mirror/98/98d5d4c315f1bb5a511a5cd08dbfa65c1e966c8e.svg
https://raw.githubusercontent.com/shanraisshan/claude-code-best-practice/2d6ea151c0d7189c3eaf364809c5574bd210e545/!/tags/how-to-implement.svg	/mirror/e6/e65e66f0e8e567e7838caeaf4013e59c09a69e4e.svg
https://raw.githubusercontent.com/shanraisshan/claude-code-best-practice/2d6ea151c0d7189c3eaf364809c5574bd210e545/!/tags/how-to-use-hd.svg	/mirror/c3/c3e356577a5f076101d95e397b366cabd7cf768b.svg
https://raw.githubusercontent.com/shanraisshan/claude-code-best-practice/2d6ea151c0d7189c3eaf364809c5574bd210e545/!/tags/how-to-use.svg	/mirror/43/43b393ff0af70918e029290bee538f937f2e8abb.svg
https://raw.githubusercontent.com/shanraisshan/claude-code-best-practice/2d6ea151c0d7189c3eaf364809c5574bd210e545/!/tags/implemented-hd.svg	/mirror/40/40ff976a740fb4fcf55255dbc78bf034992e082b.svg
https://raw.githubusercontent.com/shanraisshan/claude-code-best-practice/2d6ea151c0d7189c3eaf364809c5574bd210e545/!/tags/implemented.svg	/mirror/39/392579a21a6106bd8ba5bebcdc5e2f81b0191567.svg
https://raw.githubusercontent.com/shanraisshan/claude-code-best-practice/2d6ea151c0d7189c3eaf364809c5574bd210e545/!/tags/lydia.svg	/mirror/ce/ce4b2bbb0da5464291c9781291e26ed0f3281d9d.svg
https://raw.githubusercontent.com/shanraisshan/claude-code-best-practice/2d6ea151c0d7189c3eaf364809c5574bd210e545/!/tags/official.svg	/mirror/5d/5dc02d05a93f03f9dbc3b6ede8ad03e64a65f789.svg
https://raw.githubusercontent.com/shanraisshan/claude-code-best-practice/2d6ea151c0d7189c3eaf364809c5574bd210e545/!/tags/orchestration-workflow-hd.svg	/mirror/f8/f8123f3d43b611e2b595c8a50cd3e2b50275e72b.svg
https://raw.githubusercontent.com/shanraisshan/claude-code-best-practice/2d6ea151c0d7189c3eaf364809c5574bd210e545/!/tags/orchestration-workflow.svg	/mirror/da/daf2954888b1a9d165c45f8b42d2d5258f0caf04.svg
https://raw.githubusercontent.com/shanraisshan/claude-code-best-practice/2d6ea151c0d7189c3eaf364809c5574bd210e545/!/tags/s.svg	/mirror/7a/7a9da6d162c0c153d7e0c75d3e9947f224708b48.svg
https://raw.githubusercontent.com/shanraisshan/claude-code-best-practice/2d6ea151c0d7189c3eaf364809c5574bd210e545/!/tags/thariq.svg	/mirror/c2/c2b1d8f964cbfffbe59e0880b684f23c20eb8abb.svg
https://raw.githubusercontent.com/shanraisshan/claude-code-best-practice/2d6ea151c0d7189c3eaf364809c5574bd210e545/!/tags/video.svg	/mirror/d8/d8603fbf9beff7c15a6a2b3e59dbbbdb9f4e4bf1.svg
https://raw.githubusercontent.com/shanraisshan/claude-code-best-practice/2d6ea151c0d7189c3eaf364809c5574bd210e545/!/tags/whatsapp-claude-pakistan.svg	/mirror/ca/cae839fc6faf70f9519106039ccbbde49ef2771c.svg
https://raw.githubusercontent.com/shanraisshan/claude-code-best-practice/2d6ea151c0d7189c3eaf364809c5574bd210e545/!/thumbnail/presentation-1.png	/mirror/0c/0c2e7cfb67e7bd694ed67a833bb8c0667d2196d4.webp
https://raw.githubusercontent.com/shanraisshan/claude-code-best-practice/2d6ea151c0d7189c3eaf364809c5574bd210e545/!/thumbnail/video-1.png	/mirror/72/72146ae6594ba2af86933eb2e90466267c77404c.webp
https://raw.githubusercontent.com/shanraisshan/claude-code-best-practice/2d6ea151c0d7189c3eaf364809c5574bd210e545/!/thumbnail/video-2.png	/mirror/7f/7f351a9ba3fed49c0f570b7525dbe7dce5ace37e.webp
https://raw.githubusercontent.com/shanraisshan/claude-code-best-practice/2d6ea151c0d7189c3eaf364809c5574bd210e545/development-workflows/cross-model-workflow/assets/cross-model-workflow.png	/mirror/c7/c76623e7754b39a5469fe260d2b2d283a04f44fa.webp
https://raw.githubusercontent.com/shanraisshan/claude-code-best-practice/2d6ea151c0d7189c3eaf364809c5574bd210e545/development-workflows/rpi/rpi-workflow.svg	/mirror/e4/e4af0515d78127b5aedc949cf5d4fcd4e57a4145.svg
https://raw.githubusercontent.com/shanraisshan/claude-code-best-practice/2d6ea151c0d7189c3eaf364809c5574bd210e545/implementation/assets/impl-agent-teams.png	/mirror/15/15c5c5317ad9b02e8299ab7c539205ea766833af.webp
https://raw.githubusercontent.com/shanraisshan/claude-code-best-practice/2d6ea151c0d7189c3eaf364809c5574bd210e545/implementation/assets/impl-goal-claude.png	/mirror/71/7138426e9e3ee56bc933c2eeafdfa42494ab6aa4.webp
https://raw.githubusercontent.com/shanraisshan/claude-code-best-practice/2d6ea151c0d7189c3eaf364809c5574bd210e545/implementation/assets/impl-goal-codex.png	/mirror/bf/bf3061d8b80e7fb79e10a7d6b0dd1f21d6b4cc6c.webp
https://raw.githubusercontent.com/shanraisshan/claude-code-best-practice/2d6ea151c0d7189c3eaf364809c5574bd210e545/orchestration-workflow/orchestration-workflow.gif	/mirror/6d/6da5125336d8e001084485035209b339c6e01a50.webp
https://raw.githubusercontent.com/shanraisshan/claude-code-best-practice/2d6ea151c0d7189c3eaf364809c5574bd210e545/orchestration-workflow/orchestration-workflow.svg	/mirror/7a/7abe7821b5277cc22f7f5cf61acdffe66d2cdf67.svg
https://raw.githubusercontent.com/shanraisshan/codex-cli-best-practice/b79f473a188632867354fc793894dfd368a18e48/!/claude-jumping.svg	/mirror/32/322a5169a68c6b8f7f50a1a8b865cf33c8639efd.svg
https://raw.githubusercontent.com/shanraisshan/codex-cli-best-practice/b79f473a188632867354fc793894dfd368a18e48/!/claude-speaking.svg	/mirror/b6/b66bcf2318e4ca531b909983765e2aed720dd9e4.svg
https://raw.githubusercontent.com/shanraisshan/codex-cli-best-practice/b79f473a188632867354fc793894dfd368a18e48/!/codex-jumping.svg	/mirror/d5/d53dec6003575523123a41b242b60001c19a9882.svg
https://raw.githubusercontent.com/shanraisshan/codex-cli-best-practice/b79f473a188632867354fc793894dfd368a18e48/!/codex-speaking.svg	/mirror/87/879496fb2451e7a44621f31a59fd313b6f1a6561.svg
https://raw.githubusercontent.com/shanraisshan/codex-cli-best-practice/b79f473a188632867354fc793894dfd368a18e48/!/orchestration-workflow-diagram.svg	/mirror/d0/d0e770112b9a9c8a416c2be170846524de844bc5.svg
https://raw.githubusercontent.com/shanraisshan/codex-cli-best-practice/b79f473a188632867354fc793894dfd368a18e48/!/tags/a.svg	/mirror/f4/f4f34d68b399b6f956c4be5e817e00cb60dd39a9.svg
https://raw.githubusercontent.com/shanraisshan/codex-cli-best-practice/b79f473a188632867354fc793894dfd368a18e48/!/tags/best-practice.svg	/mirror/ec/ec08fa1f324719239cf93980b84f4f0b1453aecd.svg
https://raw.githubusercontent.com/shanraisshan/codex-cli-best-practice/b79f473a188632867354fc793894dfd368a18e48/!/tags/beta.svg	/mirror/af/afbf2d90461c3b48cd24cc9bf0eafcb651fe3815.svg
https://raw.githubusercontent.com/shanraisshan/codex-cli-best-practice/b79f473a188632867354fc793894dfd368a18e48/!/tags/billion-dollar-questions.svg	/mirror/50/50f1e233d8382208d8bbad64c8a1416222c4a87d.svg
https://raw.githubusercontent.com/shanraisshan/codex-cli-best-practice/b79f473a188632867354fc793894dfd368a18e48/!/tags/c.svg	/mirror/d0/d05c9d5833ebd195c770604d35bd3ef65f5aec76.svg
https://raw.githubusercontent.com/shanraisshan/codex-cli-best-practice/b79f473a188632867354fc793894dfd368a18e48/!/tags/click-badges.svg	/mirror/6d/6d9f2276cefe130665938ef30a8e5ace87703cce.svg
https://raw.githubusercontent.com/shanraisshan/codex-cli-best-practice/b79f473a188632867354fc793894dfd368a18e48/!/tags/codex-for-oss.svg	/mirror/26/26af8acd1b097d92fb0ef27ea0e5ac5d0c080167.svg
https://raw.githubusercontent.com/shanraisshan/codex-cli-best-practice/b79f473a188632867354fc793894dfd368a18e48/!/tags/codex.svg	/mirror/03/038900b3863ddbabca50b11ef0a28765569ecce3.svg
https://raw.githubusercontent.com/shanraisshan/codex-cli-best-practice/b79f473a188632867354fc793894dfd368a18e48/!/tags/community-shayan.svg	/mirror/4b/4bea2dc8266df66647495fdaa651591ec27c8d23.svg
https://raw.githubusercontent.com/shanraisshan/codex-cli-best-practice/b79f473a188632867354fc793894dfd368a18e48/!/tags/community.svg	/mirror/03/0388b535055ec01a1ab2cd1c6e2207ffb743cd8f.svg
https://raw.githubusercontent.com/shanraisshan/codex-cli-best-practice/b79f473a188632867354fc793894dfd368a18e48/!/tags/embiricos.svg	/mirror/84/84740311cef58139b457be89009cb6824c8cb8d1.svg
https://raw.githubusercontent.com/shanraisshan/codex-cli-best-practice/b79f473a188632867354fc793894dfd368a18e48/!/tags/how-to-use.svg	/mirror/6e/6e97c4520101a2ed5f0363ff79822b80c90e4c8c.svg
https://raw.githubusercontent.com/shanraisshan/codex-cli-best-practice/b79f473a188632867354fc793894dfd368a18e48/!/tags/implemented.svg	/mirror/ef/efeebd2cb4d7f873a01ae5e80c65dc8ab1281051.svg
https://raw.githubusercontent.com/shanraisshan/codex-cli-best-practice/b79f473a188632867354fc793894dfd368a18e48/!/tags/orchestration-workflow-hd.svg	/mirror/df/dfd3a2628c49008b081813b890a4e6ecc92f1296.svg
https://raw.githubusercontent.com/shanraisshan/codex-cli-best-practice/b79f473a188632867354fc793894dfd368a18e48/!/tags/orchestration-workflow.svg	/mirror/81/81ac72cfdafe9a2c26acced9759e2dcc42f09a6e.svg
https://raw.githubusercontent.com/shanraisshan/codex-cli-best-practice/b79f473a188632867354fc793894dfd368a18e48/!/tags/s.svg	/mirror/b4/b4ac8ce766cb92fa0e98158e05b6d1da1894f1cc.svg
https://raw.githubusercontent.com/shanraisshan/codex-cli-best-practice/b79f473a188632867354fc793894dfd368a18e48/!/tags/tibo.svg	/mirror/58/582361ef583ed7a6d5e7806df0ea3bf62e44f30b.svg
https://raw.githubusercontent.com/staruhub/awesome-workbuddy/e32b6c953154e41f6cb4e6b69fd7d933f5cef3d3/assets/banner.png	/mirror/14/14db1709b429ec729f3a9f86f21819ce79c52849.webp
https://raw.githubusercontent.com/stormzhang/ai-coding-guide/d187dbdb83fa1be051a850074eb518e30e2eb47c/claude-code/assets/01-four-quadrant-compare@2x.png	/mirror/55/551df6c33f27df03822d789845e8aa535dd7da01.webp
https://raw.githubusercontent.com/stormzhang/ai-coding-guide/d187dbdb83fa1be051a850074eb518e30e2eb47c/claude-code/assets/02-first-session-flow@2x.png	/mirror/2b/2b434ee3d3db940de5ce09fbe45c3fe3600fbf06.webp
https://raw.githubusercontent.com/stormzhang/ai-coding-guide/d187dbdb83fa1be051a850074eb518e30e2eb47c/claude-code/assets/03-agent-loop@2x.png	/mirror/eb/eb007303532e4106c5d9a2a52bb94c746a40b78b.webp
https://raw.githubusercontent.com/stormzhang/ai-coding-guide/d187dbdb83fa1be051a850074eb518e30e2eb47c/claude-code/assets/04-auth-priority-stack@2x.png	/mirror/06/06b02fc383fed8316a4e8bb9e7ac153233b87bd1.webp
https://raw.githubusercontent.com/stormzhang/ai-coding-guide/d187dbdb83fa1be051a850074eb518e30e2eb47c/claude-code/assets/05-request-flow-deepseek@2x.png	/mirror/95/951f9a73c8be67f9defd6e3c49d31d50dc1b0888.webp
https://raw.githubusercontent.com/stormzhang/ai-coding-guide/d187dbdb83fa1be051a850074eb518e30e2eb47c/claude-code/assets/07-first-run-flow@2x.png	/mirror/d4/d485975a4e7d5669f7f2fb9b29f8f5e4f5f02976.webp
https://raw.githubusercontent.com/stormzhang/ai-coding-guide/d187dbdb83fa1be051a850074eb518e30e2eb47c/claude-code/assets/08-extension-search-real.png	/mirror/3c/3c31b0e44f66e85462592d38d64617251b6274ed.webp
https://raw.githubusercontent.com/stormzhang/ai-coding-guide/d187dbdb83fa1be051a850074eb518e30e2eb47c/claude-code/assets/08-plan-mode-review@2x.png	/mirror/42/42298d2bf44b204e43b66553a8df16f3ff7ec315.webp
https://raw.githubusercontent.com/stormzhang/ai-coding-guide/d187dbdb83fa1be051a850074eb518e30e2eb47c/claude-code/assets/08-spark-icon-location@2x.png	/mirror/f1/f1e7e6db636e2bc8a68711a0937d33c9a434aaa1.webp
https://raw.githubusercontent.com/stormzhang/ai-coding-guide/d187dbdb83fa1be051a850074eb518e30e2eb47c/claude-code/assets/09-plugin-platform-layers@2x.png	/mirror/e1/e14275adea8a34e3817428e12a4f71c8cf5902a3.webp
https://raw.githubusercontent.com/stormzhang/ai-coding-guide/d187dbdb83fa1be051a850074eb518e30e2eb47c/claude-code/assets/10-install-flow@2x.png	/mirror/01/0152f603500ba1a87f52d81ae313e1a34f87084b.webp
https://raw.githubusercontent.com/stormzhang/ai-coding-guide/d187dbdb83fa1be051a850074eb518e30e2eb47c/claude-code/assets/11-three-surfaces@2x.png	/mirror/77/7768d8c923eb8df18cdf420ff7e362cd482b5174.webp
https://raw.githubusercontent.com/stormzhang/ai-coding-guide/d187dbdb83fa1be051a850074eb518e30e2eb47c/claude-code/assets/12-init-flow@2x.png	/mirror/02/020181d2674e260d82716d15972c0ab869932c33.webp
https://raw.githubusercontent.com/stormzhang/ai-coding-guide/d187dbdb83fa1be051a850074eb518e30e2eb47c/claude-code/assets/13-claude-dir-tree@2x.png	/mirror/21/21697b68fdfe4efa9a664fff0e888d7c73b06e8d.webp
https://raw.githubusercontent.com/stormzhang/ai-coding-guide/d187dbdb83fa1be051a850074eb518e30e2eb47c/claude-code/assets/14-interface-keys@2x.png	/mirror/a4/a4406d7da12c1349ca77e91a987e4605a5b83ae1.webp
https://raw.githubusercontent.com/stormzhang/ai-coding-guide/d187dbdb83fa1be051a850074eb518e30e2eb47c/claude-code/assets/15-prompt-before-after@2x.png	/mirror/56/56c03afaff031a24d0fb9ad908bdb4bdbd3b7701.webp
https://raw.githubusercontent.com/stormzhang/ai-coding-guide/d187dbdb83fa1be051a850074eb518e30e2eb47c/claude-code/assets/16-four-workflows@2x.png	/mirror/29/2936eb38f801c0e52123236f6ffd345fed5ad225.webp
https://raw.githubusercontent.com/stormzhang/ai-coding-guide/d187dbdb83fa1be051a850074eb518e30e2eb47c/claude-code/assets/17-three-ways-add-image@2x.png	/mirror/b5/b5f379f97a802f191eb9bfbc31e278f219ce9ed0.webp
https://raw.githubusercontent.com/stormzhang/ai-coding-guide/d187dbdb83fa1be051a850074eb518e30e2eb47c/claude-code/assets/18-claude-md-layers@2x.png	/mirror/81/81a75028f5e043ecf0525addcc01a57514b1b060.webp
https://raw.githubusercontent.com/stormzhang/ai-coding-guide/d187dbdb83fa1be051a850074eb518e30e2eb47c/claude-code/assets/19-context-window@2x.png	/mirror/6c/6cbec7104500ae2428f633e1ad475601b8b65fd3.webp
https://raw.githubusercontent.com/stormzhang/ai-coding-guide/d187dbdb83fa1be051a850074eb518e30e2eb47c/claude-code/assets/20-permission-spectrum@2x.png	/mirror/f1/f184f9b0e7fd80755e3f390fbfe90eee6c54b6ff.webp
https://raw.githubusercontent.com/stormzhang/ai-coding-guide/d187dbdb83fa1be051a850074eb518e30e2eb47c/claude-code/assets/21-defense-layers@2x.png	/mirror/76/761a25d64cf1c7c585c9af44fef4af4098f676e1.webp
https://raw.githubusercontent.com/stormzhang/ai-coding-guide/d187dbdb83fa1be051a850074eb518e30e2eb47c/claude-code/assets/22-mcp-hub@2x.png	/mirror/31/312d068f465849d4beda328e98ad6c06401e5999.webp
https://raw.githubusercontent.com/stormzhang/ai-coding-guide/d187dbdb83fa1be051a850074eb518e30e2eb47c/claude-code/assets/23-subagent-isolation@2x.png	/mirror/ca/caf5967b7d0b10b3f5f4453ae5ac350bbfd21b9b.webp
https://raw.githubusercontent.com/stormzhang/ai-coding-guide/d187dbdb83fa1be051a850074eb518e30e2eb47c/og.png	/mirror/d1/d12d3cfdc7223d4225fb1fca9fae31ec0670b6c5.webp
https://raw.githubusercontent.com/strands-agents/harness-sdk/7bda6c70e71cd07279470268c3d3b3f4b36adf53/site/src/content/blog/novum_architecture.svg	/mirror/3d/3daacd30989959ce1393905c900f6ab7b168d6b9.svg
https://raw.githubusercontent.com/strands-agents/harness-sdk/7bda6c70e71cd07279470268c3d3b3f4b36adf53/site/src/content/blog/resources/harness-optimizer/benchmark-results.png	/mirror/3b/3b06cff196ad272998a607438ff05ecb3f8a8aab.png
https://raw.githubusercontent.com/strands-agents/harness-sdk/7bda6c70e71cd07279470268c3d3b3f4b36adf53/site/src/content/blog/resources/harness-optimizer/contrastive-reflection.webp	/mirror/73/7380d2a410da425d49f5157e6b12f73d1bbeb4a4.webp
https://raw.githubusercontent.com/strands-agents/harness-sdk/7bda6c70e71cd07279470268c3d3b3f4b36adf53/site/src/content/blog/resources/harness-optimizer/formula-optimization-loop.webp	/mirror/ea/ea3c9c3633809ebf53e0fd1bac366d8c6d3c4e66.webp
https://raw.githubusercontent.com/strands-agents/harness-sdk/7bda6c70e71cd07279470268c3d3b3f4b36adf53/site/src/content/blog/resources/harness-optimizer/formula-optimizer-architecture.webp	/mirror/ac/ac7ef1f0a3489bd1bf2924558177a7c2159c2b33.webp
https://raw.githubusercontent.com/strands-agents/harness-sdk/7bda6c70e71cd07279470268c3d3b3f4b36adf53/site/src/content/blog/resources/harness-optimizer/manual-vs-automatic.webp	/mirror/a4/a4ef757cec6ed32af371c647fa3c7765b691d0ed.webp
https://raw.githubusercontent.com/strands-agents/harness-sdk/7bda6c70e71cd07279470268c3d3b3f4b36adf53/site/src/content/blog/resources/harness-optimizer/multi-agent-optimizer.webp	/mirror/9c/9c28db499951460ef45ac04b1a20dae3029aa490.webp
https://raw.githubusercontent.com/strands-agents/harness-sdk/7bda6c70e71cd07279470268c3d3b3f4b36adf53/site/src/content/blog/resources/harness-optimizer/training-vs-optimizing.webp	/mirror/6f/6fa4e19bce27ad091e9384e203b17117a119ace9.webp
https://raw.githubusercontent.com/strands-agents/harness-sdk/7bda6c70e71cd07279470268c3d3b3f4b36adf53/site/src/content/blog/resources/interleaved-thinking/model-invoke-reasoning.png	/mirror/07/0784e67fa68a29efd0f3e9a7cf21bc1db24fd1af.webp
https://raw.githubusercontent.com/tangshiyegit/agent-guide/ae8b2262e7a1e5bd0d466037c6ad9f6037b72c33/assets/gzh-qrcode.png	/mirror/63/6309e3435b82ea493bcdbd45b63d82ce2a3acfc0.webp
https://raw.githubusercontent.com/vibefast-app/vibefast-docs/2a34bc50576f3f74fda6196ca9bebf851187bcf9/asset/homepage.png	/mirror/37/372439d6f59e936b29184757222dc1f46ee2cce8.webp
https://raw.githubusercontent.com/volcengine/MineContext/171c7a9ea8091e326ddcf0f10718aa1b58c83c65/src/Download-App.gif	/mirror/7d/7d1139b330704f35c4efb3d2cb23aa4886f123fd.webp
https://raw.githubusercontent.com/volcengine/MineContext/171c7a9ea8091e326ddcf0f10718aa1b58c83c65/src/Enable-Permissions.gif	/mirror/04/0408b7917dda8cdcbceed1eb8cf77c4938f8aa8f.webp
https://raw.githubusercontent.com/volcengine/MineContext/171c7a9ea8091e326ddcf0f10718aa1b58c83c65/src/Enter-API-Key.gif	/mirror/e8/e8a50d34e005581356aff4d81a64f18acb953a3c.webp
https://raw.githubusercontent.com/volcengine/MineContext/171c7a9ea8091e326ddcf0f10718aa1b58c83c65/src/Screen-Settings.gif	/mirror/e1/e1f1bf5c7ee1111021b45c5413b16aeb32b509a3.webp
https://raw.githubusercontent.com/volcengine/MineContext/171c7a9ea8091e326ddcf0f10718aa1b58c83c65/src/backend-web-1.png	/mirror/a6/a6ea4d8a78ba7f1dc3c4c12e18f2d36f49086467.webp
https://raw.githubusercontent.com/volcengine/MineContext/171c7a9ea8091e326ddcf0f10718aa1b58c83c65/src/backend-web-2.png	/mirror/23/23e064a9fc30fc53510ea81331d84349d3f8acf6.webp
https://raw.githubusercontent.com/volcengine/MineContext/171c7a9ea8091e326ddcf0f10718aa1b58c83c65/src/backend-web-3.png	/mirror/86/863955d8ad15b14fc15e8591682300622866bd85.webp
https://raw.githubusercontent.com/volcengine/MineContext/171c7a9ea8091e326ddcf0f10718aa1b58c83c65/src/doubao-emb-model.png	/mirror/94/94e2ef9a57d093864df0c8ec89565b97ab989bf1.webp
https://raw.githubusercontent.com/volcengine/MineContext/171c7a9ea8091e326ddcf0f10718aa1b58c83c65/src/doubao-vlm-model.png	/mirror/4b/4b8a80e9cb4b007ea059f722280b5594cb6ef449.webp
https://raw.githubusercontent.com/volcengine/MineContext/171c7a9ea8091e326ddcf0f10718aa1b58c83c65/src/feature.gif	/mirror/8d/8d9ca160fd810806de9b59a6c4306b3b238119af.webp
https://raw.githubusercontent.com/walkinglabs/learn-harness-engineering/77e7a3e21469dcbece2558086c8d91657abeaa40/docs/public/screenshots/readme/en-home.png	/mirror/ce/cecc5d477c9169de801c0d6361b93480651ab07a.webp
https://raw.githubusercontent.com/walkinglabs/learn-harness-engineering/77e7a3e21469dcbece2558086c8d91657abeaa40/docs/public/screenshots/readme/en-lecture-01.png	/mirror/f5/f5d4b6bfab7ae2621bb2217e335edbd46c8cd0c2.webp
https://raw.githubusercontent.com/walkinglabs/learn-harness-engineering/77e7a3e21469dcbece2558086c8d91657abeaa40/docs/public/screenshots/readme/en-resources.png	/mirror/7b/7bc219a4c68685d0f5efcf9a6df11de944ccc9aa.webp
https://raw.githubusercontent.com/wangxiaoshuai1998/QwenWorkGuide/002f698a68b69d3635acf6be0d6e27db69069071/docs/cases/submissions/annual-report-digital-transformation/assets/agent-swarm-todo.png	/mirror/32/32a800206fdad9e33121097889dda8bab821ae7a.webp
https://raw.githubusercontent.com/wangxiaoshuai1998/QwenWorkGuide/002f698a68b69d3635acf6be0d6e27db69069071/docs/cases/submissions/annual-report-digital-transformation/assets/cover.png	/mirror/90/909b1e211aaa63ea1515b9a99219101ad4b699a2.webp
https://raw.githubusercontent.com/wangxiaoshuai1998/QwenWorkGuide/002f698a68b69d3635acf6be0d6e27db69069071/docs/cases/submissions/annual-report-digital-transformation/assets/primary-input.png	/mirror/81/81cd92b245ff206aa8b170483471c3cdb9d68404.webp
https://raw.githubusercontent.com/wangxiaoshuai1998/QwenWorkGuide/002f698a68b69d3635acf6be0d6e27db69069071/docs/cases/submissions/annual-report-digital-transformation/assets/qwenwork-result.png	/mirror/7c/7c85995939a8db1145c7870178806034a300c9d1.webp
https://raw.githubusercontent.com/wangxiaoshuai1998/QwenWorkGuide/002f698a68b69d3635acf6be0d6e27db69069071/docs/cases/submissions/annual-report-digital-transformation/assets/report-charts.png	/mirror/42/424d03355a99e1d6be48516c73d0aa77baaef19a.webp
https://raw.githubusercontent.com/wangxiaoshuai1998/QwenWorkGuide/002f698a68b69d3635acf6be0d6e27db69069071/docs/cases/submissions/annual-report-digital-transformation/assets/report-conclusion.png	/mirror/10/1034a92ce44e2b0076407bcea2f45ee8479812d4.webp
https://raw.githubusercontent.com/wangxiaoshuai1998/QwenWorkGuide/002f698a68b69d3635acf6be0d6e27db69069071/docs/cases/submissions/annual-report-digital-transformation/assets/report-framework.png	/mirror/d9/d96cab2b6e8cda40d9dbf82d05dbbbd59a2e90f2.webp
https://raw.githubusercontent.com/wangxiaoshuai1998/QwenWorkGuide/002f698a68b69d3635acf6be0d6e27db69069071/docs/cases/submissions/annual-report-digital-transformation/assets/source-files.png	/mirror/5d/5de62ebce4d8756d36b042b5a75f34a08a90ce5c.webp
https://raw.githubusercontent.com/wangxiaoshuai1998/QwenWorkGuide/002f698a68b69d3635acf6be0d6e27db69069071/docs/cases/submissions/annual-report-digital-transformation/assets/start-agents-swarm.png	/mirror/e1/e11d4fd92aaf297fd232043855fc2ca3f297c7f4.webp
https://raw.githubusercontent.com/wangxiaoshuai1998/QwenWorkGuide/002f698a68b69d3635acf6be0d6e27db69069071/docs/cases/submissions/daily-ai-news/assets/aihot-daily-report.png	/mirror/a5/a55e6fc4db3adcafa737aa71f41cdc813e28dc3c.webp
https://raw.githubusercontent.com/wangxiaoshuai1998/QwenWorkGuide/002f698a68b69d3635acf6be0d6e27db69069071/docs/cases/submissions/daily-ai-news/assets/aihot-install.png	/mirror/6e/6ee4d0cb160ef459bd497539b2f2b21a5fe8b676.webp
https://raw.githubusercontent.com/wangxiaoshuai1998/QwenWorkGuide/002f698a68b69d3635acf6be0d6e27db69069071/docs/cases/submissions/daily-ai-news/assets/aihot-openai-result.png	/mirror/27/27be6887c72c607722c535bca4f44101370a4299.webp
https://raw.githubusercontent.com/wangxiaoshuai1998/QwenWorkGuide/002f698a68b69d3635acf6be0d6e27db69069071/docs/cases/submissions/jz-2025-showreel/assets/showreel-scene.png	/mirror/6f/6fbebbf82de9af4fbe7fefb2ecc9959c39dc5aa8.webp
https://raw.githubusercontent.com/wangxiaoshuai1998/QwenWorkGuide/002f698a68b69d3635acf6be0d6e27db69069071/docs/cases/submissions/jz-2025-showreel/assets/showreel-sphere.png	/mirror/4b/4b8dd8954fa2fa98b93a4d054e23fa0c3ba58151.webp
https://raw.githubusercontent.com/wangxiaoshuai1998/QwenWorkGuide/002f698a68b69d3635acf6be0d6e27db69069071/docs/cases/submissions/tea-shop-sales-analysis/assets/cover.jpg	/mirror/35/35504243eb736482fb21c006a0efdf02e107775b.webp
https://raw.githubusercontent.com/wangxiaoshuai1998/QwenWorkGuide/002f698a68b69d3635acf6be0d6e27db69069071/docs/cases/submissions/tea-shop-sales-analysis/assets/mess-data.jpg	/mirror/f1/f1692753593b55778eac5db83bdefb851e2b90c2.webp
https://raw.githubusercontent.com/wangxiaoshuai1998/QwenWorkGuide/002f698a68b69d3635acf6be0d6e27db69069071/docs/cases/submissions/tea-shop-sales-analysis/assets/qwenwork-cleaning.jpg	/mirror/26/26957e4ce2e550f1f5b8e6742b14bdf952a4c9cf.webp
https://raw.githubusercontent.com/wangxiaoshuai1998/QwenWorkGuide/002f698a68b69d3635acf6be0d6e27db69069071/docs/cases/submissions/tea-shop-sales-analysis/assets/qwenwork-task.jpg	/mirror/63/63a45931f2af18ba0b208deba9cd416bf378bcef.webp
https://raw.githubusercontent.com/wangxiaoshuai1998/QwenWorkGuide/002f698a68b69d3635acf6be0d6e27db69069071/docs/cases/submissions/tea-shop-sales-analysis/assets/report-xlsx.jpg	/mirror/6f/6f1a69b41094587acb1f4d1d4dbaf3780a5ce121.webp
https://raw.githubusercontent.com/wangxiaoshuai1998/QwenWorkGuide/002f698a68b69d3635acf6be0d6e27db69069071/docs/cases/submissions/vibe-resume/assets/final-resume-result.png	/mirror/b0/b02997241479581f5fca49f33b20c470533d67dd.webp
https://raw.githubusercontent.com/wangxiaoshuai1998/QwenWorkGuide/002f698a68b69d3635acf6be0d6e27db69069071/docs/cases/submissions/vibe-resume/assets/first-resume-result.png	/mirror/43/4335060d8c34c1fec0ffbb5abf44afe5e15c7bcb.webp
https://raw.githubusercontent.com/wangxiaoshuai1998/QwenWorkGuide/002f698a68b69d3635acf6be0d6e27db69069071/docs/cases/submissions/vibe-resume/assets/install-skill.png	/mirror/7d/7d147f023d91d595384d9ff10860082c26115247.webp
https://raw.githubusercontent.com/wangxiaoshuai1998/QwenWorkGuide/002f698a68b69d3635acf6be0d6e27db69069071/docs/cases/submissions/vibe-resume/assets/send-resume-materials.png	/mirror/9e/9e0dfa84f5a510cffe1bd7d641e25da46b47ee99.webp
https://raw.githubusercontent.com/wangxiaoshuai1998/QwenWorkGuide/002f698a68b69d3635acf6be0d6e27db69069071/docs/cases/submissions/vibe-resume/assets/skill-ready.png	/mirror/05/05b3980b61485f030cd749e491645ff744b41a9f.webp
https://raw.githubusercontent.com/wangxiaoshuai1998/QwenWorkGuide/002f698a68b69d3635acf6be0d6e27db69069071/docs/cases/submissions/vibe-resume/assets/template-list.png	/mirror/ad/ad27b3fb2859603fa6ef9a8c8dd26b91f2490aff.webp
https://raw.githubusercontent.com/wangxiaoshuai1998/QwenWorkGuide/002f698a68b69d3635acf6be0d6e27db69069071/docs/cases/submissions/wechat-format-publish/assets/skill-install.png	/mirror/6d/6de1fa061a65fb2ecb43e2340a57e5cc63c2ec9c.webp
https://raw.githubusercontent.com/wangxiaoshuai1998/QwenWorkGuide/002f698a68b69d3635acf6be0d6e27db69069071/docs/cases/submissions/wechat-ima-knowledge/assets\qwenwork添加ima连接器.png	/mirror/90/90ae8c1a7a5e1fe8db51aad5de8a709c3c64c3aa.webp
https://raw.githubusercontent.com/wangxiaoshuai1998/QwenWorkGuide/002f698a68b69d3635acf6be0d6e27db69069071/docs/cases/submissions/wechat-ima-knowledge/assets\小程序一键存入ima.jpg	/mirror/d0/d071f9b4d83e9baa57faedbf7f74860fa8c5e334.webp
https://raw.githubusercontent.com/wangxiaoshuai1998/QwenWorkGuide/002f698a68b69d3635acf6be0d6e27db69069071/docs/greenbook/第二部分 实战案例 从具体任务，走向AI Native/电商运营-电商经营数据大屏「官方案例」/assets/001_image.png	/mirror/1d/1df59ed10822144f5abf5fb3f1bb3224c9990199.webp
https://raw.githubusercontent.com/wangxiaoshuai1998/QwenWorkGuide/002f698a68b69d3635acf6be0d6e27db69069071/docs/greenbook/第二部分 实战案例 从具体任务，走向AI Native/部分 实战案例 从具体任务，走向AI Native/实战指南｜数据分析全流程实战教程/assets/001_image.png	/mirror/c7/c718741cd33c8b446d928702163ecc5a2f12ef50.webp
https://raw.githubusercontent.com/wangxiaoshuai1998/QwenWorkGuide/002f698a68b69d3635acf6be0d6e27db69069071/docs/greenbook/第二部分 实战案例 从具体任务，走向AI Native/部分 实战案例 从具体任务，走向AI Native/电商运营-电商经营数据大屏「官方案例」/assets/001_image.png	/mirror/22/22b62bf7fbfa236c34e2d67bb1acfdbd7a9d4574.webp
https://raw.githubusercontent.com/wangxiaoshuai1998/QwenWorkGuide/002f698a68b69d3635acf6be0d6e27db69069071/docs/greenbook/第二部分 实战案例 从具体任务，走向AI Native/部分 实战案例 从具体任务，走向AI Native/自媒体-上传录音，克隆自己的声音做口播/assets/001_image.png	/mirror/63/63b273a65ff1e93183efbdb6ce8beadf58c6e9fe.webp
https://raw.githubusercontent.com/wangxiaoshuai1998/QwenWorkGuide/002f698a68b69d3635acf6be0d6e27db69069071/docs/greenbook/第二部分 实战案例 从具体任务，走向AI Native/部分 实战案例 从具体任务，走向AI Native/自媒体-上传录音，克隆自己的声音做口播/assets/002_image.png	/mirror/11/11f6a587d9c3d6e91cb9001dd6f591a153bb7099.webp
https://raw.githubusercontent.com/wesammustafa/Claude-Code-Everything-You-Need-to-Know/d9e93740193aeae2cd661c7ddf6f0c8f8989860b/Images/MCP/mcp-1.png	/mirror/84/849a926d2019398d8a7b25ec851853695814cc95.webp
https://raw.githubusercontent.com/wesammustafa/Claude-Code-Everything-You-Need-to-Know/d9e93740193aeae2cd661c7ddf6f0c8f8989860b/Images/MCP/mcp-2.png	/mirror/5a/5a49a3ffbbba8c8e90ed2f37886796fc263719cf.webp
https://raw.githubusercontent.com/wesammustafa/Claude-Code-Everything-You-Need-to-Know/d9e93740193aeae2cd661c7ddf6f0c8f8989860b/Images/MCP/mcp-3.png	/mirror/99/9993cb38d2ad57ba32c12bf21bd897823783bb70.webp
https://raw.githubusercontent.com/wesammustafa/Claude-Code-Everything-You-Need-to-Know/d9e93740193aeae2cd661c7ddf6f0c8f8989860b/Images/MCP/mcp-4.png	/mirror/4b/4b989202c056d00e2a1da94ce7b8a218ca4243b4.webp
https://raw.githubusercontent.com/wesammustafa/Claude-Code-Everything-You-Need-to-Know/d9e93740193aeae2cd661c7ddf6f0c8f8989860b/Images/MCP/mcp-5.png	/mirror/23/239de11d2a91ddb7005147d0638732778638a74f.webp
https://raw.githubusercontent.com/wesammustafa/Claude-Code-Everything-You-Need-to-Know/d9e93740193aeae2cd661c7ddf6f0c8f8989860b/Images/Orchestration.png	/mirror/dc/dc3cd88620ceda7afa6c87ac41b1c6a8402c59e4.webp
https://raw.githubusercontent.com/wesammustafa/Claude-Code-Everything-You-Need-to-Know/d9e93740193aeae2cd661c7ddf6f0c8f8989860b/Images/Subagents.png	/mirror/ee/ee82d54dcec33c54aa14fc233295465b9c277ff3.webp
https://raw.githubusercontent.com/wesammustafa/Claude-Code-Everything-You-Need-to-Know/d9e93740193aeae2cd661c7ddf6f0c8f8989860b/Images/accept-edit-mode.png	/mirror/6f/6ff3ac897229f33e76bc4c44703ab2e7d00d078a.webp
https://raw.githubusercontent.com/wesammustafa/Claude-Code-Everything-You-Need-to-Know/d9e93740193aeae2cd661c7ddf6f0c8f8989860b/Images/agents-prompt.png	/mirror/a9/a9d3104b10602f9c63bd22d3371bac7b6e42c239.webp
https://raw.githubusercontent.com/wesammustafa/Claude-Code-Everything-You-Need-to-Know/d9e93740193aeae2cd661c7ddf6f0c8f8989860b/Images/claude-jumping.svg	/mirror/71/71ef5c95db1d3632efbbf91ec4cba28c4699de1f.svg
https://raw.githubusercontent.com/wesammustafa/Claude-Code-Everything-You-Need-to-Know/d9e93740193aeae2cd661c7ddf6f0c8f8989860b/Images/hooks-workflow.png	/mirror/bb/bbbb04df6d090b3a9734a3ef029ca95574a47f30.webp
https://raw.githubusercontent.com/wesammustafa/Claude-Code-Everything-You-Need-to-Know/d9e93740193aeae2cd661c7ddf6f0c8f8989860b/Images/plan-mode.png	/mirror/c3/c35d288c9ee7d3b556698f7b8c5a64ea5b0b8cbe.webp
https://raw.githubusercontent.com/wesammustafa/Claude-Code-Everything-You-Need-to-Know/d9e93740193aeae2cd661c7ddf6f0c8f8989860b/Images/skill-resolution.svg	/mirror/8b/8be144b7ccaaa16f7c49767df2f43cd0818129d3.svg
https://raw.githubusercontent.com/wesammustafa/Claude-Code-Everything-You-Need-to-Know/d9e93740193aeae2cd661c7ddf6f0c8f8989860b/Images/work-trees.png	/mirror/1d/1d6fab19a3c6a17c9e78d44469270f8d53a3b6fc.webp
https://raw.githubusercontent.com/zhiyue/vibe-coding-guide/ee8434ce526f629e0ca4ce00f6a66be6372327ac/images/daily-quote-first-version.png	/mirror/66/664d4bdbe385e99b103265293ae349abd841ba69.webp
https://raw.githubusercontent.com/zhiyue/vibe-coding-guide/ee8434ce526f629e0ca4ce00f6a66be6372327ac/images/glm-coding-plan.png	/mirror/11/112bb717615b969e77af98b53af3e89b40f5a658.webp
https://raw.githubusercontent.com/zhiyue/vibe-coding-guide/ee8434ce526f629e0ca4ce00f6a66be6372327ac/images/minimax-coding-plan.png	/mirror/08/087d3029525dbb9282202818f7aa1fcfa2bcc658.webp
https://raw.githubusercontent.com/zhiyue/vibe-coding-guide/ee8434ce526f629e0ca4ce00f6a66be6372327ac/images/volcengine-coding-plan.png	/mirror/d3/d3965446dee7c76c57118453b52a05fcc6a7d35e.webp
https://raw.githubusercontent.com/zorost/AI-Engineering-Lab/cdd8dbdf559f72211a7c068e8877918441531e52/assets/diagrams/lab-case.png	/mirror/1d/1d3e39bcb608c06b9e5b3579db19909568e3e1ee.webp
https://raw.githubusercontent.com/zorost/AI-Engineering-Lab/cdd8dbdf559f72211a7c068e8877918441531e52/assets/diagrams/lab-framework.png	/mirror/36/36df037dd825b60a706140e1cd911960057ff60a.webp
https://raw.githubusercontent.com/zorost/AI-Engineering-Lab/cdd8dbdf559f72211a7c068e8877918441531e52/assets/diagrams/lab-journey.png	/mirror/06/068f0a31d146e63bc28309f7837b3c134c0a08eb.webp
https://raw.githubusercontent.com/zorost/AI-Engineering-Lab/cdd8dbdf559f72211a7c068e8877918441531e52/assets/diagrams/lab-map.png	/mirror/d4/d47f468a4b92a88b50967f650c1dd743350a3f05.webp
https://raw.githubusercontent.com/zorost/AI-Engineering-Lab/cdd8dbdf559f72211a7c068e8877918441531e52/assets/diagrams/lab-stack.png	/mirror/99/999e3c74a90da6ac35a628c752c1784744d61e08.webp
https://raw.githubusercontent.com/zorost/AI-Engineering-Lab/cdd8dbdf559f72211a7c068e8877918441531e52/assets/diagrams/lab-week.png	/mirror/cf/cf3968a05bbbc9583c05f9fb2744fa7986ec2ecd.webp
https://raw.githubusercontent.com/zorost/AI-Engineering-Lab/cdd8dbdf559f72211a7c068e8877918441531e52/assets/diagrams/site-preview.png	/mirror/67/671a26bfd2269723ebfe4b8cf1471be37ede13dc.webp
